TITLE,Taq temp test HEPES 10-28-2020,,
DATA TYPE,,,
ORIGIN,JASCO,,
OWNER,,,
DATE,20/10/28,,
TIME,20:38:32,,
SPECTROMETER/DATA SYSTEM,,,
LOCALE,1033,,
RESOLUTION,,,
DELTAX,-0.1,,
XUNITS,NANOMETERS,,
YUNITS,CD [mdeg],,
Y2UNITS,HT [V],,
Y3UNITS,ABSORBANCE,,
FIRSTX,300,,
LASTX,190,,
NPOINTS,1101,,
FIRSTY,0.69182,,
MAXY,1.20277,,
MINY,-4.83543,,
XYDATA,,,
300,0.69182,258.506,0.804426
299.9,0.728299,258.506,0.80443
299.8,0.700994,258.507,0.804443
299.7,0.684373,258.481,0.804128
299.6,0.584004,258.513,0.804509
299.5,0.596352,258.534,0.80476
299.4,0.611508,258.526,0.804663
299.3,0.563745,258.523,0.804631
299.2,0.54209,258.507,0.804442
299.1,0.428573,258.491,0.804245
299,0.364458,258.489,0.804228
298.9,0.4077,258.48,0.80412
298.8,0.407522,258.444,0.803684
298.7,0.470267,258.375,0.802864
298.6,0.330003,258.366,0.802747
298.5,0.266796,258.37,0.802804
298.4,0.314923,258.377,0.802883
298.3,0.21026,258.378,0.80289
298.2,0.306921,258.353,0.802595
298.1,0.244151,258.356,0.802635
298,0.199488,258.362,0.802707
297.9,0.25563,258.376,0.802871
297.8,0.189157,258.369,0.802785
297.7,0.221176,258.352,0.802581
297.6,0.24655,258.322,0.802227
297.5,0.325071,258.311,0.802088
297.4,0.395066,258.31,0.80208
297.3,0.444127,258.311,0.80209
297.2,0.465355,258.334,0.802363
297.1,0.494745,258.308,0.802062
297,0.455588,258.323,0.802235
296.9,0.507268,258.334,0.802365
296.8,0.567297,258.335,0.802375
296.7,0.471226,258.335,0.802378
296.6,0.486287,258.314,0.802128
296.5,0.511412,258.326,0.802274
296.4,0.481536,258.313,0.802115
296.3,0.499579,258.304,0.802012
296.2,0.522398,258.307,0.80205
296.1,0.509481,258.29,0.801843
296,0.489164,258.275,0.801664
295.9,0.507376,258.253,0.801393
295.8,0.480154,258.217,0.800964
295.7,0.407826,258.212,0.800903
295.6,0.381721,258.164,0.800336
295.5,0.27841,258.17,0.800407
295.4,0.34998,258.142,0.800074
295.3,0.395819,258.094,0.79949
295.2,0.343166,258.074,0.799258
295.1,0.409706,258.067,0.799164
295,0.433925,258.049,0.798951
294.9,0.488158,258.045,0.798907
294.8,0.557104,258.053,0.799
294.7,0.507674,258.027,0.798685
294.6,0.614067,258.02,0.798611
294.5,0.582859,258.014,0.798533
294.4,0.535578,257.999,0.798355
294.3,0.543951,258.002,0.798387
294.2,0.549859,258.002,0.798389
294.1,0.562029,258,0.798364
294,0.599573,257.98,0.798124
293.9,0.578305,257.96,0.797888
293.8,0.558802,257.988,0.798222
293.7,0.547889,257.967,0.797971
293.6,0.609152,257.965,0.797944
293.5,0.564509,257.95,0.797761
293.4,0.548365,257.952,0.797796
293.3,0.528242,257.958,0.797858
293.2,0.479304,257.978,0.798103
293.1,0.438622,257.95,0.797768
293,0.457388,257.924,0.797452
292.9,0.443554,257.871,0.796815
292.8,0.407694,257.876,0.796875
292.7,0.357949,257.849,0.796551
292.6,0.480141,257.824,0.796257
292.5,0.518217,257.792,0.795876
292.4,0.51494,257.742,0.795276
292.3,0.490228,257.709,0.794873
292.2,0.518676,257.682,0.794546
292.1,0.608046,257.661,0.794303
292,0.59577,257.602,0.79359
291.9,0.53474,257.531,0.792734
291.8,0.42341,257.46,0.791888
291.7,0.480861,257.378,0.790898
291.6,0.480268,257.313,0.790122
291.5,0.467684,257.222,0.789024
291.4,0.507224,257.127,0.787881
291.3,0.447441,257.104,0.787606
291.2,0.331313,257.096,0.787514
291.1,0.423718,257.113,0.787717
291,0.511249,257.141,0.788056
290.9,0.483735,257.211,0.788895
290.8,0.505287,257.254,0.789415
290.7,0.512725,257.325,0.790266
290.6,0.525607,257.425,0.79146
290.5,0.50195,257.514,0.792539
290.4,0.475344,257.568,0.793185
290.3,0.520866,257.598,0.793546
290.2,0.491485,257.645,0.794108
290.1,0.453137,257.677,0.794496
290,0.572636,257.688,0.794619
289.9,0.597686,257.704,0.794815
289.8,0.636322,257.714,0.794932
289.7,0.726167,257.689,0.794635
289.6,0.838658,257.704,0.794814
289.5,0.885257,257.726,0.795077
289.4,0.926512,257.717,0.794971
289.3,0.867611,257.729,0.795118
289.2,0.851558,257.744,0.795298
289.1,0.792525,257.725,0.795067
289,0.756092,257.699,0.794752
288.9,0.695078,257.695,0.79471
288.8,0.568016,257.693,0.794688
288.7,0.509655,257.694,0.794692
288.6,0.384641,257.691,0.794661
288.5,0.33704,257.653,0.794201
288.4,0.391588,257.649,0.79415
288.3,0.315257,257.667,0.794374
288.2,0.428432,257.671,0.794418
288.1,0.396071,257.657,0.794251
288,0.362042,257.638,0.794023
287.9,0.449096,257.609,0.793673
287.8,0.440106,257.586,0.793395
287.7,0.489282,257.578,0.793308
287.6,0.386382,257.56,0.79309
287.5,0.351383,257.499,0.792356
287.4,0.295892,257.478,0.792102
287.3,0.263667,257.487,0.79221
287.2,0.328245,257.483,0.792158
287.1,0.29147,257.481,0.792141
287,0.346532,257.488,0.792219
286.9,0.367063,257.48,0.79213
286.8,0.496242,257.461,0.7919
286.7,0.559556,257.462,0.791914
286.6,0.591814,257.473,0.792046
286.5,0.546245,257.454,0.791814
286.4,0.493657,257.455,0.791825
286.3,0.454873,257.483,0.792159
286.2,0.488333,257.466,0.791954
286.1,0.549319,257.471,0.792019
286,0.456859,257.476,0.792075
285.9,0.401811,257.493,0.792284
285.8,0.50719,257.468,0.791978
285.7,0.56121,257.437,0.791613
285.6,0.530574,257.426,0.79148
285.5,0.471039,257.442,0.791668
285.4,0.357951,257.434,0.791573
285.3,0.352333,257.426,0.791477
285.2,0.336235,257.406,0.79123
285.1,0.357462,257.392,0.791063
285,0.316454,257.387,0.791003
284.9,0.27988,257.41,0.79129
284.8,0.365458,257.405,0.79122
284.7,0.446087,257.385,0.790979
284.6,0.566112,257.36,0.790689
284.5,0.578991,257.354,0.790607
284.4,0.610661,257.363,0.790724
284.3,0.634003,257.339,0.790431
284.2,0.779304,257.336,0.790397
284.1,0.614204,257.333,0.790356
284,0.603012,257.331,0.790335
283.9,0.658857,257.315,0.790148
283.8,0.621811,257.307,0.790044
283.7,0.479992,257.319,0.790194
283.6,0.495569,257.335,0.790386
283.5,0.564569,257.34,0.790443
283.4,0.396546,257.352,0.790588
283.3,0.417436,257.351,0.79057
283.2,0.403751,257.357,0.79065
283.1,0.296672,257.349,0.79055
283,0.209303,257.324,0.790251
282.9,0.286502,257.303,0.790002
282.8,0.384783,257.277,0.789692
282.7,0.339241,257.265,0.789541
282.6,0.3724,257.278,0.789694
282.5,0.425337,257.296,0.789909
282.4,0.489588,257.28,0.789721
282.3,0.468308,257.28,0.78972
282.2,0.444609,257.317,0.790167
282.1,0.371164,257.302,0.789985
282,0.276846,257.273,0.789632
281.9,0.225706,257.279,0.789706
281.8,0.186533,257.225,0.789064
281.7,0.258852,257.211,0.788894
281.6,0.272707,257.17,0.788401
281.5,0.414685,257.141,0.788052
281.4,0.474912,257.128,0.787899
281.3,0.559329,257.134,0.78797
281.2,0.463066,257.126,0.787867
281.1,0.536591,257.102,0.787576
281,0.583348,257.106,0.787631
280.9,0.563385,257.081,0.787333
280.8,0.514717,257.086,0.787384
280.7,0.493932,257.09,0.787438
280.6,0.56047,257.064,0.787127
280.5,0.496455,257.049,0.786941
280.4,0.557175,257.055,0.787013
280.3,0.594682,257.061,0.787086
280.2,0.504883,257.062,0.787099
280.1,0.395212,257.033,0.78675
280,0.398547,257.003,0.786395
279.9,0.375582,257.015,0.786533
279.8,0.249819,257.003,0.78639
279.7,0.319373,257.014,0.786526
279.6,0.238149,257.021,0.786602
279.5,0.320576,256.984,0.786157
279.4,0.234239,256.951,0.785769
279.3,0.252551,256.982,0.786136
279.2,0.385388,256.988,0.786209
279.1,0.373617,256.955,0.785813
279,0.394522,256.953,0.785789
278.9,0.348867,256.921,0.7854
278.8,0.5458,256.897,0.785117
278.7,0.456125,256.915,0.78533
278.6,0.453451,256.92,0.78539
278.5,0.543111,256.895,0.785094
278.4,0.525015,256.899,0.785137
278.3,0.65532,256.928,0.785493
278.2,0.781438,256.911,0.785287
278.1,0.792067,256.917,0.785357
278,0.641131,256.936,0.785586
277.9,0.709106,256.92,0.785391
277.8,0.705442,256.903,0.785188
277.7,0.613933,256.914,0.785315
277.6,0.590471,256.91,0.785271
277.5,0.616729,256.893,0.785068
277.4,0.474055,256.875,0.784857
277.3,0.393349,256.869,0.784777
277.2,0.364822,256.842,0.784459
277.1,0.355812,256.802,0.783967
277,0.436003,256.823,0.784225
276.9,0.46898,256.81,0.784068
276.8,0.473029,256.793,0.78386
276.7,0.356245,256.773,0.78362
276.6,0.35019,256.784,0.783759
276.5,0.461371,256.794,0.783879
276.4,0.462592,256.79,0.78383
276.3,0.445994,256.787,0.783788
276.2,0.424149,256.763,0.783501
276.1,0.325833,256.734,0.783151
276,0.275636,256.724,0.783039
275.9,0.382001,256.735,0.783166
275.8,0.297456,256.715,0.782922
275.7,0.275171,256.717,0.782952
275.6,0.208956,256.725,0.783042
275.5,0.338211,256.718,0.782964
275.4,0.367758,256.747,0.783312
275.3,0.413774,256.751,0.783361
275.2,0.493838,256.747,0.783311
275.1,0.556829,256.732,0.783132
275,0.644194,256.735,0.783167
274.9,0.584132,256.738,0.783205
274.8,0.585473,256.706,0.782823
274.7,0.62301,256.676,0.782459
274.6,0.624592,256.621,0.781799
274.5,0.618074,256.594,0.78147
274.4,0.509218,256.582,0.781327
274.3,0.592995,256.582,0.781323
274.2,0.532886,256.55,0.78094
274.1,0.523226,256.534,0.780746
274,0.53794,256.525,0.780643
273.9,0.418917,256.52,0.780579
273.8,0.436771,256.531,0.780709
273.7,0.372107,256.514,0.780504
273.6,0.332229,256.519,0.78056
273.5,0.325227,256.469,0.779957
273.4,0.286287,256.47,0.779969
273.3,0.224708,256.482,0.780113
273.2,0.22535,256.476,0.780052
273.1,0.281204,256.477,0.780061
273,0.370615,256.47,0.77997
272.9,0.365144,256.514,0.780509
272.8,0.443493,256.524,0.780621
272.7,0.402555,256.537,0.780786
272.6,0.457925,256.543,0.780857
272.5,0.460954,256.516,0.780531
272.4,0.480964,256.511,0.780473
272.3,0.43711,256.519,0.780561
272.2,0.339829,256.518,0.78055
272.1,0.352668,256.506,0.780403
272,0.297878,256.502,0.780364
271.9,0.261493,256.501,0.780343
271.8,0.2615,256.515,0.780512
271.7,0.206693,256.511,0.780474
271.6,0.157399,256.517,0.780537
271.5,0.158653,256.481,0.780108
271.4,0.183233,256.462,0.779873
271.3,0.181956,256.447,0.779692
271.2,0.26132,256.443,0.779646
271.1,0.232425,256.442,0.779636
271,0.201637,256.446,0.779691
270.9,0.18761,256.468,0.779953
270.8,0.164992,256.476,0.780051
270.7,0.16739,256.522,0.780597
270.6,0.147824,256.534,0.780741
270.5,0.114611,256.539,0.780805
270.4,0.129892,256.557,0.781027
270.3,0.153764,256.559,0.781041
270.2,0.18286,256.561,0.781071
270.1,0.229407,256.559,0.781052
270,0.292807,256.557,0.781027
269.9,0.345458,256.539,0.780811
269.8,0.294228,256.544,0.78087
269.7,0.416768,256.525,0.780643
269.6,0.43708,256.533,0.780733
269.5,0.389416,256.534,0.780747
269.4,0.509915,256.519,0.780563
269.3,0.454332,256.508,0.780432
269.2,0.339546,256.527,0.780656
269.1,0.367562,256.516,0.780535
269,0.409093,256.536,0.780772
268.9,0.430224,256.522,0.780597
268.8,0.323868,256.562,0.78108
268.7,0.36789,256.585,0.781359
268.6,0.406902,256.599,0.781523
268.5,0.418423,256.63,0.781905
268.4,0.464786,256.64,0.782027
268.3,0.376316,256.666,0.782336
268.2,0.403928,256.668,0.782361
268.1,0.25668,256.678,0.782476
268,0.31919,256.688,0.782596
267.9,0.298101,256.645,0.782077
267.8,0.194569,256.651,0.78215
267.7,0.169745,256.641,0.782029
267.6,0.18328,256.618,0.781753
267.5,0.285371,256.606,0.781614
267.4,0.314823,256.595,0.781477
267.3,0.46883,256.594,0.781473
267.2,0.328371,256.596,0.781487
267.1,0.38323,256.642,0.782052
267,0.31279,256.661,0.782275
266.9,0.312153,256.701,0.782752
266.8,0.347606,256.728,0.783079
266.7,0.342915,256.731,0.783122
266.6,0.302657,256.769,0.783581
266.5,0.336304,256.803,0.783984
266.4,0.347403,256.823,0.784226
266.3,0.376327,256.836,0.784387
266.2,0.2363,256.828,0.784283
266.1,0.224151,256.833,0.784342
266,0.229969,256.846,0.784504
265.9,0.117655,256.853,0.784583
265.8,0.136721,256.896,0.7851
265.7,0.0804854,256.908,0.785254
265.6,-0.00111688,256.925,0.785449
265.5,0.0842234,256.91,0.785275
265.4,0.0662819,256.944,0.785686
265.3,0.0930724,256.955,0.785817
265.2,0.13502,256.976,0.786061
265.1,0.253728,257.008,0.786451
265,0.284771,257.008,0.786449
264.9,0.237831,256.985,0.786179
264.8,0.279946,257.028,0.786691
264.7,0.299518,257.088,0.787413
264.6,0.350524,257.091,0.787447
264.5,0.409997,257.106,0.787626
264.4,0.331379,257.125,0.787858
264.3,0.257695,257.143,0.788078
264.2,0.100504,257.174,0.788442
264.1,0.174285,257.199,0.788752
264,0.282207,257.185,0.788581
263.9,0.257227,257.14,0.788035
263.8,0.211385,257.181,0.788533
263.7,0.155656,257.172,0.788419
263.6,0.175761,257.171,0.788414
263.5,0.131621,257.193,0.788682
263.4,0.0970097,257.192,0.788665
263.3,0.00655183,257.228,0.789101
263.2,-0.00522055,257.256,0.78943
263.1,-0.0588757,257.266,0.789558
263,-0.043239,257.3,0.789961
262.9,-0.0363124,257.347,0.79053
262.8,-0.0496684,257.394,0.791095
262.7,-0.000889065,257.401,0.791181
262.6,0.167188,257.443,0.791682
262.5,0.137546,257.446,0.791718
262.4,0.0662016,257.5,0.792362
262.3,0.0163836,257.539,0.79283
262.2,-0.00349374,257.549,0.792953
262.1,0.010897,257.57,0.793206
262,-0.0616023,257.598,0.793538
261.9,-0.0186312,257.612,0.793708
261.8,-0.183495,257.635,0.793986
261.7,-0.146599,257.639,0.79403
261.6,-0.0329575,257.659,0.794275
261.5,0.123383,257.659,0.794277
261.4,0.196559,257.683,0.794568
261.3,0.1936,257.699,0.794752
261.2,0.250915,257.686,0.794598
261.1,0.337004,257.715,0.794943
261,0.365384,257.734,0.795176
260.9,0.421971,257.76,0.79549
260.8,0.323492,257.767,0.795573
260.7,0.328546,257.797,0.795931
260.6,0.385316,257.794,0.795889
260.5,0.427019,257.801,0.795984
260.4,0.45146,257.847,0.796531
260.3,0.316687,257.868,0.79678
260.2,0.360009,257.878,0.796901
260.1,0.271852,257.935,0.797585
260,0.285316,257.971,0.79802
259.9,0.204221,258.007,0.798454
259.8,0.0937017,258.036,0.7988
259.7,-0.00239345,258.062,0.79911
259.6,-0.110371,258.121,0.799815
259.5,-0.120546,258.138,0.800016
259.4,-0.070135,258.181,0.800539
259.3,0.00932585,258.196,0.800712
259.2,-0.0809834,258.204,0.800813
259.1,-0.0801217,258.234,0.801169
259,-0.0246578,258.231,0.801138
258.9,0.140141,258.301,0.801973
258.8,0.22358,258.339,0.802422
258.7,0.285478,258.384,0.802962
258.6,0.316481,258.409,0.803262
258.5,0.320077,258.418,0.803375
258.4,0.394918,258.479,0.804102
258.3,0.3367,258.526,0.804662
258.2,0.498291,258.557,0.805033
258.1,0.418748,258.599,0.805538
258,0.31497,258.634,0.805962
257.9,0.398692,258.682,0.806533
257.8,0.339751,258.731,0.807126
257.7,0.273241,258.798,0.807921
257.6,0.380818,258.8,0.807947
257.5,0.511759,258.803,0.807983
257.4,0.384247,258.833,0.808337
257.3,0.367629,258.844,0.808467
257.2,0.514663,258.875,0.808845
257.1,0.520609,258.874,0.808836
257,0.402065,258.885,0.808965
256.9,0.385725,258.882,0.80893
256.8,0.334793,258.906,0.809213
256.7,0.324712,258.949,0.809722
256.6,0.250429,258.976,0.810051
256.5,0.251715,258.991,0.810232
256.4,0.20165,259.005,0.810397
256.3,0.184133,259.054,0.810977
256.2,0.165344,259.118,0.811746
256.1,0.199406,259.152,0.812152
256,0.116176,259.184,0.81253
255.9,0.177805,259.22,0.812966
255.8,0.27926,259.252,0.813342
255.7,0.146264,259.285,0.813747
255.6,0.150122,259.318,0.81414
255.5,0.0994996,259.326,0.814227
255.4,0.199198,259.329,0.814264
255.3,0.174859,259.343,0.81443
255.2,0.219401,259.342,0.814422
255.1,0.132332,259.363,0.814672
255,0.0296989,259.396,0.815064
254.9,0.106058,259.4,0.815111
254.8,0.165104,259.428,0.815445
254.7,0.125202,259.467,0.815911
254.6,0.0724474,259.494,0.816238
254.5,0.0766731,259.533,0.816701
254.4,0.180763,259.558,0.816995
254.3,0.198509,259.587,0.817348
254.2,0.217952,259.626,0.817807
254.1,0.218012,259.646,0.818047
254,0.110699,259.687,0.818539
253.9,0.138629,259.712,0.818842
253.8,0.148219,259.746,0.819242
253.7,0.119733,259.785,0.819706
253.6,0.198918,259.806,0.819961
253.5,0.243031,259.842,0.820391
253.4,0.178332,259.88,0.820836
253.3,0.25414,259.91,0.821193
253.2,0.338774,259.924,0.821362
253.1,0.412851,259.961,0.821808
253,0.378368,260,0.822276
252.9,0.403912,260.017,0.822469
252.8,0.318578,260.029,0.822616
252.7,0.220613,260.052,0.822892
252.6,0.290079,260.067,0.823072
252.5,0.286652,260.116,0.823648
252.4,0.224212,260.172,0.824324
252.3,0.218625,260.205,0.824711
252.2,0.201835,260.216,0.82484
252.1,0.281128,260.265,0.825429
252,0.290809,260.344,0.826371
251.9,0.293635,260.372,0.826696
251.8,0.336324,260.379,0.826787
251.7,0.323721,260.415,0.827209
251.6,0.265404,260.429,0.827384
251.5,0.279816,260.44,0.827504
251.4,0.199579,260.483,0.828019
251.3,0.13228,260.494,0.828149
251.2,0.00841056,260.518,0.828433
251.1,0.101964,260.549,0.8288
251,0.157955,260.593,0.829328
250.9,0.0515481,260.594,0.829342
250.8,0.0965249,260.614,0.829576
250.7,0.11214,260.661,0.830139
250.6,0.250239,260.67,0.830247
250.5,0.240272,260.714,0.830768
250.4,0.320418,260.705,0.830656
250.3,0.241905,260.737,0.831045
250.2,0.156021,260.756,0.831269
250.1,0.14852,260.774,0.831482
250,0.138483,260.789,0.831658
249.9,0.0686048,260.793,0.83171
249.8,0.066935,260.789,0.831665
249.7,0.112627,260.802,0.831818
249.6,0.0850484,260.821,0.832036
249.5,0.0999348,260.826,0.832099
249.4,0.0648578,260.808,0.831882
249.3,0.100388,260.82,0.83203
249.2,0.161501,260.87,0.832619
249.1,0.24733,260.877,0.832704
249,0.228249,260.901,0.832993
248.9,0.181178,260.936,0.833407
248.8,0.19723,260.951,0.833583
248.7,0.202174,260.938,0.833431
248.6,0.122618,260.972,0.833828
248.5,-0.0829495,261.009,0.834274
248.4,-0.024294,260.987,0.834011
248.3,-0.0625829,260.999,0.834149
248.2,-0.0855003,260.994,0.834098
248.1,0.0266822,260.974,0.833861
248,0.0218478,260.97,0.833804
247.9,0.135562,260.984,0.833978
247.8,0.309415,261.037,0.834601
247.7,0.417644,261.069,0.834983
247.6,0.394002,261.123,0.835629
247.5,0.318831,261.19,0.836425
247.4,0.203064,261.247,0.837095
247.3,0.281878,261.347,0.838288
247.2,0.187473,261.414,0.839077
247.1,0.212584,261.489,0.839964
247,0.178004,261.556,0.840757
246.9,0.187809,261.554,0.840739
246.8,0.0448447,261.597,0.841243
246.7,-0.0111615,261.64,0.841758
246.6,0.0270717,261.686,0.842307
246.5,0.0809039,261.703,0.84251
246.4,-0.00493794,261.74,0.842943
246.3,0.031003,261.785,0.843474
246.2,-0.0445024,261.81,0.843767
246.1,-0.0727343,261.852,0.844266
246,-0.0248349,261.894,0.844772
245.9,0.159639,261.916,0.845025
245.8,0.128092,261.956,0.8455
245.7,0.156169,261.986,0.845859
245.6,0.13129,262.014,0.846185
245.5,0.115437,262.041,0.84651
245.4,0.184678,262.058,0.846712
245.3,0.163012,262.074,0.846901
245.2,0.0477489,262.115,0.847381
245.1,-0.018006,262.169,0.848023
245,-0.00106148,262.188,0.848252
244.9,0.0334087,262.185,0.848211
244.8,0.0863174,262.194,0.848324
244.7,-0.0911603,262.231,0.848752
244.6,-0.108282,262.255,0.849037
244.5,-0.0831196,262.29,0.84945
244.4,-0.0576113,262.323,0.84984
244.3,-0.0482558,262.34,0.850051
244.2,-0.127347,262.367,0.850362
244.1,-0.0438353,262.395,0.850694
244,-0.00865354,262.402,0.850784
243.9,0.098375,262.438,0.851206
243.8,0.238117,262.492,0.851846
243.7,0.260798,262.53,0.852289
243.6,0.202376,262.563,0.852685
243.5,0.173005,262.595,0.853062
243.4,0.181355,262.652,0.853729
243.3,0.106693,262.701,0.854308
243.2,0.0163201,262.777,0.855212
243.1,-0.150118,262.842,0.855975
243,-0.0970109,262.896,0.856618
242.9,-0.14124,262.911,0.856796
242.8,-0.270462,262.979,0.857597
242.7,-0.246301,263.033,0.858232
242.6,-0.248908,263.096,0.858976
242.5,-0.26396,263.134,0.859418
242.4,-0.237808,263.192,0.860106
242.3,-0.273287,263.246,0.860749
242.2,-0.319313,263.294,0.861317
242.1,-0.329399,263.357,0.862058
242,-0.330288,263.408,0.862651
241.9,-0.300122,263.507,0.863816
241.8,-0.301739,263.564,0.864497
241.7,-0.3809,263.639,0.86538
241.6,-0.340227,263.721,0.866346
241.5,-0.233584,263.779,0.86703
241.4,-0.202202,263.85,0.867863
241.3,-0.168135,263.911,0.868577
241.2,-0.126283,263.974,0.869315
241.1,-0.246248,264.033,0.870014
241,-0.177124,264.107,0.870885
240.9,-0.110048,264.178,0.871714
240.8,-0.08057,264.239,0.872439
240.7,-0.270823,264.312,0.873297
240.6,-0.217731,264.38,0.874093
240.5,-0.15534,264.452,0.874945
240.4,-0.207299,264.525,0.875802
240.3,-0.14742,264.631,0.877042
240.2,-0.153425,264.705,0.877915
240.1,-0.243993,264.792,0.87893
240,-0.155119,264.838,0.879472
239.9,-0.00247252,264.889,0.880065
239.8,-0.0208944,264.988,0.881229
239.7,-0.205629,265.137,0.882974
239.6,-0.194302,265.221,0.883959
239.5,-0.219808,265.303,0.884922
239.4,-0.304641,265.39,0.885941
239.3,-0.378853,265.498,0.887202
239.2,-0.500671,265.613,0.888552
239.1,-0.534234,265.729,0.889909
239,-0.540899,265.803,0.890777
238.9,-0.463177,265.903,0.891946
238.8,-0.532048,266.012,0.893218
238.7,-0.600011,266.147,0.894804
238.6,-0.536861,266.274,0.896287
238.5,-0.660146,266.357,0.897257
238.4,-0.677172,266.471,0.898581
238.3,-0.718363,266.564,0.899665
238.2,-0.835718,266.666,0.900855
238.1,-0.922059,266.737,0.901692
238,-0.895087,266.821,0.902666
237.9,-0.865441,266.901,0.903595
237.8,-1.02311,266.974,0.904445
237.7,-0.917648,267.066,0.90552
237.6,-0.834468,267.159,0.906604
237.5,-0.823995,267.255,0.907719
237.4,-0.908714,267.352,0.90885
237.3,-0.852287,267.465,0.910167
237.2,-0.902117,267.544,0.911088
237.1,-0.905647,267.65,0.912321
237,-0.795425,267.742,0.913392
236.9,-0.898547,267.854,0.914694
236.8,-0.940939,267.972,0.916063
236.7,-1.07505,268.076,0.917275
236.6,-1.08821,268.217,0.918905
236.5,-1.14346,268.29,0.919755
236.4,-1.15899,268.387,0.92088
236.3,-1.21633,268.516,0.922382
236.2,-1.2381,268.639,0.923808
236.1,-1.20993,268.737,0.924941
236,-1.23591,268.852,0.926273
235.9,-1.17987,268.946,0.927363
235.8,-1.25666,269.078,0.928895
235.7,-1.29031,269.205,0.930362
235.6,-1.24074,269.35,0.932037
235.5,-1.26806,269.447,0.933163
235.4,-1.19208,269.554,0.934404
235.3,-1.2676,269.689,0.935962
235.2,-1.26217,269.835,0.937653
235.1,-1.23391,269.954,0.939023
235,-1.20476,270.055,0.940194
234.9,-1.19836,270.172,0.941543
234.8,-1.18105,270.32,0.943246
234.7,-1.30365,270.449,0.944736
234.6,-1.35756,270.589,0.946354
234.5,-1.40481,270.708,0.947726
234.4,-1.49172,270.884,0.949749
234.3,-1.56441,271.037,0.951509
234.2,-1.61179,271.182,0.953181
234.1,-1.43471,271.351,0.955127
234,-1.57907,271.533,0.957217
233.9,-1.60847,271.69,0.959024
233.8,-1.62486,271.805,0.960339
233.7,-1.70931,271.922,0.96168
233.6,-1.68597,272.063,0.963302
233.5,-1.71423,272.138,0.964157
233.4,-1.69614,272.265,0.965613
233.3,-1.7061,272.382,0.966954
233.2,-1.7477,272.514,0.968468
233.1,-1.73831,272.649,0.97002
233,-1.79762,272.802,0.971775
232.9,-1.68606,272.963,0.973612
232.8,-1.66466,273.177,0.976063
232.7,-1.69755,273.312,0.977599
232.6,-1.927,273.535,0.980155
232.5,-1.94501,273.725,0.98232
232.4,-2.05351,273.85,0.983747
232.3,-2.14083,274.079,0.986359
232.2,-2.1871,274.216,0.987927
232.1,-2.24514,274.471,0.990828
232,-2.31738,274.631,0.99265
231.9,-2.26029,274.738,0.993871
231.8,-2.22254,274.864,0.995302
231.7,-2.33295,275.026,0.997143
231.6,-2.40913,275.173,0.998816
231.5,-2.44057,275.291,1.00015
231.4,-2.42286,275.441,1.00186
231.3,-2.53375,275.624,1.00394
231.2,-2.58933,275.701,1.00481
231.1,-2.46659,275.838,1.00637
231,-2.39915,275.922,1.00732
230.9,-2.33275,276.033,1.00858
230.8,-2.32596,276.162,1.01004
230.7,-2.19352,276.29,1.0115
230.6,-2.21163,276.406,1.0128
230.5,-2.35004,276.504,1.01392
230.4,-2.23762,276.581,1.01479
230.3,-2.24691,276.674,1.01584
230.2,-2.43021,276.754,1.01674
230.1,-2.65907,276.868,1.01803
230,-2.77942,276.952,1.01898
229.9,-2.88948,277.055,1.02015
229.8,-2.79035,277.198,1.02177
229.7,-2.83527,277.344,1.02341
229.6,-2.78222,277.529,1.02551
229.5,-2.88143,277.726,1.02772
229.4,-2.81356,277.948,1.03023
229.3,-2.69767,278.19,1.03295
229.2,-2.78053,278.428,1.03563
229.1,-2.7398,278.688,1.03855
229,-2.76538,278.942,1.04141
228.9,-2.82414,279.181,1.04409
228.8,-2.80134,279.41,1.04667
228.7,-2.90167,279.654,1.0494
228.6,-2.90106,279.877,1.0519
228.5,-2.94514,280.155,1.05503
228.4,-2.84327,280.369,1.05742
228.3,-2.96627,280.589,1.05988
228.2,-2.88852,280.889,1.06323
228.1,-2.78329,281.118,1.06579
228,-2.91376,281.352,1.0684
227.9,-2.91239,281.573,1.07086
227.8,-3.03672,281.821,1.07364
227.7,-2.92375,282.039,1.07606
227.6,-2.93212,282.296,1.07892
227.5,-2.93995,282.516,1.08137
227.4,-3.02273,282.67,1.08308
227.3,-3.12397,282.903,1.08567
227.2,-3.24376,283.123,1.08811
227.1,-3.36762,283.294,1.09001
227,-3.4758,283.504,1.09234
226.9,-3.45072,283.696,1.09447
226.8,-3.548,283.891,1.09662
226.7,-3.65476,284.071,1.09862
226.6,-3.60062,284.331,1.1015
226.5,-3.57931,284.511,1.10349
226.4,-3.7257,284.734,1.10596
226.3,-3.71001,284.946,1.1083
226.2,-3.66271,285.186,1.11095
226.1,-3.70713,285.46,1.11397
226,-3.84628,285.735,1.117
225.9,-3.9443,285.981,1.1197
225.8,-4.067,286.208,1.12221
225.7,-4.05075,286.456,1.12493
225.6,-4.0106,286.712,1.12774
225.5,-3.93449,286.967,1.13055
225.4,-3.98695,287.215,1.13326
225.3,-3.85748,287.503,1.13642
225.2,-3.76649,287.761,1.13924
225.1,-3.61133,288.021,1.1421
225,-3.64472,288.258,1.14469
224.9,-3.77588,288.51,1.14744
224.8,-3.85053,288.741,1.14996
224.7,-3.96152,289.016,1.15297
224.6,-3.86909,289.263,1.15566
224.5,-3.95295,289.458,1.15778
224.4,-4.1443,289.702,1.16044
224.3,-4.20595,289.987,1.16354
224.2,-4.2224,290.26,1.16651
224.1,-4.1621,290.527,1.16942
224,-4.13361,290.808,1.17247
223.9,-3.95864,291.09,1.17553
223.8,-4.11533,291.387,1.17875
223.7,-4.27012,291.753,1.18272
223.6,-4.40489,292.098,1.18645
223.5,-4.44206,292.385,1.18955
223.4,-4.4178,292.672,1.19265
223.3,-4.419,293.054,1.19677
223.2,-4.50801,293.338,1.19984
223.1,-4.60057,293.655,1.20325
223,-4.54728,293.942,1.20634
222.9,-4.20815,294.273,1.2099
222.8,-4.23328,294.486,1.21219
222.7,-4.05244,294.802,1.21558
222.6,-4.09546,295.128,1.21908
222.5,-4.06766,295.492,1.22298
222.4,-4.00712,295.763,1.22588
222.3,-3.77155,296.078,1.22926
222.2,-3.81219,296.407,1.23277
222.1,-3.89019,296.724,1.23616
222,-4.06807,297.062,1.23977
221.9,-3.92424,297.417,1.24355
221.8,-3.95249,297.748,1.24707
221.7,-3.98248,298.088,1.25069
221.6,-3.9712,298.392,1.25392
221.5,-4.06131,298.764,1.25787
221.4,-4.03996,299.1,1.26144
221.3,-4.05171,299.475,1.26541
221.2,-4.18262,299.856,1.26944
221.1,-4.31167,300.227,1.27337
221,-4.49783,300.661,1.27795
220.9,-4.599,301.011,1.28164
220.8,-4.57754,301.441,1.28617
220.7,-4.52056,301.846,1.29044
220.6,-4.6013,302.153,1.29368
220.5,-4.60414,302.576,1.29812
220.4,-4.52138,302.978,1.30234
220.3,-4.47807,303.383,1.30659
220.2,-4.33566,303.819,1.31115
220.1,-4.02288,304.259,1.31575
220,-4.15118,304.578,1.31909
219.9,-4.13976,304.992,1.32341
219.8,-4.295,305.382,1.32748
219.7,-4.29085,305.795,1.33178
219.6,-4.41294,306.225,1.33626
219.5,-4.48448,306.54,1.33953
219.4,-4.47179,306.964,1.34393
219.3,-4.40279,307.39,1.34835
219.2,-4.60011,307.8,1.35259
219.1,-4.40659,308.223,1.35697
219,-4.34456,308.679,1.36169
218.9,-4.14184,309.161,1.36666
218.8,-3.98215,309.623,1.37143
218.7,-3.95872,310.091,1.37624
218.6,-4.05022,310.718,1.38269
218.5,-4.10922,311.198,1.38762
218.4,-4.14897,311.701,1.39278
218.3,-4.23356,312.208,1.39796
218.2,-4.24704,312.75,1.40351
218.1,-4.42588,313.413,1.41028
218,-4.43418,314.091,1.41718
217.9,-4.41784,314.651,1.42289
217.8,-4.36999,315.179,1.42824
217.7,-4.30995,315.931,1.43587
217.6,-4.18241,316.522,1.44186
217.5,-4.34012,317.236,1.44907
217.4,-3.99142,317.835,1.45511
217.3,-3.94229,318.594,1.46276
217.2,-4.11277,319.235,1.4692
217.1,-3.84145,319.877,1.47564
217,-3.90198,320.515,1.48204
216.9,-3.85113,320.978,1.48666
216.8,-3.92813,321.615,1.49302
216.7,-3.72377,322.271,1.49957
216.6,-3.80463,322.923,1.50606
216.5,-3.73818,323.591,1.5127
216.4,-3.61339,324.278,1.51952
216.3,-3.62102,324.964,1.52631
216.2,-3.59541,325.669,1.53328
216.1,-3.46376,326.172,1.53825
216,-3.45277,326.902,1.54544
215.9,-3.76253,327.594,1.55225
215.8,-4.01122,328.366,1.55983
215.7,-4.46002,329.122,1.56724
215.6,-4.6266,329.871,1.57456
215.5,-4.68881,330.617,1.58184
215.4,-4.77926,331.173,1.58727
215.3,-4.83543,331.968,1.595
215.2,-4.48407,332.766,1.60276
215.1,-4.45951,333.554,1.61039
215,-4.53628,334.379,1.61836
214.9,-4.67969,335.224,1.62652
214.8,-4.33549,336.084,1.63481
214.7,-4.16212,336.748,1.64119
214.6,-3.95726,337.617,1.64953
214.5,-3.80803,338.521,1.65818
214.4,-4.24764,339.419,1.66676
214.3,-4.08328,340.322,1.67537
214.2,-4.12098,341.259,1.68428
214.1,-3.98794,341.978,1.6911
214,-3.77677,342.895,1.69979
213.9,-4.07678,343.833,1.70865
213.8,-4.14218,344.785,1.71762
213.7,-3.84941,345.746,1.72666
213.6,-4.01403,346.725,1.73585
213.5,-3.87535,347.481,1.74293
213.4,-3.92566,348.504,1.75249
213.3,-3.77377,349.277,1.75969
213.2,-3.7801,350.332,1.76951
213.1,-3.71036,351.383,1.77927
213,-3.13598,352.486,1.78948
212.9,-3.57002,353.615,1.7999
212.8,-3.72149,354.739,1.81025
212.7,-3.74965,356.181,1.82349
212.6,-3.42725,357.327,1.83397
212.5,-3.76025,358.823,1.84762
212.4,-3.54187,360.071,1.85897
212.3,-3.75591,361.326,1.87036
212.2,-3.93168,362.879,1.88439
212.1,-3.69954,364.187,1.89618
212,-3.52505,365.507,1.90803
211.9,-3.27738,366.84,1.91997
211.8,-4.01886,368.213,1.93222
211.7,-3.9429,369.579,1.94438
211.6,-3.7376,370.608,1.95351
211.5,-3.82022,371.979,1.96565
211.4,-3.88962,373.421,1.97837
211.3,-3.85943,374.9,1.99138
211.2,-3.84499,376.353,2.00411
211.1,-3.53303,377.81,2.01684
211,-3.43431,379.302,2.02983
210.9,-3.45738,380.832,2.04311
210.8,-3.68919,382.419,2.05683
210.7,-3.60272,384.018,2.07062
210.6,-3.46779,385.594,2.08415
210.5,-3.48834,387.203,2.09792
210.4,-3.46502,388.843,2.11191
210.3,-3.76642,391.008,2.1303
210.2,-3.88736,392.711,2.1447
210.1,-4.04552,394.449,2.15935
210,-3.45338,396.656,2.17787
209.9,-3.69113,398.919,2.19678
209.8,-3.1127,400.783,2.21227
209.7,-3.59451,403.166,2.23201
209.6,-3.47404,405.081,2.24779
209.5,-3.51259,407.032,2.2638
209.4,-3.65054,408.51,2.27589
209.3,-3.53103,410.516,2.29224
209.2,-3.66543,412.028,2.30453
209.1,-3.69287,414.093,2.32124
209,-3.53431,416.184,2.33809
208.9,-3.7856,417.778,2.35088
208.8,-3.366,419.877,2.36768
208.7,-3.26784,422.011,2.38467
208.6,-3.28559,424.781,2.40662
208.5,-3.43393,427.605,2.42888
208.4,-3.71799,430.503,2.45159
208.3,-4.0296,433.438,2.47446
208.2,-3.80414,436.471,2.49796
208.1,-3.58201,438.964,2.51718
208,-3.66734,441.521,2.53678
207.9,-3.54957,444.068,2.55622
207.8,-3.22734,446.641,2.57576
207.7,-3.14723,448.641,2.59088
207.6,-2.64409,451.971,2.61594
207.5,-2.5033,454.028,2.63134
207.4,-2.8224,456.757,2.65168
207.3,-2.73694,459.54,2.67232
207.2,-2.55612,462.351,2.69305
207.1,-2.41624,465.198,2.71395
207,-2.26127,468.108,2.73519
206.9,-2.31016,471.049,2.75655
206.8,-1.75412,474.792,2.78357
206.7,-1.32651,477.838,2.80543
206.6,-1.41495,481.704,2.833
206.5,-1.14408,484.871,2.85545
206.4,-1.15281,488.112,2.87829
206.3,-0.753491,491.357,2.90104
206.2,-1.03732,494.702,2.92435
206.1,-1.24774,498.095,2.94786
206,-1.6438,501.555,2.9717
205.9,-1.98795,505.062,2.99572
205.8,-2.33535,508.667,3.02026
205.7,-2.36187,513.234,3.05114
205.6,-2.58079,517.899,3.08245
205.5,-2.97398,521.747,3.10809
205.4,-2.97422,525.652,3.13395
205.3,-2.70793,529.617,3.16004
205.2,-2.06206,533.65,3.18641
205.1,-1.40023,537.742,3.21299
205,-1.08496,541.913,3.23991
204.9,-0.768726,546.145,3.26704
204.8,-0.612946,551.578,3.30162
204.7,-0.176442,555.964,3.32932
204.6,0.121482,560.409,3.35721
204.5,-0.271083,564.946,3.38548
204.4,-0.305611,569.537,3.41389
204.3,-0.758637,575.42,3.45001
204.2,-0.395172,581.44,3.48665
204.1,-0.0125852,586.372,3.51643
204,-0.0576535,591.32,3.54609
203.9,-0.34371,596.405,3.57636
203.8,-0.0592301,601.594,3.60701
203.7,0.049398,605.502,3.62995
203.6,-0.103539,610.818,3.66096
203.5,-0.0395593,616.177,3.69198
203.4,-0.767689,621.638,3.72336
203.3,-0.855034,627.207,3.75512
203.2,-0.60548,632.835,3.78698
203.1,-0.402519,637.134,3.81115
203,-0.321458,642.926,3.84349
202.9,-0.285271,648.796,3.87602
202.8,-0.358095,654.83,3.90919
202.7,-0.648719,660.923,3.94243
202.6,-0.211592,668.731,3.98464
202.5,-0.390645,675.063,4.01857
202.4,-0.258492,683.201,4.06177
202.3,-0.622709,689.842,4.0967
202.2,-1.34217,698.3,4.14078
202.1,-1.02471,705.161,4.1762
202,-0.362912,712.156,4.21201
201.9,-0.260063,719.304,4.2483
201.8,-0.477058,726.536,4.28469
201.7,-0.572824,733.883,4.32136
201.6,-0.800105,741.405,4.35857
201.5,-0.655512,749.047,4.39605
201.4,-0.605037,756.859,4.43402
201.3,-0.319783,762.815,4.46275
201.2,-0.448336,770.88,4.50134
201.1,-0.599399,779.104,4.54034
201,-0.333815,789.601,4.58961
200.9,-0.177473,798.204,4.62958
200.8,0.428388,809.034,4.67936
200.7,0.435316,817.838,4.71942
200.6,0.557171,826.707,4.7594
200.5,0.685616,837.898,4.80933
200.4,0.486535,846.991,4.84947
200.3,0.81255,858.411,4.89937
200.2,0.574531,870.048,4.94964
200.1,0.733928,877.053,4.97961
200,0.281061,886.548,5.01993
199.9,0.568891,896.146,5.0603
199.8,1.02509,903.375,5.09046
199.7,0.385099,913.179,5.13104
199.6,0.00555591,923.041,5.17148
199.5,-0.30112,932.932,5.21167
199.4,-0.150414,942.948,5.252
199.3,-0.238654,955.537,5.30216
199.2,-0.375394,968.21,5.35209
199.1,-0.0997595,978.451,5.39202
199,-0.416179,991.311,5.44167
198.9,0.288071,1001.61,5.48103
198.8,0.454608,1014.64,5.53033
198.7,-0.0153697,1024.87,5.56864
198.6,-0.0465859,1034.9,5.60592
198.5,-0.786295,1044.22,5.64026
198.4,0.0657273,1052.51,5.67057
198.3,-0.0640822,1061.1,5.70179
198.2,-0.0797926,1066.62,5.72174
198.1,-0.0378033,1070.88,5.73706
198,0.196562,1073.91,5.74793
197.9,0.334204,1075.89,5.75502
197.8,0.309372,1076.76,5.75814
197.7,1.20277,1077.19,5.75965
197.6,0.589768,1077.31,5.7601
197.5,-0.0160554,1077.43,5.7605
197.4,-0.0955159,1077.55,5.76095
197.3,-0.450456,1077.63,5.76125
197.2,-0.148914,1077.7,5.7615
197.1,-0.564653,1077.77,5.76173
197,-0.54123,1077.84,5.76197
196.9,-0.172452,1077.9,5.7622
196.8,-0.0302969,1077.96,5.76242
196.7,0.0479834,1078.02,5.76263
196.6,0.285925,1078.04,5.76272
196.5,0.379379,1078.1,5.7629
196.4,0.721877,1078.14,5.76306
196.3,0.709924,1078.18,5.7632
196.2,-0.0311099,1078.24,5.7634
196.1,-0.020363,1078.25,5.76344
196,-0.353513,1078.26,5.7635
195.9,-0.928817,1078.29,5.76358
195.8,-0.982316,1078.31,5.76366
195.7,-1.15481,1078.3,5.76364
195.6,-0.971102,1078.34,5.76377
195.5,-0.760829,1078.36,5.76383
195.4,-0.467484,1078.33,5.76375
195.3,0.0625358,1078.34,5.76378
195.2,-0.291714,1078.36,5.76383
195.1,0.296019,1078.37,5.76389
195,0.264761,1078.36,5.76384
194.9,-0.154391,1078.4,5.764
194.8,0.0984939,1078.42,5.76405
194.7,-0.402374,1078.47,5.76424
194.6,-0.494365,1078.51,5.76439
194.5,-0.617161,1078.54,5.7645
194.4,-0.528547,1078.58,5.76461
194.3,-0.533838,1078.56,5.76455
194.2,-0.70153,1078.6,5.76469
194.1,-0.478521,1078.57,5.76459
194,-0.513957,1078.59,5.76465
193.9,-0.242312,1078.6,5.7647
193.8,-0.349537,1078.62,5.76476
193.7,-0.780337,1078.61,5.76472
193.6,-0.841543,1078.62,5.76477
193.5,-1.06969,1078.62,5.76477
193.4,-1.56076,1078.63,5.76479
193.3,-1.44886,1078.64,5.76486
193.2,-1.22926,1078.62,5.76479
193.1,-1.86086,1078.63,5.7648
193,-0.881578,1078.65,5.76489
192.9,-1.00376,1078.68,5.765
192.8,-1.2026,1078.67,5.76496
192.7,-0.466579,1078.71,5.76507
192.6,-0.641517,1078.7,5.76506
192.5,-0.846998,1078.69,5.76502
192.4,-0.82923,1078.7,5.76505
192.3,-0.885808,1078.68,5.765
192.2,-0.670495,1078.68,5.76498
192.1,-0.584851,1078.67,5.76497
192,-0.569777,1078.67,5.76494
191.9,-0.661352,1078.66,5.76492
191.8,-0.692724,1078.69,5.765
191.7,-0.703445,1078.69,5.76502
191.6,-0.618955,1078.7,5.76505
191.5,-0.584744,1078.69,5.76503
191.4,-0.361209,1078.7,5.76506
191.3,-1.03362,1078.72,5.76513
191.2,-0.864358,1078.72,5.76513
191.1,-0.829605,1078.72,5.76512
191,-0.471819,1078.75,5.76524
190.9,-0.890884,1078.77,5.7653
190.8,-1.22031,1078.77,5.76529
190.7,-0.767661,1078.78,5.76534
190.6,-0.117648,1078.76,5.76526
190.5,-0.23919,1078.75,5.76524
190.4,-0.147058,1078.78,5.76535
190.3,-0.975226,1078.74,5.76518
190.2,-0.826766,1078.75,5.76523
190.1,-0.111086,1078.76,5.76525
190,-0.845601,1078.78,5.76534
,,,
##### Extended Information,,,
[Comments],,,
Sample name,Taq temp test HEPES 10-28-2020,,
Comment,,,
User,,,
Division,,,
Company,Saint Mary's College,,
,,,
[Detailed Information],,,
Creation date,10/28/2020 19:38,,
,,,
Data array type,Linear data array * 3,,
Horizontal axis,Wavelength [nm],,
Vertical axis(1),CD [mdeg],,
Vertical axis(2),HT [V],,
Vertical axis(3),Abs,,
Start,300 nm,,
End,190 nm,,
Data interval,0.1 nm,,
Data points,1101,,
,,,
[Measurement Information],,,
Instrument name,J-1500,,
Model name,J-1500,,
Serial No.,B051061638,,
,,,
Detector,PM-539,,
Detector S/N,B051061638,,
  Lock-in amp.,X mode,,
  HT volt,Auto,,
,,,
Accessory,PTC-517,,
Accessory S/N,B026561646,,
  Control sensor,Holder,,
  Monitor sensor,Holder,,
  Start Mode,Keep target temperature +/-0.10 deg C while 5 seconds,,
,,,
Measurement date,10/28/2020 19:02,,
,,,
Photometric mode,CD, HT, Abs
Measure range,300 - 190 nm,,
Data pitch,0.1 nm,,
CD scale,20 mdeg/0.05 dOD,,
FL scale,20 mdeg/0.05 dOD,,
D.I.T.,1 sec,,
Bandwidth,1.00 nm,,
Start mode,Immediately,,
Scanning mode,Continuous,,
Scanning speed,50 nm/min,,
Baseline correction,None,,
Shutter control,Auto,,
Accumulations,1,,
,,,
Start temperature,20 C,,
End temperature,40 C,,
Ramp rate,1 C/min,,
Temp. ramp mode,Halt,,
