TITLE,Protein_AMSS
DATA TYPE,
ORIGIN,JASCO
OWNER,
DATE,22/09/27
TIME,14:37:36
SPECTROMETER/DATA SYSTEM,
LOCALE,1033
RESOLUTION,
DELTAX,-0.1
XUNITS,NANOMETERS
YUNITS,CD [mdeg]
Y2UNITS,HT [V]
Y3UNITS,ABSORBANCE
FIRSTX,320
LASTX,190
NPOINTS,1301
FIRSTY,0.0788
MAXY,35.46646
MINY,-73.42445
XYDATA,
320,4069.019774
319.9,10672.16755
319.8,14662.06277
319.7,2170.957093
319.6,10177.38436
319.5,5717.437541
319.4,4661.388786
319.3,3803.855368
319.2,3366.862891
319.1,12458.98176
319,9418.042227
318.9,3670.61015
318.8,13961.95656
318.7,15525.96059
318.6,6106.893813
318.5,-2479.789536
318.4,12843.50551
318.3,109.4454517
318.2,10310.0377
318.1,15479.39238
318,10983.36708
317.9,4294.318951
317.8,959.8251442
317.7,15805.57335
317.6,13714.05948
317.5,12597.77061
317.4,3550.276921
317.3,13330.99022
317.2,8816.946031
317.1,17845.86672
317,8182.59168
316.9,9753.699673
316.8,4137.343853
316.7,13525.45713
316.6,-659.0339145
316.5,16296.17761
316.4,20762.02224
316.3,-1136.838591
316.2,1422.078439
316.1,18029.60643
316,10257.55676
315.9,12070.2395
315.8,7486.714832
315.7,13229.84744
315.6,6701.612042
315.5,-1087.642306
315.4,13423.21064
315.3,-2154.362846
315.2,19875.86261
315.1,4534.238824
315,3810.42015
314.9,21501.52483
314.8,-219.3228861
314.7,4624.615965
314.6,19236.55742
314.5,21029.86291
314.4,25026.19037
314.3,5733.564071
314.2,15375.73912
314.1,9470.230729
314,161.7952845
313.9,8091.230703
313.8,2314.584374
313.7,14120.32463
313.6,13663.86579
313.5,11386.72596
313.4,9487.482902
313.3,17265.29084
313.2,-530.7463216
313.1,10388.20103
313,13356.58125
312.9,8106.64186
312.8,2669.31013
312.7,849.7608941
312.6,1890.757196
312.5,15239.89522
312.4,18280.11124
312.3,6872.620702
312.2,15983.00295
312.1,9589.589168
312,4771.646185
311.9,8623.617429
311.8,4739.878484
311.7,7101.401977
311.6,11894.93454
311.5,13481.17098
311.4,6388.879088
311.3,8358.098841
311.2,4644.93205
311.1,4731.126421
311,5531.981204
310.9,2760.754789
310.8,19000.02985
310.7,2959.362855
310.6,12389.10933
310.5,3239.258328
310.4,286.4950858
310.3,7028.29284
310.2,11731.19269
310.1,6874.950243
310,21731.11127
309.9,9222.186638
309.8,-685.6766253
309.7,-8138.239935
309.6,16026.58572
309.5,8082.683776
309.4,-2774.268388
309.3,16374.2075
309.2,1201.56138
309.1,6614.851344
309,1584.687181
308.9,11294.96693
308.8,-3728.916524
308.7,8835.200132
308.6,12933.72207
308.5,7675.681312
308.4,11345.88436
308.3,7476.577936
308.2,9875.873917
308.1,4459.19368
308,7271.898363
307.9,11440.64692
307.8,11026.98377
307.7,11976.26447
307.6,8277.376855
307.5,11647.17542
307.4,7849.973945
307.3,20529.24908
307.2,14273.43654
307.1,10789.83425
307,6746.19448
306.9,3284.947864
306.8,17305.16443
306.7,-3885.382515
306.6,7014.134659
306.5,10229.68821
306.4,2814.318399
306.3,17735.59801
306.2,4745.686504
306.1,6319.632919
306,9112.73214
305.9,3314.027546
305.8,465.0487439
305.7,16947.99831
305.6,5345.771725
305.5,9785.836029
305.4,4331.788147
305.3,15633.05162
305.2,8180.542589
305.1,14096.0092
305,12976.70776
304.9,11391.54562
304.8,18226.5318
304.7,12962.10855
304.6,11309.24498
304.5,12211.25679
304.4,-6430.595964
304.3,12674.81508
304.2,16718.12012
304.1,16714.8859
304,4166.153263
303.9,17515.72779
303.8,14655.43149
303.7,10373.04025
303.6,6614.154743
303.5,21637.98391
303.4,9875.159223
303.3,-3088.781293
303.2,1265.68256
303.1,10585.52898
303,18863.55947
302.9,15078.68646
302.8,10820.9551
302.7,18540.82079
302.6,-1373.721467
302.5,16578.03103
302.4,9542.220328
302.3,9335.974535
302.2,17145.96406
302.1,10416.12386
302,4372.616179
301.9,394.4550593
301.8,-2075.725007
301.7,1686.813803
301.6,20904.25994
301.5,5277.570456
301.4,5147.141495
301.3,17711.81634
301.2,9785.243466
301.1,3719.537294
301,16135.49854
300.9,13924.77912
300.8,2995.393842
300.7,3002.276165
300.6,6599.720636
300.5,8690.915605
300.4,4063.86787
300.3,-2766.114995
300.2,10540.33964
300.1,-5541.952997
300,-2470.152474
299.9,14387.78307
299.8,11608.6317
299.7,7936.94272
299.6,7114.302658
299.5,15623.30373
299.4,8397.560812
299.3,22955.16063
299.2,6636.794262
299.1,3163.161499
299,9094.363597
298.9,10148.44151
298.8,11461.99501
298.7,21496.04249
298.6,-1576.293823
298.5,6382.876562
298.4,-230.0478212
298.3,1537.621408
298.2,1407.931567
298.1,13861.30004
298,3635.646681
297.9,6684.999928
297.8,3715.990964
297.7,10521.59077
297.6,17243.64646
297.5,10653.32541
297.4,21062.91751
297.3,4372.240738
297.2,9986.628887
297.1,2231.464996
297,11792.4958
296.9,990.4359905
296.8,14523.31034
296.7,11970.4275
296.6,2189.998715
296.5,7242.65584
296.4,16212.40619
296.3,7548.397909
296.2,12270.55379
296.1,9539.619385
296,16983.13367
295.9,-3161.752466
295.8,1820.414106
295.7,-1742.953478
295.6,-2175.926931
295.5,3602.601125
295.4,-6832.656636
295.3,6944.022262
295.2,12303.91146
295.1,22235.19679
295,12416.31068
294.9,-2123.333587
294.8,13490.43938
294.7,7830.638756
294.6,14559.13325
294.5,14159.19857
294.4,906.1982073
294.3,9542.34246
294.2,13099.75501
294.1,12429.54586
294,846.1480701
293.9,384.7813579
293.8,4178.618342
293.7,15778.48508
293.6,7752.350348
293.5,8430.18117
293.4,12844.09785
293.3,14899.51084
293.2,3862.83369
293.1,6749.27264
293,2147.793766
292.9,15857.77316
292.8,6279.166757
292.7,1923.976902
292.6,19824.37071
292.5,16598.11484
292.4,5763.596377
292.3,6714.252629
292.2,9671.145718
292.1,5517.311882
292,6581.631638
291.9,15517.38878
291.8,740.9342409
291.7,12188.3798
291.6,9042.726042
291.5,6443.089541
291.4,4762.599424
291.3,-3562.036354
291.2,11962.14745
291.1,8661.146559
291,9170.491185
290.9,10981.87436
290.8,3220.916021
290.7,10757.76348
290.6,14407.13862
290.5,-3177.61664
290.4,3648.194538
290.3,20119.5439
290.2,3197.907846
290.1,7495.888247
290,1667.906073
289.9,17079.56083
289.8,13130.33759
289.7,-4707.51822
289.6,5374.897772
289.5,10195.94153
289.4,9617.61151
289.3,7145.921087
289.2,13510.6114
289.1,1934.18391
289,6354.806725
288.9,6981.333366
288.8,12814.3478
288.7,6902.499891
288.6,22018.79826
288.5,12586.13647
288.4,21627.93748
288.3,-3477.043392
288.2,2462.103119
288.1,-6703.618162
288,12670.77005
287.9,5423.438167
287.8,-2599.306294
287.7,3535.347504
287.6,5239.151124
287.5,12197.14159
287.4,7314.71329
287.3,15021.82531
287.2,666.0067055
287.1,11354.6959
287,9318.493931
286.9,13453.11697
286.8,11619.27521
286.7,499.458099
286.6,15693.65813
286.5,16891.4651
286.4,4198.7985
286.3,-1240.498187
286.2,4402.651425
286.1,24012.05074
286,9285.993443
285.9,9238.739949
285.8,5015.103567
285.7,8184.523163
285.6,6221.495918
285.5,5624.167698
285.4,11747.05528
285.3,2139.439083
285.2,23133.69846
285.1,8306.206621
285,12066.1083
284.9,337.6793973
284.8,10875.3578
284.7,927.1052717
284.6,9725.751967
284.5,2950.815927
284.4,4176.120532
284.3,6514.644897
284.2,1292.425011
284.1,17179.61122
284,10647.95842
283.9,9727.939021
283.8,12598.67981
283.7,5512.971246
283.6,12909.70745
283.5,-6376.699886
283.4,5470.293604
283.3,7031.613001
283.2,-2772.456775
283.1,5824.257713
283,18254.51117
282.9,12548.31196
282.8,8751.180602
282.7,9056.538185
282.6,8629.739824
282.5,-86.31062234
282.4,-1301.505245
282.3,21115.34349
282.2,12876.15753
282.1,22150.97144
282,4919.617268
281.9,-3501.462861
281.8,10707.61954
281.7,12623.20105
281.6,10922.71985
281.5,7921.556441
281.4,2871.835895
281.3,2461.966513
281.2,11059.43677
281.1,11628.3672
281,8072.978863
280.9,-1687.198291
280.8,-1944.262001
280.7,5640.155586
280.6,10353.84596
280.5,1428.332013
280.4,10862.69686
280.3,11637.27826
280.2,3111.054418
280.1,15525.28208
280,-16415.4155
279.9,-1462.562694
279.8,6796.745518
279.7,-241.4874503
279.6,12896.38496
279.5,10527.7722
279.4,8659.912355
279.3,4869.780924
279.2,7849.076733
279.1,6859.125196
279,-6357.923334
278.9,2432.006807
278.8,-3188.191625
278.7,5311.688053
278.6,7578.21151
278.5,10042.62381
278.4,7018.137851
278.3,2145.53954
278.2,9426.152648
278.1,-7117.36951
278,8776.724132
277.9,9639.843925
277.8,11693.27771
277.7,7659.801984
277.6,12370.55668
277.5,-1352.608362
277.4,-9024.824764
277.3,6097.383405
277.2,5160.530249
277.1,7880.70353
277,3692.944341
276.9,1860.931608
276.8,-303.9689045
276.7,6277.048684
276.6,16369.45795
276.5,8082.281195
276.4,13131.01383
276.3,6386.721436
276.2,10639.20341
276.1,13166.04063
276,18387.63154
275.9,11615.01871
275.8,18374.64989
275.7,4376.268808
275.6,9705.772195
275.5,9379.145678
275.4,12611.12249
275.3,9050.990258
275.2,16511.13475
275.1,9842.902997
275,12410.18828
274.9,-5652.370975
274.8,-2863.948929
274.7,413.8893111
274.6,7465.531841
274.5,-700.5314067
274.4,-488.3364635
274.3,2019.467725
274.2,16366.91129
274.1,7745.248641
274,11356.35372
273.9,12588.70349
273.8,5931.357249
273.7,-3348.995538
273.6,16083.62554
273.5,6580.453297
273.4,1351.608695
273.3,6740.703096
273.2,11421.26423
273.1,8024.354401
273,6747.43841
272.9,3150.674707
272.8,1591.46999
272.7,11668.78135
272.6,10328.88368
272.5,1525.157233
272.4,14604.48014
272.3,2114.689407
272.2,6734.585224
272.1,-4260.689653
272,4923.491543
271.9,14272.64721
271.8,6998.664698
271.7,4805.666529
271.6,7738.929479
271.5,12928.92955
271.4,-341.2551295
271.3,-4326.023098
271.2,1817.317853
271.1,-10485.26147
271,3264.534978
270.9,10934.28614
270.8,8448.21815
270.7,4182.273912
270.6,2479.463853
270.5,1054.243926
270.4,3104.965948
270.3,12207.33728
270.2,6260.632206
270.1,9848.4464
270,21209.58812
269.9,1891.275123
269.8,2708.256436
269.7,9157.977253
269.6,6641.984841
269.5,-6236.156873
269.4,19296.01725
269.3,-4136.950319
269.2,4622.304518
269.1,6979.248088
269,-3775.697324
268.9,7640.32657
268.8,-6050.31537
268.7,1298.737163
268.6,-6244.836561
268.5,2921.780348
268.4,-115.0725369
268.3,4586.800504
268.2,7311.255166
268.1,2791.697652
268,1050.593558
267.9,-4219.124988
267.8,-8537.319698
267.7,701.836402
267.6,2733.386076
267.5,18130.52079
267.4,15064.89015
267.3,1808.48369
267.2,-8628.715731
267.1,9891.389112
267,4642.646159
266.9,963.8023265
266.8,595.7880091
266.7,9281.933709
266.6,-2473.703328
266.5,2070.83071
266.4,-13376.13356
266.3,8501.95591
266.2,4316.756953
266.1,14742.96343
266,7302.877865
265.9,2182.327514
265.8,2759.23335
265.7,-7726.671118
265.6,-3031.388642
265.5,1420.673929
265.4,3013.362971
265.3,9163.170094
265.2,-4215.200277
265.1,8002.818971
265,10072.85357
264.9,3482.376457
264.8,-544.9768765
264.7,901.2699843
264.6,-12086.84121
264.5,-2808.02321
264.4,-5147.269959
264.3,1509.395514
264.2,-1866.169231
264.1,11217.04717
264,-1475.275655
263.9,5394.651374
263.8,-2536.913046
263.7,6754.417986
263.6,4971.432591
263.5,-4235.074631
263.4,7020.716178
263.3,-3261.415881
263.2,13797.67417
263.1,-5976.462137
263,5673.863817
262.9,1071.204341
262.8,-9570.968673
262.7,-5176.96369
262.6,-6583.796075
262.5,-181.3305614
262.4,6262.522979
262.3,3692.437722
262.2,-1577.716652
262.1,-1921.694856
262,-5933.29778
261.9,2557.087323
261.8,-15429.6352
261.7,4831.223629
261.6,-5477.072115
261.5,10658.01163
261.4,-3369.285161
261.3,24070.03821
261.2,7063.050495
261.1,6853.254527
261,4340.233298
260.9,1479.731185
260.8,5004.878466
260.7,4917.201783
260.6,3981.662668
260.5,-2284.226837
260.4,3249.438196
260.3,-5152.917399
260.2,-4818.922296
260.1,9291.204377
260,7161.30058
259.9,2756.434961
259.8,6316.245585
259.7,12291.19397
259.6,8550.062242
259.5,-16287.85617
259.4,9413.351481
259.3,-326.9476772
259.2,2052.671599
259.1,1577.709867
259,-1358.129148
258.9,11930.65341
258.8,2726.919904
258.7,-485.0267965
258.6,5718.749321
258.5,-3172.427644
258.4,-3543.86503
258.3,805.030768
258.2,9052.444525
258.1,-4102.502515
258,6720.433828
257.9,-4735.898361
257.8,-7607.468734
257.7,3998.719657
257.6,6312.829754
257.5,2443.190865
257.4,14438.34316
257.3,2012.463496
257.2,-1061.614774
257.1,-9826.740959
257,9915.984993
256.9,7590.503796
256.8,14134.2182
256.7,5496.040685
256.6,1359.011433
256.5,-4491.241831
256.4,-13258.14118
256.3,6686.971443
256.2,5593.420019
256.1,-8421.62972
256,2617.241498
255.9,2747.422125
255.8,7139.69013
255.7,8023.843643
255.6,-1916.176332
255.5,8112.728069
255.4,9560.933553
255.3,-5546.365554
255.2,332.5860709
255.1,1352.535988
255,-13231.97342
254.9,6348.089505
254.8,14976.64126
254.7,5530.75763
254.6,-99.17737803
254.5,-4190.425722
254.4,18077.48641
254.3,-6709.177396
254.2,8741.324156
254.1,-4965.319242
254,3928.714238
253.9,5674.628269
253.8,17419.96331
253.7,-9436.056589
253.6,-7338.060718
253.5,3272.462203
253.4,5683.016878
253.3,-4121.919126
253.2,19003.58071
253.1,1302.109343
253,7831.81393
252.9,3473.413379
252.8,-9780.63188
252.7,1256.310116
252.6,4256.883228
252.5,12027.00594
252.4,7723.87793
252.3,-1821.233517
252.2,-8811.558685
252.1,-6196.140109
252,3307.518401
251.9,10045.15238
251.8,3322.513407
251.7,263.4882682
251.6,-3004.481313
251.5,9940.550342
251.4,-4059.953337
251.3,9219.214777
251.2,-11989.9979
251.1,-7826.110852
251,-6094.632059
250.9,-8226.323722
250.8,1401.705133
250.7,-8050.205904
250.6,1250.850396
250.5,9101.666142
250.4,6286.110146
250.3,167.4736377
250.2,8825.331473
250.1,-9386.772098
250,388.5719507
249.9,-10581.6434
249.8,-1901.172279
249.7,3020.430752
249.6,-5469.777938
249.5,-3019.668563
249.4,2615.830203
249.3,6815.313995
249.2,-10256.24046
249.1,-1519.681681
249,748.5968474
248.9,2169.747993
248.8,4222.503275
248.7,-6227.208948
248.6,-10980.37034
248.5,-12585.46882
248.4,-12950.64404
248.3,6214.717632
248.2,-3731.888385
248.1,530.2442264
248,3491.588322
247.9,-6191.373371
247.8,-9552.859319
247.7,-6983.35984
247.6,-13561.54014
247.5,300.7686128
247.4,-14291.39436
247.3,-4010.881444
247.2,-5958.705608
247.1,-16139.57071
247,-988.3380467
246.9,-6721.019606
246.8,6464.184326
246.7,1231.61472
246.6,-16180.1771
246.5,-4353.525251
246.4,-11507.83042
246.3,-5974.367812
246.2,-13272.00534
246.1,-9412.035177
246,-14213.01775
245.9,-14418.73883
245.8,-14766.43977
245.7,-7345.291342
245.6,-13945.53669
245.5,499.1482475
245.4,-17982.5497
245.3,-10024.20235
245.2,-16628.80597
245.1,-16206.39009
245,-13042.76042
244.9,-17095.66407
244.8,-19001.97491
244.7,-9648.117188
244.6,-7803.724642
244.5,-23816.52536
244.4,-11847.05003
244.3,-17379.48357
244.2,-15395.70985
244.1,-13854.06941
244,-28302.22605
243.9,-16626.7026
243.8,-31693.87028
243.7,-10461.53182
243.6,-28310.36813
243.5,-13583.41747
243.4,-16044.95064
243.3,-30933.97402
243.2,-19564.15872
243.1,-27248.25578
243,-16707.15092
242.9,-26724.47095
242.8,-14274.40907
242.7,-26369.83792
242.6,-13963.00825
242.5,-27203.90404
242.4,-24987.23276
242.3,-26805.32637
242.2,-37245.2206
242.1,-27858.12055
242,-50774.31227
241.9,-29588.20049
241.8,-38194.15796
241.7,-39996.92862
241.6,-24477.66264
241.5,-31077.95322
241.4,-43462.53917
241.3,-54238.7015
241.2,-33989.0878
241.1,-40461.27624
241,-38088.35609
240.9,-42694.85366
240.8,-47292.66633
240.7,-45786.26756
240.6,-40375.35463
240.5,-53828.88323
240.4,-50655.73185
240.3,-56441.83656
240.2,-47493.75321
240.1,-47895.90435
240,-53282.16485
239.9,-57210.17797
239.8,-72673.98731
239.7,-60797.24128
239.6,-54693.50479
239.5,-41831.54388
239.4,-58271.54396
239.3,-65218.37071
239.2,-69729.74159
239.1,-73547.20328
239,-53238.92134
238.9,-70637.94591
238.8,-70895.71075
238.7,-86014.34093
238.6,-84098.46314
238.5,-74978.19731
238.4,-72591.61655
238.3,-81365.16527
238.2,-89453.24091
238.1,-92835.59864
238,-71018.09081
237.9,-94597.6815
237.8,-107394.7771
237.7,-94189.76305
237.6,-104883.1701
237.5,-107983.9474
237.4,-103638.562
237.3,-89530.81689
237.2,-121316.159
237.1,-94914.31813
237,-109194.8564
236.9,-110585.1174
236.8,-102378.5744
236.7,-120010.7114
236.6,-119509.0685
236.5,-128670.0447
236.4,-120125.3791
236.3,-128905.2605
236.2,-129541.2478
236.1,-105254.7658
236,-118121.9739
235.9,-144844.5224
235.8,-130836.744
235.7,-137772.4432
235.6,-131205.8518
235.5,-143981.009
235.4,-137876.9333
235.3,-153366.5711
235.2,-148716.7622
235.1,-148557.0869
235,-158593.5634
234.9,-152305.8384
234.8,-165417.7613
234.7,-167744.1359
234.6,-159222.5395
234.5,-162220.1837
234.4,-178053.1461
234.3,-184885.2599
234.2,-177724.9749
234.1,-162677.0451
234,-177921.5157
233.9,-179149.6135
233.8,-196307.7002
233.7,-192994.3241
233.6,-199840.008
233.5,-197271.6326
233.4,-195227.9693
233.3,-206344.4029
233.2,-228315.8188
233.1,-213965.3943
233,-207030.8259
232.9,-214286.3282
232.8,-216113.0954
232.7,-211080.3823
232.6,-234773.8491
232.5,-230064.3315
232.4,-234226.7462
232.3,-235450.773
232.2,-245840.7517
232.1,-241535.172
232,-255189.4482
231.9,-258506.6693
231.8,-241889.3527
231.7,-258972.3513
231.6,-267790.003
231.5,-264050.072
231.4,-265181.8218
231.3,-258346.0893
231.2,-279959.0272
231.1,-267571.976
231,-272957.739
230.9,-289736.3141
230.8,-267329.5228
230.7,-265258.7193
230.6,-290445.8063
230.5,-297272.2659
230.4,-284082.9932
230.3,-297320.2137
230.2,-281713.1942
230.1,-293311.3678
230,-301477.6527
229.9,-310202.1227
229.8,-302242.3302
229.7,-308751.2485
229.6,-322771.4662
229.5,-322776.2157
229.4,-330611.8415
229.3,-310628.9037
229.2,-325945.5222
229.1,-319534.5351
229,-326157.8949
228.9,-323602.6373
228.8,-333682.086
228.7,-329215.9263
228.6,-344886.2732
228.5,-344995.2866
228.4,-354642.5263
228.3,-352770.9776
228.2,-364847.9511
228.1,-342748.0712
228,-370261.9851
227.9,-373185.2198
227.8,-351157.4878
227.7,-368069.5026
227.6,-371497.9989
227.5,-381839.8036
227.4,-377333.1596
227.3,-390696.5825
227.2,-385936.6292
227.1,-389349.746
227,-386110.3271
226.9,-376004.1905
226.8,-397796.2543
226.7,-386248.5163
226.6,-381273.2502
226.5,-381499.193
226.4,-393644.0172
226.3,-420271.8009
226.2,-404368.7261
226.1,-416986.922
226,-396819.4303
225.9,-406189.6129
225.8,-418057.6062
225.7,-423274.4208
225.6,-435331.2652
225.5,-435962.9553
225.4,-426377.9122
225.3,-436417.5551
225.2,-455847.2834
225.1,-443680.747
225,-413780.2976
224.9,-422062.6072
224.8,-420853.2814
224.7,-440868.5614
224.6,-426874.3532
224.5,-435920.6617
224.4,-442024.7375
224.3,-435199.1825
224.2,-448686.9984
224.1,-431453.145
224,-436952.8971
223.9,-431288.7201
223.8,-442907.0228
223.7,-437022.5572
223.6,-449484.9227
223.5,-439163.6993
223.4,-433624.3676
223.3,-433094.9059
223.2,-467424.8757
223.1,-431686.3253
223,-459034.005
222.9,-443822.3289
222.8,-448267.4548
222.7,-456263.8868
222.6,-440112.2522
222.5,-445097.0175
222.4,-439312.5185
222.3,-456597.2599
222.2,-457936.859
222.1,-451334.7591
222,-455037.146
221.9,-447083.6862
221.8,-438417.3416
221.7,-445536.0115
221.6,-424148.7903
221.5,-459497.8776
221.4,-446532.2861
221.3,-451824.415
221.2,-427793.2779
221.1,-450882.4211
221,-464297.6366
220.9,-464519.2823
220.8,-450885.5874
220.7,-447343.5544
220.6,-446338.0069
220.5,-479099.4945
220.4,-451253.3383
220.3,-441550.0087
220.2,-450395.253
220.1,-442682.6631
220,-459107.5099
219.9,-435069.8139
219.8,-471275.1771
219.7,-462463.8582
219.6,-442002.5729
219.5,-439275.653
219.4,-452627.5412
219.3,-458896.0419
219.2,-455764.7317
219.1,-447251.5036
219,-433124.0818
218.9,-444474.6003
218.8,-427115.9017
218.7,-440072.2203
218.6,-434327.9795
218.5,-436167.4121
218.4,-416415.6191
218.3,-452885.6001
218.2,-434000.2605
218.1,-454538.4433
218,-441471.0757
217.9,-427724.7487
217.8,-451395.1462
217.7,-434125.5582
217.6,-453394.2542
217.5,-444259.7397
217.4,-435048.3278
217.3,-445721.9225
217.2,-443966.6247
217.1,-443064.8888
217,-442187.5792
216.9,-421765.1949
216.8,-452048.3224
216.7,-433977.1913
216.6,-452243.0539
216.5,-433505.4027
216.4,-432533.3283
216.3,-407197.8744
216.2,-436660.9129
216.1,-449377.7186
216,-443143.5956
215.9,-446973.768
215.8,-430125.759
215.7,-429643.7928
215.6,-424611.7583
215.5,-434944.29
215.4,-439124.3459
215.3,-422019.4089
215.2,-442451.9707
215.1,-452163.6686
215,-419273.0385
214.9,-430124.402
214.8,-436722.8832
214.7,-432996.7486
214.6,-443304.1756
214.5,-425232.1399
214.4,-394711.9873
214.3,-436335.908
214.2,-444566.1988
214.1,-445547.0938
214,-415286.5833
213.9,-439227.9313
213.8,-437309.7919
213.7,-420521.9438
213.6,-447858.9936
213.5,-440460.1002
213.4,-437013.0581
213.3,-449497.5881
213.2,-431958.4066
213.1,-441505.6796
213,-440339.3259
212.9,-433870.2134
212.8,-455919.8837
212.7,-452073.8795
212.6,-461979.178
212.5,-431117.9625
212.4,-413462.304
212.3,-424328.3685
212.2,-419019.7292
212.1,-439319.5298
212,-443186.3416
211.9,-442851.1591
211.8,-430798.6119
211.7,-416131.5508
211.6,-409115.7877
211.5,-454566.4883
211.4,-419578.3667
211.3,-459530.6721
211.2,-444639.7037
211.1,-424205.3325
211,-431786.292
210.9,-414860.2547
210.8,-429114.7835
210.7,-429447.9305
210.6,-426401.2076
210.5,-420306.8571
210.4,-414530.2741
210.3,-461802.7661
210.2,-417961.9367
210.1,-421580.641
210,-467460.6104
209.9,-432187.0635
209.8,-418214.7936
209.7,-435446.1591
209.6,-438543.3177
209.5,-447056.772
209.4,-427571.6323
209.3,-404177.3871
209.2,-426394.6487
209.1,-435219.3116
209,-449586.0202
208.9,-437574.4096
208.8,-425422.5742
208.7,-437606.2994
208.6,-421007.0764
208.5,-433160.2688
208.4,-409714.0047
208.3,-391613.4717
208.2,-438182.3519
208.1,-369191.5272
208,-372514.8548
207.9,-383535.1666
207.8,-378407.0102
207.7,-389265.1588
207.6,-407026.8906
207.5,-379319.6022
207.4,-365352.5342
207.3,-400406.0186
207.2,-399524.8641
207.1,-375690.494
207,-369678.9214
206.9,-367984.0108
206.8,-359335.7597
206.7,-339367.749
206.6,-347216.0403
206.5,-319083.3279
206.4,-350534.8445
206.3,-296301.0961
206.2,-333756.7217
206.1,-278073.6822
206,-358488.5305
205.9,-328628.3392
205.8,-317269
205.7,-283273.0819
205.6,-282704.7192
205.5,-296830.784
205.4,-254541.474
205.3,-242852.8327
205.2,-311701.6234
205.1,-277758.1765
205,-223885.62
204.9,-228916.2976
204.8,-201449.653
204.7,-220687.59
204.6,-194132.4066
204.5,-175025.8737
204.4,-201275.9552
204.3,-173033.3246
204.2,-127574.8665
204.1,-158215.1826
204,-142284.7414
203.9,-155957.5635
203.8,-186510.7367
203.7,-164867.9444
203.6,-146423.8607
203.5,-65754.02943
203.4,-111652.2507
203.3,-125224.812
203.2,-61367.86572
203.1,-33333.62735
203,-96699.4476
202.9,-76615.00514
202.8,-79560.44955
202.7,-70873.45572
202.6,-90507.41473
202.5,-68098.04518
202.4,-100900.311
202.3,-47443.72462
202.2,3460.431277
202.1,-47927.83942
202,-49496.63822
201.9,-16355.84936
201.8,-23454.96025
201.7,-28870.67927
201.6,-15162.32603
201.5,20207.00346
201.4,-27161.92707
201.3,107824.7018
201.2,-2705.185061
201.1,58622.64875
201,53119.43624
200.9,-9554.23895
200.8,19980.83444
200.7,49803.32342
200.6,57186.67901
200.5,110811.2411
200.4,99280.51111
200.3,36793.01825
200.2,42870.54176
200.1,61129.96984
200,33461.77472
199.9,108898.1678
199.8,85090.6214
199.7,99802.73538
199.6,34151.70332
199.5,144361.8777
199.4,111685.0678
199.3,176689.1207
199.2,103309.0337
199.1,76382.6617
199,120585.633
198.9,108680.1183
198.8,98500.68032
198.7,139208.3903
198.6,85009.04224
198.5,36210.70087
198.4,161970.7193
198.3,70545.84989
198.2,169238.4346
198.1,146746.83
198,171358.543
197.9,157587.5636
197.8,134092.4244
197.7,101113.8372
197.6,154371.8924
197.5,166764.1455
197.4,106926.4715
197.3,139893.886
197.2,147965.881
197.1,154721.0974
197,106274.675
196.9,178806.0628
196.8,148238.1885
196.7,141615.7334
196.6,207545.3605
196.5,144226.4024
196.4,92469.52146
196.3,164146.9176
196.2,155023.4854
196.1,108984.9715
196,102603.6126
195.9,96257.061
195.8,127120.7869
195.7,87011.06781
195.6,129910.8532
195.5,77485.95943
195.4,132909.2438
195.3,166316.557
195.2,122425.9704
195.1,155537.5676
195,66773.96125
194.9,139086.9376
194.8,133319.4013
194.7,187427.3997
194.6,93352.19131
194.5,88730.1107
194.4,93950.61192
194.3,80391.48501
194.2,102971.6574
194.1,114419.587
194,139103.2217
193.9,70355.77744
193.8,156979.3951
193.7,113860.3162
193.6,93586.38933
193.5,138273.6338
193.4,136845.6026
193.3,76362.71359
193.2,89122.01638
193.1,93405.09224
193,135675.7659
192.9,5355.768396
192.8,73199.73982
192.7,38706.38557
192.6,147431.6698
192.5,34045.75897
192.4,120639.9136
192.3,40253.26859
192.2,48534.63505
192.1,102014.8946
192,107849.2864
191.9,81289.69266
191.8,135783.9652
191.7,77088.85186
191.6,74304.28599
191.5,81986.94914
191.4,92479.15626
191.3,93017.14452
191.2,103605.5866
191.1,44970.09141
191,67683.40951
190.9,51270.75327
190.8,110137.9812
190.7,73495.36534
190.6,80797.72981
190.5,73037.1469
190.4,93643.83626
190.3,38393.41287
190.2,35325.13606
190.1,82224.42662
190,19686.2719
,
##### Extended Information,
[Comments],
Sample name,Protein_AMSS
Comment,
User,ScharfMinor
Division,
Company,Saint Mary's College
,
[Detailed Information],
Creation date,9/27/22 14:37
,
Data array type,Linear data array * 3
Horizontal axis,Wavelength [nm]
Vertical axis(1),CD [mdeg]
Vertical axis(2),HT [V]
Vertical axis(3),Abs
Start,320 nm
End,190 nm
Data interval,0.1 nm
Data points,1301
,
[Measurement Information],
Instrument name,J-1500
Model name,J-1500
Serial No.,B051061638
,
Detector,PM-539
Detector S/N,B051061638
Lock-in amp.,X mode
HT volt,Auto
,
Accessory,PTC-517
Accessory S/N,B026561646
Temperature,22.10 C
Control sensor,Holder
Monitor sensor,Holder
,
Measurement date,9/27/22 14:37
,
CD Overload detect,846
Photometric mode,CD
Measure range,320 - 190 nm
Data pitch,0.1 nm
CD scale,20 mdeg/0.05 dOD
FL scale,20 mdeg/0.05 dOD
D.I.T.,8 msec
Bandwidth,1.00 nm
Start mode,Immediately
Scanning mode,Continuous
Scanning speed,50 nm/min
Baseline correction,None
Shutter control,Auto
No. of cycle,1-Jan
N2 Flowmeter,Manual
,
Solvent,NaPO4 buffer