TITLE,Sample_JH_CW,,
DATA TYPE,,,
ORIGIN,JASCO,,
OWNER,,,
DATE,22/09/27,,
TIME,15:51:47,,
SPECTROMETER/DATA SYSTEM,,,
LOCALE,1033,,
RESOLUTION,,,
DELTAX,-0.1,,
XUNITS,NANOMETERS,,
YUNITS,CD [mdeg],,
Y2UNITS,HT [V],,
Y3UNITS,ABSORBANCE,,
FIRSTX,320,,
LASTX,190,,
NPOINTS,1301,,
FIRSTY,0.96153,,
MAXY,23.78934,,
MINY,-56.33782,,
XYDATA,,,
320,2456.890646,206.053,0.116204
319.9,1593.765481,206.567,0.123623
319.8,4453.781291,206.556,0.12346
319.7,1199.064559,206.704,0.125598
319.6,3878.913043,206.208,0.118444
319.5,4913.115942,206.49,0.122513
319.4,7519.670619,206.47,0.122219
319.3,9199.288538,207.328,0.13456
319.2,3425.121212,206.553,0.123411
319.1,6952.59552,206.427,0.121598
319,1270.604743,206.338,0.120324
318.9,3763.937154,206.337,0.120308
318.8,6275.797101,205.776,0.112211
318.7,7764.242424,206.069,0.116433
318.6,4845.660079,207.594,0.138383
318.5,6604.940711,206.88,0.128126
318.4,3904.474308,205.11,0.102569
318.3,7485.314888,206.392,0.121092
318.2,2746.878788,206.752,0.126283
318.1,5015.831357,205.444,0.107409
318,4128.73913,206.059,0.116286
317.9,6083.383399,205.993,0.115337
317.8,6589.667984,204.795,0.0980014
317.7,8876.152833,205.98,0.115157
317.6,5066.660079,206.337,0.120308
317.5,5503.541502,206.526,0.123035
317.4,7230.342556,206.355,0.120569
317.3,3047.664032,205.823,0.112882
317.2,4553.893281,206.124,0.117234
317.1,4314.793544,206.628,0.124504
317,3253.976285,205.893,0.113897
316.9,2302.332016,206.445,0.121859
316.8,4537.853755,205.886,0.113799
316.7,4351.408432,206.557,0.123476
316.6,-1043.6917,205.614,0.109868
316.5,3773.210804,205.323,0.105654
316.4,5049.328063,206.613,0.124276
316.3,3501.969697,206.634,0.124586
316.2,4218.98946,206.2,0.11833
316.1,5721.067194,205.859,0.113406
316,4420.937497,206.487,0.122464
315.9,6153.689065,205.636,0.110179
315.8,3568.985507,204.506,0.0938067
315.7,1556.484848,205.649,0.110376
315.6,9841.71278,206.091,0.11676
315.5,3500.437418,206.5,0.12266
315.4,10054.58498,205.269,0.104867
315.3,4091.658762,205.886,0.113799
315.2,907.2990777,207.062,0.13075
315.1,4328.831357,206.022,0.115762
315,4129.633729,204.864,0.0990041
314.9,6747.905138,205.924,0.114339
314.8,2847.740448,205.417,0.107016
314.7,8781.291173,204.975,0.100615
314.6,4344.288538,206.94,0.128989
314.5,1623.121568,206.412,0.121386
314.4,5202.437022,206.589,0.123933
314.3,3102.060606,205.693,0.110999
314.2,6496.192358,206.02,0.11573
314.1,5420.191041,205.953,0.114764
314,3991.538867,205.727,0.11149
313.9,5438.661397,205.321,0.105622
313.8,3281.009223,206.487,0.122464
313.7,4382.57971,205.11,0.102569
313.6,2388.893281,204.216,0.0895907
313.5,5041.963109,205.586,0.109458
313.4,3651.599473,205.636,0.110179
313.3,2178.628458,206.643,0.124716
313.2,4715.314888,204.812,0.098248
313.1,5113.401845,206.26,0.119196
313,2926.445323,205.984,0.115206
312.9,4971.581423,205.559,0.109065
312.8,1157.789196,205.263,0.104785
312.7,5659.562582,205.374,0.106393
312.6,6613.675889,205.789,0.112391
312.5,7706.640316,205.295,0.105244
312.4,6335.587615,206.112,0.117055
312.3,1749.860343,206.206,0.118412
312.2,2044.378129,206.065,0.116384
312.1,5547.754941,205.981,0.115173
312,5847.873518,205.899,0.113979
311.9,-516.7364954,206.317,0.120013
311.8,3872.176548,205.046,0.101633
311.7,2433.943347,205.889,0.113832
311.6,2321.606061,205.025,0.101337
311.5,1455.152833,206.413,0.121402
311.4,4778.766798,205.804,0.112604
311.3,2632.483531,205.804,0.112604
311.2,5273.268775,205.477,0.107885
311.1,6291.421607,206.313,0.119965
311,3892.561265,205.277,0.104982
310.9,2257.216074,205.833,0.113029
310.8,3175.59025,204.588,0.0949915
310.7,3827.335968,205.724,0.111457
310.6,6722.661397,205.985,0.115223
310.5,4654.623188,205.771,0.112129
310.4,4041.841897,206.232,0.118788
310.3,4182.295125,206.614,0.124292
310.2,2524.541502,206.29,0.119621
310.1,3368.650856,207.283,0.133925
310,6617.061924,206.809,0.127098
309.9,7967.084321,207.536,0.137553
309.8,4228.258235,206.08,0.116597
309.7,7517.163373,205.202,0.103899
309.6,3577.664032,205.322,0.105638
309.5,5101.193676,205.327,0.105704
309.4,6063.658762,205.873,0.113602
309.3,3762.57971,206.325,0.120128
309.2,5224.179183,205.853,0.113324
309.1,3863.361001,205.264,0.104801
309,6173.472596,205.749,0.111818
308.9,4439.893281,205.89,0.113848
308.8,4567.779974,205.391,0.106639
308.7,5618.194993,205.921,0.114306
308.6,3142.956522,206.546,0.123313
308.5,4691.720685,206.225,0.11869
308.4,4011.065876,205.609,0.109786
308.3,2870.034256,206.384,0.120977
308.2,3710.855072,205.678,0.110786
308.1,-76.99209486,205.51,0.10836
308,3019.694335,206.592,0.123982
307.9,5357.096179,205.013,0.101156
307.8,3184.755072,206.157,0.117709
307.7,5015.915679,205.988,0.115272
307.6,3042.739526,205.246,0.104539
307.5,2955.184453,204.737,0.0971629
307.4,1433.227931,204.507,0.0938231
307.3,5762.284585,204.711,0.0967846
307.2,4577.422925,205.486,0.108016
307.1,6379.072464,206.513,0.122839
307,5164.237154,205.761,0.111981
306.9,6851.13307,205.219,0.104145
306.8,8343.517787,205.84,0.113128
306.7,-563.3770751,205.07,0.101994
306.6,2628.052701,206.23,0.118755
306.5,2957.514756,206.773,0.126593
306.4,4024.860343,205.098,0.102388
306.3,1603.28419,205.023,0.101304
306.2,4777.422925,205.405,0.106835
306.1,6269.258235,205.673,0.11072
306,-100.9855072,206.877,0.128077
305.9,4530.359684,204.956,0.100335
305.8,6029.859025,205.325,0.105687
305.7,4176.999341,205.612,0.109835
305.6,3997.602108,206.139,0.117447
305.5,3543.376812,205.001,0.100992
305.4,192.9235837,206.245,0.118984
305.3,5197.529644,205.174,0.103488
305.2,5590.816864,206.301,0.119785
305.1,2088.383399,205.307,0.105425
305,1368.077734,204.25,0.0900851
304.9,4209.660079,206.546,0.123313
304.8,3182.289855,203.273,0.0758543
304.7,5565.177866,204.821,0.0983793
304.6,3455.097497,204.778,0.0977548
304.5,2636.219631,205.321,0.105622
304.4,5741.264822,205.306,0.105408
304.3,3721.630303,205.436,0.107295
304.2,1672.757576,205.944,0.114634
304.1,1168.664032,205.739,0.11167
304,4611.687747,205.534,0.108704
303.9,3310.893281,205.498,0.10818
303.8,2028.096179,204.929,0.0999407
303.7,-69.22793149,205.236,0.104391
303.6,4365.566535,205.611,0.109819
303.5,4985.204216,205.363,0.106229
303.4,2621.671937,205.005,0.101042
303.3,1265.200264,205.168,0.103406
303.2,597.2226614,205.33,0.105753
303.1,7382.766798,205.31,0.105458
303,663.2779974,205.913,0.114192
302.9,515.6508564,206.37,0.120781
302.8,-1664.334651,205.065,0.101912
302.7,3782.833992,205.441,0.10736
302.6,3944.597101,204.932,0.0999901
302.5,3668.28722,205.08,0.102126
302.4,5105.256917,206.108,0.117006
302.3,5307.566535,206.038,0.115991
302.2,3407.057971,206.221,0.118624
302.1,1483.184453,204.323,0.0911391
302,6642.100132,204.461,0.0931483
301.9,5620.466403,204.771,0.0976562
301.8,2178.913043,205.363,0.106229
301.7,2824.632411,203.895,0.0849242
301.6,3468.5639,205.729,0.111523
301.5,2511.43083,205.002,0.101009
301.4,4279.557312,204.68,0.0963239
301.3,3160.886693,204.078,0.0875796
301.2,2085.488801,205.849,0.113259
301.1,5793.996047,205.148,0.103111
301,5018.501976,204.601,0.0951891
300.9,7314.295125,204.071,0.0874807
300.8,2167.025033,205.493,0.108114
300.7,8556.666667,206.088,0.116711
300.6,2569.505929,205.938,0.114552
300.5,6770.922266,205.287,0.10513
300.4,1989.968379,206.991,0.129723
300.3,5301.753623,206.208,0.118444
300.2,7645.301713,206.727,0.125924
300.1,6751.964427,203.936,0.0855181
300,5570.123847,206.759,0.126381
299.9,1494.799868,206.292,0.119654
299.8,5605.695652,206.222,0.118641
299.7,6464.58498,205.882,0.113733
299.6,4998.18946,204.854,0.0988561
299.5,3817.806324,205.308,0.105441
299.4,6436.076416,205.851,0.113291
299.3,1613.747036,204.723,0.096949
299.2,260.743083,205.838,0.113095
299.1,4401.355731,204.591,0.095041
299,3798.626219,205.981,0.115173
298.9,413.4745718,205.175,0.103505
298.8,5098.505665,203.869,0.0845445
298.7,7728.708827,205.104,0.102487
298.6,5731.951252,204.051,0.0871838
298.5,6101.897233,206.472,0.122252
298.4,1502.865613,204.263,0.0902662
298.3,2963.616601,204.305,0.0908757
298.2,1346.62108,206.431,0.121664
298.1,4714.3083,204.656,0.0959786
298,2621.73913,205.321,0.105622
297.9,2895.700922,204.324,0.0911559
297.8,4594.061924,205.27,0.104883
297.7,3056.299078,204.933,0.100006
297.6,5578.247694,205.649,0.110376
297.5,5126.789196,204.803,0.0981164
297.4,5495.006588,205.894,0.113913
297.3,5979.275362,205.022,0.101288
297.2,5510.827404,204.55,0.0944487
297.1,1346.372859,206.131,0.117333
297,5891.41502,204.456,0.0930824
296.9,5013.384717,205.126,0.102799
296.8,2938.511989,205.058,0.101813
296.7,3974.214756,205.12,0.102717
296.6,1549.893939,204.765,0.0975573
296.5,6734.347826,204.71,0.0967682
296.4,5466.152833,206.306,0.11985
296.3,4701.056653,205.804,0.112604
296.2,4818.171278,204.109,0.0880249
296.1,6445.218709,204.312,0.0909912
296,6764.527009,204.959,0.100384
295.9,1419.820817,205.29,0.105179
295.8,7581.4361,205.902,0.114028
295.7,4910.778656,205.96,0.114862
295.6,5272.822134,206.37,0.120781
295.5,3260.264822,205.802,0.112587
295.4,4193.474308,206.272,0.11936
295.3,3271.332016,204.181,0.0890796
295.2,3208.345191,205.499,0.108196
295.1,1527.055336,204.71,0.0967682
295,1811.696838,205.818,0.112816
294.9,5403.776021,205.312,0.10549
294.8,4438.976285,203.966,0.0859469
294.7,1751.611331,205.497,0.108164
294.6,3447.527009,204.725,0.0969818
294.5,2738.129117,204.721,0.0969327
294.4,2880.40975,204.767,0.0975904
294.3,3962.720685,205.031,0.101419
294.2,209.5665349,205.1,0.102421
294.1,2986.233597,204.331,0.0912546
294,-1018.529644,205.519,0.108492
293.9,4720.541502,204.411,0.0924238
293.8,2453.096179,204.869,0.0990699
293.7,3248.198946,204.757,0.0974424
293.6,5614.55336,203.791,0.083406
293.5,5685.575758,204.728,0.0970313
293.4,3097.922266,204.99,0.100828
293.3,1371.696443,205.029,0.101386
293.2,5826.798419,205.447,0.107442
293.1,2627.191041,203.536,0.0796901
293,1591.83531,204.759,0.0974751
292.9,7562.160738,205.739,0.11167
292.8,4810.305665,205.187,0.103685
292.7,3762.028986,205.516,0.108442
292.6,4521.081686,205.251,0.104604
292.5,6187.69697,204.647,0.0958472
292.4,4578.823452,204.38,0.0919793
292.3,4877.825955,205.817,0.1128
292.2,5348.740448,205.092,0.102306
292.1,2956.128986,205.295,0.105244
292,4272.26087,204.929,0.0999407
291.9,3022.080764,204.691,0.0964884
291.8,-73.93939394,204.622,0.0954851
291.7,3801.285903,205.085,0.102208
291.6,3436.982872,205.26,0.104736
291.5,3387.453228,205.172,0.103472
291.4,4495.393939,205.266,0.104834
291.3,5477.997365,205.328,0.10572
291.2,1795.375494,204.94,0.100105
291.1,6396.984717,204.331,0.0912546
291,3598.013175,204.978,0.100647
290.9,4013.86996,204.546,0.0943828
290.8,4219.077734,205.006,0.101058
290.7,4472.158103,204.071,0.0874807
290.6,4373.847167,204.295,0.0907441
290.5,5981.808959,204.332,0.091271
290.4,4137.515152,204.531,0.0941687
290.3,2970.682477,205.148,0.103111
290.2,3074.396574,205.149,0.103127
290.1,6127.118577,204.581,0.0948928
290,6210.685112,205.567,0.10918
289.9,6157.566535,205.039,0.101534
289.8,8281.791831,203.714,0.0822832
289.7,2058.832675,205.946,0.114666
289.6,2993.658762,204.644,0.0958141
289.5,3363.469038,205.363,0.106229
289.4,1936.011858,205.37,0.106327
289.3,1737.334651,205.406,0.106852
289.2,4164.445323,205.538,0.10877
289.1,4697.736495,205.436,0.107295
289,5886.160738,204.855,0.0988725
288.9,1398.164295,204.376,0.0919134
288.8,5020.528327,205.687,0.110917
288.7,4294.820817,204.717,0.0968668
288.6,3647.961792,204.426,0.092638
288.5,1759.640316,204.494,0.0936257
288.4,4237.619631,204.49,0.0935762
288.3,7355.99473,204.427,0.0926544
288.2,3135.613966,206.673,0.125141
288.1,3908.911726,206.582,0.123835
288,2967.545455,204.845,0.0987248
287.9,6547.293808,204.863,0.0989877
287.8,7336.255599,205.114,0.102618
287.7,3625.770751,204.754,0.0974096
287.6,1455.685112,204.616,0.0954028
287.5,5161.938472,205.779,0.112243
287.4,566.7417655,204.227,0.0897555
287.3,7958.469038,204.946,0.100187
287.2,5229.223979,205.768,0.112096
287.1,1410.679051,205.259,0.104719
287,1207.447958,205.507,0.108311
286.9,4063.001318,204.799,0.0980506
286.8,4021.69697,205.389,0.106606
286.7,2229.210804,205.418,0.107032
286.6,4590.6917,205.532,0.108672
286.5,3932.986825,205.649,0.110376
286.4,4037.351779,205.767,0.11208
286.3,7443.965744,204.999,0.100959
286.2,2425.620553,205.144,0.103061
286.1,6521.610013,205.592,0.10954
286,2895.642951,205.817,0.1128
285.9,4710.032938,205.123,0.10275
285.8,6220.903821,205.559,0.109065
285.7,1863.088274,205.361,0.106196
285.6,3351.486166,205.322,0.105638
285.5,3481.058103,205.186,0.103669
285.4,9162.438735,204.794,0.0979851
285.3,5143.661397,205.465,0.107705
285.2,3693.918314,205.604,0.109721
285.1,4012.044796,205.842,0.11316
285,347.5006588,205.601,0.109672
284.9,3316.463768,205.364,0.106245
284.8,3302.096179,206.095,0.116809
284.7,4634.794466,205.032,0.101436
284.6,1623.677207,205.286,0.105113
284.5,678.4255599,205.279,0.105014
284.4,5242.85639,204.905,0.0995957
284.3,27.83530962,205.408,0.106885
284.2,5173.222661,205.856,0.113357
284.1,3518.348748,205.297,0.105277
284,2337.724638,205.627,0.110049
283.9,6349.047431,205.487,0.108032
283.8,7453.662714,205.816,0.112784
283.7,-712.4677207,205.219,0.104145
283.6,1977.243742,205.618,0.109917
283.5,3442.298551,206.213,0.11851
283.4,5750.023715,205.427,0.107163
283.3,5225.391304,205.311,0.105474
283.2,1643.952174,205.987,0.115255
283.1,3057.613966,206.477,0.122317
283,1373.100132,205.901,0.114012
282.9,1962.998682,204.942,0.100138
282.8,2008.735178,205.771,0.112129
282.7,2181.006588,205.713,0.111294
282.6,2818.656126,205.229,0.104292
282.5,3194.126482,205.766,0.112063
282.4,4241.194993,206.088,0.116711
282.3,2254.731225,205.972,0.115043
282.2,3968.878788,205.571,0.109246
282.1,4450.343874,205.913,0.114192
282,2371.797497,204.581,0.0948928
281.9,7828.708827,205.214,0.104079
281.8,5251.761528,205.354,0.106097
281.7,5248.040843,205.81,0.112702
281.6,2007.403162,205.246,0.104539
281.5,8.4914361,206.093,0.116777
281.4,4877.143874,205.376,0.106425
281.3,3187.621871,205.189,0.103718
281.2,4498.076416,205.555,0.109016
281.1,4435.455863,205.727,0.11149
281,4920.715415,205.531,0.108656
280.9,1922.40448,205.781,0.112276
280.8,407.3299078,205.686,0.1109
280.7,1815.334651,205.703,0.111146
280.6,4508.089592,205.171,0.103455
280.5,-91.93662714,204.657,0.095995
280.4,1890.822266,205.378,0.106442
280.3,1837.996047,206.534,0.12315
280.2,503.0606061,206.222,0.118641
280.1,1476.517787,205.16,0.103291
280,4295.501976,204.733,0.0970971
279.9,194.2753623,206.713,0.125728
279.8,3452.981555,205.187,0.103685
279.7,-1513.637681,205.355,0.106114
279.6,6130.27668,205.509,0.108344
279.5,3873.262187,205.553,0.108983
279.4,5061.608696,205.542,0.108819
279.3,1945.384585,205.716,0.111343
279.2,5849.115942,206.039,0.116008
279.1,-909.9848485,205.112,0.102602
279,4787.633729,205.364,0.106245
278.9,3479.280632,205.416,0.106999
278.8,795.687747,205.779,0.112243
278.7,4480.123847,205.166,0.103373
278.6,338.6350461,205.923,0.114323
278.5,696.8155468,205.268,0.10485
278.4,1594.428195,205.465,0.107705
278.3,-1391.914361,205.682,0.110851
278.2,2953.013439,205.468,0.107754
278.1,7362.811594,205.756,0.111916
278,-890.0698287,205.86,0.113422
277.9,-643.8532279,206.299,0.119752
277.8,-2799.901291,205.485,0.108
277.7,5543.258235,205.998,0.115419
277.6,5775.546772,205.87,0.11357
277.5,-1515.803689,205.792,0.11244
277.4,8081.119895,206.645,0.124749
277.3,2564.003953,206.829,0.127392
277.2,2022.474572,205.808,0.112669
277.1,4814.704875,206.123,0.117218
277,4979.077602,206.234,0.118821
276.9,1271.874835,205.273,0.104932
276.8,3375.824769,205.115,0.102634
276.7,5974.750988,207.037,0.130391
276.6,1651.690382,205.711,0.111261
276.5,5832.568379,204.758,0.0974587
276.4,335.1831357,205.264,0.104801
276.3,1032.461133,206.049,0.116155
276.2,1949.155468,205.356,0.10613
276.1,3574.972332,205.303,0.105359
276,1305.041502,205.758,0.111949
275.9,-34.37944664,205.797,0.112506
275.8,5317.631094,206.234,0.118821
275.7,5969.233202,206.171,0.117905
275.6,-1119.687747,206.013,0.115632
275.5,4211.744401,206.241,0.118919
275.4,3496.868248,205.255,0.10467
275.3,5318.735178,205.64,0.110245
275.2,7035.283267,206.045,0.11609
275.1,4674.197628,204.555,0.0945142
275,-385.6969697,205.495,0.108147
274.9,2984.013175,206.113,0.117071
274.8,4079.613966,205.459,0.107623
274.7,2742.988142,205.822,0.112866
274.6,-417.0764163,205.975,0.115075
274.5,7.374176548,206.607,0.124194
274.4,3583.043478,205.839,0.113111
274.3,4151.880105,205.813,0.112735
274.2,2375.768116,204.578,0.0948433
274.1,2537.275758,206.054,0.116221
274,2192.986825,205.717,0.111359
273.9,3950.657444,206.078,0.116564
273.8,1893.068511,205.648,0.11036
273.7,5832.977602,205.614,0.109868
273.6,584.8208169,206.359,0.120618
273.5,-177.1054018,206.231,0.118771
273.4,3598.97892,205.851,0.113291
273.3,1204.688406,205.193,0.103767
273.2,3929.212121,206.542,0.123264
273.1,-931.3306983,207.359,0.135015
273,497.812253,206.251,0.119066
272.9,-299.6627141,205.604,0.109721
272.8,3432.532279,205.583,0.109409
272.7,3138.488801,206.248,0.119017
272.6,752.1440053,206.057,0.11627
272.5,2493.97892,205.08,0.102126
272.4,3082.433465,205.199,0.103849
272.3,2651.013043,207.033,0.130326
272.2,-379.8827404,205.836,0.113079
272.1,7008.326746,204.765,0.0975573
272,4677.483531,205.867,0.11352
271.9,3353.191568,205.732,0.111572
271.8,4207.536232,204.984,0.100746
271.7,1633.440053,206.464,0.122137
271.6,1956.392622,205.55,0.108934
271.5,4101.678524,205.347,0.105999
271.4,5101.198946,206.8,0.126968
271.3,-1994.801054,206.496,0.122594
271.2,1949.513623,205.288,0.105146
271.1,1086.41502,205.894,0.113913
271,1482.62332,205.248,0.104572
270.9,-2053.40975,206.234,0.118821
270.8,6061.523057,206.962,0.129299
270.7,-1518.610013,205.758,0.111949
270.6,5278.603426,205.029,0.101386
270.5,-240.7690382,205.736,0.111621
270.4,92.06324111,206.622,0.124406
270.3,1540.853755,206.202,0.118363
270.2,3657.002635,206.332,0.120226
270.1,3624.487879,206.062,0.116335
270,6151.009223,205.295,0.105244
269.9,1079.200264,206.351,0.120504
269.8,3292.599473,207.352,0.134918
269.7,3416.735178,205.825,0.112915
269.6,-1003.092227,206.136,0.117398
269.5,2568.05942,207.695,0.139829
269.4,1278.92253,205.909,0.114126
269.3,4905.060606,206.187,0.118134
269.2,1432.964124,207.807,0.141438
269.1,3037.704875,206.802,0.127
269,1994.052701,206.502,0.122676
268.9,3165.662714,206.479,0.122349
268.8,1414.600395,206.929,0.128826
268.7,1208.49552,206.72,0.125826
268.6,3464.218498,206.02,0.11573
268.5,6163.127536,206.36,0.120634
268.4,176.8392622,206.397,0.121174
268.3,-574.129776,206.914,0.128615
268.2,2448.512516,206.792,0.126854
268.1,1826.152833,206.976,0.129511
268,1235.121212,206.633,0.12457
267.9,1776.216864,206.72,0.125826
267.8,-72.45981555,206.801,0.126984
267.7,1522.871542,206.709,0.125663
267.6,898.6166008,206.592,0.123982
267.5,2500.808959,206.734,0.126022
267.4,2699.483531,205.553,0.108983
267.3,-175.314888,206.878,0.128093
267.2,-1148.852833,205.975,0.115075
267.1,-2365.928854,207.962,0.143663
267,1342.642951,206.281,0.119491
266.9,1630.260343,207.11,0.131434
266.8,2532.998682,205.941,0.114584
266.7,3400.959157,206.605,0.124162
266.6,1881.028986,207.91,0.142916
266.5,5110.667984,206.497,0.122611
266.4,655.5961792,206.138,0.117431
266.3,988.1264822,207.669,0.139455
266.2,1599.762846,206.777,0.126642
266.1,-698.284585,207.127,0.131678
266,3208.873518,206.786,0.126772
265.9,2033.919631,206.797,0.126935
265.8,-889.6587615,206.775,0.126609
265.7,1170.44664,206.819,0.127245
265.6,-1104.552042,207.613,0.138659
265.5,3442.437418,206.334,0.120258
265.4,1925.387352,206.456,0.122023
265.3,-1122.158103,207.031,0.130293
265.2,1559.503294,207.277,0.133828
265.1,2006.575099,207.504,0.137098
265,3403.507905,207.013,0.130033
264.9,-5164.841897,207.324,0.134511
264.8,-1855.16996,206.738,0.126087
264.7,4629.993412,206.696,0.125483
264.6,1142.571805,207.884,0.142542
264.5,-1708.744928,207.263,0.133632
264.4,759.0699341,207.512,0.137212
264.3,-914.599473,207.252,0.133469
264.2,-528.1146245,207.56,0.137895
264.1,179.0298551,208.45,0.150653
264,-911.9670619,207.718,0.140171
263.9,277.8432148,207.43,0.136024
263.8,987.5586298,206.707,0.12563
263.7,336.8168643,207.95,0.143484
263.6,2457.264822,206.555,0.123443
263.5,1658.018445,207.534,0.137521
263.4,2556.849802,207.803,0.141389
263.3,3933.367589,207.201,0.132737
263.2,2984.204216,208.765,0.155154
263.1,-1152.70527,206.176,0.117987
263,4932.108037,207.515,0.137244
262.9,3238.722003,207.345,0.134804
262.8,3201.525692,206.76,0.126397
262.7,2865.602108,208.046,0.144864
262.6,1978.144928,207.623,0.138805
262.5,5484.926219,208.115,0.145853
262.4,3127.309618,208.498,0.151333
262.3,5307.619236,206.584,0.123868
262.2,1194.409881,207.417,0.135846
262.1,3857.077734,208.54,0.151932
262,1011.98419,207.481,0.136756
261.9,343.6126482,208.751,0.154944
261.8,825.2898551,206.967,0.129381
261.7,342.1383399,208.637,0.153325
261.6,1613.545455,207.134,0.131776
261.5,872.483531,208.465,0.150863
261.4,2352.389987,208.217,0.147313
261.3,-4301.111989,207.26,0.133583
261.2,2060.970883,208.967,0.158034
261.1,2357.656126,207.967,0.143728
261,7390.623188,208.341,0.149081
260.9,2814.063241,209.359,0.163624
260.8,435.4716733,208.324,0.148838
260.7,1206.784321,208.074,0.145269
260.6,856.6811594,208.496,0.151301
260.5,1568.379447,208.463,0.150831
260.4,-588.4018445,207.81,0.141486
260.3,4257.55863,208.394,0.149842
260.2,-1943.027299,208.581,0.152515
260.1,4432.575758,208.231,0.147508
260,2856.714097,208.873,0.156691
259.9,2152.1278,208.006,0.144296
259.8,1201.503294,209.616,0.167287
259.7,1291.528327,208.387,0.149745
259.6,-1825.147563,209.128,0.160329
259.5,563.7865613,209.025,0.158858
259.4,-515.1736495,208.844,0.156271
259.3,1064.602108,207.99,0.144068
259.2,-237.916996,208.26,0.147929
259.1,3392.403426,208.891,0.15695
259,3583.686298,208.757,0.155041
258.9,1898.023715,209.034,0.158987
258.8,2259.542819,208.793,0.155542
258.7,1642.490119,208.461,0.150798
258.6,2701.716733,209.266,0.1623
258.5,2225.208169,208.556,0.152159
258.4,2735.152833,209.816,0.170125
258.3,1678.844532,209.696,0.168416
258.2,291.8998682,208.863,0.156546
258.1,-93.32437418,209.143,0.160539
258,1433.267457,208.03,0.144636
257.9,2317.616601,208.918,0.157338
257.8,2586.773386,209.06,0.159359
257.7,482.3043478,209.293,0.162688
257.6,6568.985507,208.769,0.155203
257.5,1652.939394,208.456,0.150734
257.4,1267.980237,209.012,0.15868
257.3,2670.932806,208.887,0.156885
257.2,-178.1475626,209.493,0.165529
257.1,2293.193676,209.528,0.166029
257,2950.719368,209.205,0.161428
256.9,-2265.903821,209.755,0.169254
256.8,854.9235837,209.51,0.165771
256.7,5667.391304,209.824,0.170237
256.6,-601.7527009,209.18,0.161072
256.5,-583.1475626,209.935,0.171816
256.4,1289.271805,209.568,0.166593
256.3,4917.615283,209.93,0.171752
256.2,2343.01054,209.291,0.162655
256.1,859.7812912,209.45,0.164915
256,2398.675889,210.415,0.17864
255.9,1848.667984,209.646,0.167706
255.8,5800.065876,209.181,0.161088
255.7,1685.126482,211.226,0.190134
255.6,120.8985507,209.826,0.17027
255.5,803.5309618,209.415,0.164415
255.4,5065.151515,209.317,0.163027
255.3,3118.803953,210.376,0.178077
255.2,1053.013175,209.285,0.162574
255.1,-1568.976285,209.56,0.166481
255,2411.69697,210.071,0.173749
254.9,1132.343874,209.71,0.168625
254.8,530.5162055,209.868,0.170866
254.7,-1788.756258,210.426,0.178801
254.6,-1558.707642,210.796,0.184038
254.5,3781.221344,210.264,0.176501
254.4,-65.46113307,211.094,0.188258
254.3,1593.82029,210.172,0.175182
254.2,2049.343874,210.032,0.173201
254.1,1879.510672,210.604,0.181324
254,-1000.362319,210.681,0.182416
253.9,2173.831357,210.814,0.184295
253.8,1644.540184,210.327,0.177386
253.7,-1915.293808,210.196,0.175536
253.6,3353.389987,209.678,0.168158
253.5,1474.167325,210.556,0.180633
253.4,2342.498024,209.546,0.166287
253.3,3031.637681,211.121,0.188643
253.2,2334.641634,211.188,0.189589
253.1,-511.9619236,210.204,0.175648
253,3268.680501,210.99,0.186782
252.9,4064.483531,210.851,0.184825
252.8,754.3214756,210.655,0.182047
252.7,4541.752306,210.783,0.183862
252.6,-41.68511199,210.838,0.184632
252.5,-737.6956522,210.286,0.176807
252.4,4352.654809,211.144,0.188963
252.3,2035.8722,210.816,0.184327
252.2,2011.134387,210.967,0.186462
252.1,-38.85638999,211.067,0.187873
252,3091.523057,211.041,0.187504
251.9,766.314888,211.233,0.19023
251.8,-2052.888011,211.581,0.195147
251.7,-865.5230567,211.144,0.188963
251.6,1797.160738,210.913,0.185692
251.5,1105.640316,210.804,0.184151
251.4,722.8194993,210.975,0.186574
251.3,360.4874835,212.237,0.204402
251.2,4541.285903,211.272,0.190775
251.1,-2078.478261,211.059,0.187761
251,3845.294993,211.088,0.188178
250.9,1775.859025,211.965,0.200569
250.8,-1517.13834,210.93,0.185932
250.7,2288.176548,212.386,0.206493
250.6,-1619.916996,212.015,0.201272
250.5,2583.857708,212.168,0.203428
250.4,2190.793149,211.242,0.190358
250.3,-766.4158103,212.128,0.202869
250.2,1900.208169,211.476,0.193658
250.1,-2772.277997,211.817,0.198474
250,2291.977602,211.343,0.191784
249.9,51.84202899,211.528,0.194395
249.8,4079.769433,212.086,0.202278
249.7,-1711.86693,211.673,0.196443
249.6,-75.94334651,211.589,0.195259
249.5,5046.468643,211.675,0.196475
249.4,2470.906456,212.635,0.210002
249.3,1812.832675,212.539,0.208646
249.2,-2240.332016,211.986,0.200856
249.1,-576.6218709,212.279,0.204993
249,2052.779974,213.242,0.218535
248.9,-956.6363636,211.853,0.198986
248.8,-5247.233202,211.716,0.197051
248.7,2244.388669,211.796,0.198187
248.6,565.5520422,211.671,0.196411
248.5,2241.943347,211.429,0.193002
248.4,161.2793149,212.089,0.20231
248.3,-1573.525692,212.914,0.213921
248.2,320.4150198,212.923,0.214048
248.1,-4143.083004,212.45,0.207402
248,-1865.625823,212.617,0.209746
247.9,2338.83004,212.616,0.20973
247.8,-1861.724638,212.116,0.202694
247.7,729.3040843,213.503,0.222191
247.6,-3359.156785,213.283,0.219108
247.5,247.3926219,212.143,0.203077
247.4,-2716.620553,212.278,0.204977
247.3,-3161.12253,213.023,0.215465
247.2,-6813.068511,212.575,0.209156
247.1,-214.9486166,212.514,0.208295
247,1059.1278,213.331,0.219775
246.9,1294.959157,213.337,0.219871
246.8,454.3656126,212.527,0.208487
246.7,-7417.70751,212.264,0.204785
246.6,-2240.971146,212.62,0.209794
246.5,-1514.422925,212.362,0.206158
246.4,-4229.316206,212.301,0.205296
246.3,-1094.932806,213.987,0.228968
246.2,-3716.963636,213.374,0.220379
246.1,-5762.732543,212.484,0.207881
246,-986.3030303,213.367,0.220284
245.9,-4950.982872,213.755,0.225732
245.8,-4141.504611,212.191,0.203747
245.7,-850.3372859,214.141,0.231124
245.6,-1657.90751,213.477,0.221825
245.5,-7282.268775,213.022,0.215449
245.4,-1749.32556,213.099,0.216531
245.3,-333.8748353,213.653,0.224303
245.2,-9250.777339,213.085,0.216324
245.1,-7049.895916,213.516,0.222382
245,-2073.245059,214.359,0.234181
244.9,-4155.641634,213.592,0.223446
244.8,-7819.189723,213.658,0.224367
244.7,-5882.550725,213.706,0.225034
244.6,-549.0711462,213.605,0.223621
244.5,-5985.039526,213.578,0.223239
244.4,-6933.478261,214.222,0.232265
244.3,-8378.893281,214.136,0.231061
244.2,-6081.619236,214.51,0.236287
244.1,-8932.674572,214.631,0.23798
244,-9302.885375,213.65,0.224256
243.9,-7241.660079,214.435,0.235242
243.8,-5494.274045,213.661,0.224414
243.7,-8480.766798,213.718,0.225208
243.6,-5828.343874,214.099,0.230538
243.5,-6901.98946,214.218,0.232202
243.4,-7508.434783,214.757,0.239735
243.3,-9434.888011,214.576,0.237204
243.2,-11300.72464,215.495,0.250013
243.1,-12086.37681,214.976,0.242785
243,-11208.68248,214.394,0.234672
242.9,-4513.155468,214.433,0.235211
242.8,-10271.92358,214.533,0.236603
242.7,-11532.01581,215.462,0.249556
242.6,-13298.85375,214.461,0.235606
242.5,-15063.87352,215.106,0.244601
242.4,-9954.901186,214.543,0.236746
242.3,-13552.62187,215.966,0.256566
242.2,-15132.58235,215.751,0.253574
242.1,-13380.64559,215.358,0.248105
242,-11647.53623,215.968,0.256597
241.9,-13470.17128,215.892,0.255543
241.8,-11413.4664,216.186,0.259617
241.7,-12033.45191,217.508,0.277921
241.6,-18287.37813,216.75,0.267439
241.5,-13407.15415,216.701,0.266765
241.4,-17416.23188,216.33,0.261614
241.3,-15012.35837,216.468,0.26353
241.2,-16031.93676,216.68,0.266467
241.1,-17053.68906,216.892,0.2694
241,-20123.41238,216.763,0.267612
240.9,-16266.17918,217.185,0.27346
240.8,-18703.17523,217.419,0.276685
240.7,-19333.16206,217.225,0.274008
240.6,-16497.48353,216.861,0.268977
240.5,-17591.11989,217.103,0.272316
240.4,-17680.02635,217.637,0.279704
240.3,-18666.81159,216.986,0.270702
240.2,-23497.56258,216.703,0.26678
240.1,-22666.38999,217.949,0.284002
240,-22538.95916,217.868,0.282893
239.9,-23517.61528,218.367,0.289761
239.8,-26391.13307,217.676,0.280236
239.7,-25300.96179,218.312,0.288997
239.6,-23790.25033,217.946,0.283955
239.5,-24467.22003,218.172,0.287078
239.4,-27517.73386,219.03,0.298872
239.3,-31705.7444,218.826,0.296071
239.2,-26846.38999,219.318,0.302821
239.1,-26587.58893,218.772,0.295324
239,-27835.27009,218.725,0.294686
238.9,-27358.08959,218.442,0.29079
238.8,-28946.79842,219.403,0.303987
238.7,-32124.03162,219.804,0.309482
238.6,-33033.99209,219.735,0.308535
238.5,-33388.91963,221.509,0.33275
238.4,-34982.06851,220.022,0.312474
238.3,-31265.98155,218.961,0.297923
238.2,-36105.75758,220.45,0.318312
238.1,-37464.45323,219.761,0.308892
238,-33538.06324,220.613,0.320539
237.9,-36291.34387,220.092,0.313419
237.8,-35978.24769,220.715,0.321931
237.7,-37365.639,221.095,0.327121
237.6,-40166.17918,221.517,0.332858
237.5,-41853.30698,221.16,0.328
237.4,-42143.70224,221.596,0.333937
237.3,-45106.85112,221.256,0.329312
237.2,-43830.69829,222.259,0.342939
237.1,-42681.34387,221.384,0.331055
237,-50446.50856,222.421,0.345136
236.9,-48131.88406,221.965,0.338941
236.8,-47040.57971,223.261,0.3565
236.7,-46270.22398,222.234,0.342601
236.6,-49942.29249,221.91,0.338202
236.5,-49109.22266,223.484,0.359515
236.4,-54208.95916,223.034,0.353436
236.3,-53814.62451,223.118,0.35457
236.2,-55142.55599,223.683,0.362207
236.1,-50930.56653,224.446,0.372482
236,-58310.67194,223.001,0.352992
235.9,-60678.39262,223.924,0.365447
235.8,-59578.12912,223.833,0.364225
235.7,-55016.8643,223.802,0.363812
235.6,-58751.6469,224.279,0.37024
235.5,-49696.04743,224.768,0.376809
235.4,-55436.62714,225.351,0.384643
235.3,-63208.5639,225.105,0.381344
235.2,-59672.72727,225.007,0.38002
235.1,-60412.12121,224.959,0.379381
235,-65741.10672,225.443,0.385873
234.9,-63322.26614,224.916,0.378803
234.8,-64935.04611,226.626,0.401697
234.7,-69935.83663,226.361,0.398156
234.6,-64909.88142,226.504,0.400063
234.5,-74131.62055,226.407,0.398777
234.4,-72838.86693,227.417,0.412239
234.3,-71112.64822,227.825,0.417664
234.2,-76404.61133,227.393,0.411922
234.1,-75360.34256,227.103,0.408059
234,-78571.01449,228.009,0.420118
233.9,-77993.93939,227.91,0.418793
233.8,-80313.57049,227.72,0.416278
233.7,-84732.80632,227.467,0.412902
233.6,-79726.48221,227.87,0.418266
233.5,-80307.37813,229.902,0.445163
233.4,-86249.14361,229.064,0.434101
233.3,-85355.20422,229.593,0.441096
233.2,-82503.68906,228.622,0.42825
233.1,-84168.37945,229.474,0.439524
233,-81733.06983,229.818,0.444057
232.9,-89079.31489,230.497,0.453002
232.8,-92171.5415,230.546,0.453658
232.7,-96926.35046,230.53,0.453449
232.6,-97153.49144,230.363,0.451241
232.5,-98667.06192,231.653,0.468198
232.4,-92200.2635,231.998,0.47271
232.3,-95735.04611,232.06,0.473526
232.2,-98077.60211,231.871,0.471048
232.1,-101332.8063,232.782,0.482962
232,-102465.0856,231.903,0.471464
231.9,-105854.6772,233.285,0.489524
231.8,-102662.4506,233.301,0.489731
231.7,-104257.971,233.903,0.497563
231.6,-108567.5889,233.852,0.4969
231.5,-112484.4532,234.675,0.507599
231.4,-110024.6377,234.38,0.503762
231.3,-109903.2938,234.398,0.503997
231.2,-117017.1278,235.318,0.515921
231.1,-115192.0949,234.794,0.509141
231,-121118.7088,235.489,0.518135
230.9,-119635.4414,235.76,0.521635
230.8,-117180.5007,235.858,0.522908
230.7,-119566.4032,236.603,0.53251
230.6,-117028.5903,236.09,0.525907
230.5,-116984.3215,236.76,0.534538
230.4,-118651.1199,236.48,0.530934
230.3,-113141.2385,236.872,0.535982
230.2,-124148.6166,237.424,0.543077
230.1,-124973.2543,237.33,0.541869
230,-125186.2978,239.715,0.572388
229.9,-129347.6943,237.935,0.549635
229.8,-131267.5889,238.256,0.553744
229.7,-127967.7207,239.041,0.563787
229.6,-128781.6864,239.427,0.568719
229.5,-130243.2148,238.718,0.55966
229.4,-128458.8933,239.398,0.568343
229.3,-136386.9565,239.065,0.564091
229.2,-134526.8775,240.48,0.582122
229.1,-145849.5389,240.303,0.579874
229,-137298.2872,241.912,0.60028
228.9,-140538.7352,240.998,0.588697
228.8,-146950.7246,242.339,0.605679
228.7,-138945.3228,242.601,0.608983
228.6,-144457.5758,242.808,0.611598
228.5,-141749.4071,244.011,0.626725
228.4,-149435.1779,243.953,0.625999
228.3,-151423.0567,243.285,0.617608
228.2,-150133.2016,244.071,0.627479
228.1,-148786.2978,245.655,0.647313
228,-155063.5046,246.502,0.657882
227.9,-154245.0593,246.587,0.65894
227.8,-150016.8643,247.214,0.666732
227.7,-160703.6891,248.047,0.677063
227.6,-157921.0804,248.848,0.686974
227.5,-159857.3123,248.768,0.685993
227.4,-151669.4335,249.479,0.694763
227.3,-164404.8748,249.665,0.697053
227.2,-160933.8603,249.438,0.69426
227.1,-170476.0211,251.722,0.72232
227,-163960.3426,251.357,0.717853
226.9,-167363.8999,251.983,0.725508
226.8,-163118.8406,252.14,0.727434
226.7,-162078.5244,253.252,0.740993
226.6,-159408.6957,252.897,0.736672
226.5,-166254.2819,253.739,0.746921
226.4,-174854.6772,254.901,0.761014
226.3,-170356.5217,255.481,0.768033
226.2,-172457.1805,255.78,0.771648
226.1,-166749.6706,255.858,0.772592
226,-178427.9315,257.023,0.786629
225.9,-171250.8564,257.536,0.792798
225.8,-173379.3149,258.622,0.80581
225.7,-172446.1133,260.047,0.822829
225.6,-170768.3794,260.539,0.828682
225.5,-177484.058,260.184,0.824462
225.4,-168527.5362,260.943,0.833491
225.3,-174045.7181,261.092,0.835253
225.2,-178537.1542,262.047,0.846577
225.1,-178346.5086,263.355,0.862036
225,-171203.8208,264.348,0.873718
224.9,-182449.2754,265.277,0.884621
224.8,-180461.2648,265.786,0.890577
224.7,-182362.0553,265.452,0.886664
224.6,-185711.726,267.433,0.909801
224.5,-190538.2082,267.573,0.911422
224.4,-176789.1963,269.519,0.934001
224.3,-179660.6061,269.922,0.938649
224.2,-191890.7773,271.337,0.954959
224.1,-183913.4387,271.622,0.958241
224,-183536.1001,271.711,0.959256
223.9,-188262.8458,273.87,0.983981
223.8,-191379.5784,273.818,0.983386
223.7,-189144.5323,275.207,0.999207
223.6,-185713.0435,274.826,0.994865
223.5,-180803.2938,276.931,1.01874
223.4,-181248.6166,279.298,1.04541
223.3,-188367.9842,278.681,1.03848
223.2,-195752.7009,281.219,1.06692
223.1,-199892.4901,282.068,1.07638
223,-188391.0408,282.772,1.08421
222.9,-188192.8854,284.341,1.10161
222.8,-184474.3083,285.174,1.11081
222.7,-180623.7154,286.923,1.13006
222.6,-186635.8366,288.32,1.14537
222.5,-204787.6153,290.105,1.16483
222.4,-191001.8445,290.482,1.16893
222.3,-186767.1937,292.106,1.18653
222.2,-184030.83,292.772,1.19373
222.1,-183326.7457,295.158,1.21941
222,-184577.8656,295.276,1.22067
221.9,-191733.3333,296.627,1.23512
221.8,-185378.1291,298.95,1.25984
221.7,-186840.3162,299.676,1.26754
221.6,-213330.4348,301.488,1.28667
221.5,-184442.2925,302.115,1.29328
221.4,-180135.3096,304.38,1.31702
221.3,-189191.1726,306.034,1.33426
221.2,-191191.4361,307.671,1.35126
221.1,-201594.2029,308.727,1.36218
221,-186208.5639,311.954,1.39536
220.9,-190379.4466,312.484,1.40079
220.8,-179890.9091,315.269,1.42916
220.7,-185017.1278,316.513,1.44176
220.6,-184631.4888,318.697,1.46379
220.5,-195975.0988,319.813,1.475
220.4,-192352.4374,322.32,1.50006
220.3,-186580.2372,324.976,1.52643
220.2,-168085.112,325.731,1.53389
220.1,-172693.6759,327.656,1.55286
220,-199541.3702,331.072,1.58628
219.9,-185047.6943,331.897,1.59431
219.8,-181136.2319,334.419,1.61876
219.7,-181510.4084,336.71,1.64083
219.6,-175665.2174,337.815,1.65142
219.5,-166718.0501,340.658,1.67856
219.4,-193493.4124,342.512,1.69616
219.3,-182834.3874,344.927,1.71896
219.2,-181449.6706,346.949,1.73795
219.1,-185130.303,349.616,1.76285
219,-186479.0514,351.992,1.78491
218.9,-156022.2661,354.545,1.80846
218.8,-185985.3755,356.158,1.82328
218.7,-179434.7826,360.919,1.86667
218.6,-167336.1001,362.424,1.88029
218.5,-160803.9526,364.064,1.89507
218.4,-153360.8696,368.019,1.9305
218.3,-169871.6733,370.327,1.95102
218.2,-155487.22,372.673,1.97177
218.1,-172049.5389,376.794,2.00796
218,-165040.1845,380.289,2.0384
217.9,-157160.7378,381.08,2.04526
217.8,-154873.7813,385.523,2.08354
217.7,-139151.2516,388.521,2.10917
217.6,-153425.4282,392.591,2.14369
217.5,-139302.5033,396.041,2.17272
217.4,-141989.0646,400.401,2.20911
217.3,-105767.5889,402.844,2.22935
217.2,-151410.6719,406.801,2.26191
217.1,-114572.7273,410.585,2.29281
217,-133659.552,414.724,2.32633
216.9,-121019.6311,418.608,2.35753
216.8,-126325.2964,422.988,2.39242
216.7,-110917.7866,426.123,2.41721
216.6,-136686.5613,430.132,2.44869
216.5,-95563.24111,433.463,2.47466
216.4,-123242.556,436.19,2.49579
216.3,-108480.5007,440.514,2.52907
216.2,-107544.664,444.743,2.56135
216.1,-103879.1831,447.55,2.58264
216,-108347.6943,452.127,2.61711
215.9,-103993.2806,454.427,2.63432
215.8,-129841.7655,460.576,2.67997
215.7,-125805.1383,462.905,2.69712
215.6,-103563.1094,467.322,2.72947
215.5,-88257.1805,471.488,2.75973
215.4,-108405.0066,475.446,2.78828
215.3,-72057.1805,480.732,2.82609
215.2,-68405.7971,484.201,2.85071
215.1,-60005.5336,488.809,2.88319
215,-76249.47299,489.847,2.89047
214.9,-73521.60738,495.205,2.92784
214.8,-87283.25428,498.734,2.95228
214.7,-64532.67457,503.445,2.98466
214.6,-68653.22793,509.317,3.02467
214.5,-61457.72069,513.443,3.05255
214.4,-71429.51252,517.407,3.07916
214.3,-53124.69038,521.419,3.10591
214.2,-67994.99341,525.684,3.13416
214.1,-72711.62055,530.56,3.16622
214,-83052.70092,533.934,3.18826
213.9,-47277.99736,538.624,3.2187
213.8,-40263.14888,544.004,3.25334
213.7,-59800.79051,549.423,3.28794
213.6,-64575.8498,552.581,3.30797
213.5,-38225.15152,558.167,3.34316
213.4,-34023.24769,562.164,3.36816
213.3,-65311.62055,566.93,3.39778
213.2,-52301.30435,571.124,3.42366
213.1,-32952.62187,575.573,3.45095
213,-64209.74967,579.315,3.47375
212.9,-55305.52174,583.404,3.49853
212.8,-61409.65744,588.036,3.52643
212.7,-30561.93676,593.766,3.56067
212.6,-57552.04216,598.118,3.5865
212.5,-51396.75889,602.463,3.61213
212.4,-38108.33992,608.041,3.64479
212.3,-18829.25428,613.862,3.67861
212.2,-36489.36759,617.352,3.69875
212.1,-18410.01318,624.327,3.73873
212,-7086.192358,628.356,3.76165
211.9,3351.923584,633.121,3.78859
211.8,-19935.96838,639.714,3.82558
211.7,-51647.56258,644.271,3.85097
211.6,-34402.56917,648.409,3.87388
211.5,-27901.49671,653.107,3.89975
211.4,-24584.84848,657.511,3.92385
211.3,-24197.62846,661.42,3.94513
211.2,-7890.079051,665.124,3.96519
211.1,-34525.24506,670.188,3.99247
211,-40788.93281,673.026,4.00768
210.9,-31028.64295,677.825,4.03328
210.8,-25656.7141,682.607,4.05863
210.7,-12621.98946,687.408,4.08393
210.6,-43997.24638,690.782,4.10163
210.5,-27561.89723,695.524,4.12637
210.4,-46744.61133,700.602,4.1527
210.3,-21048.37945,702.534,4.16267
210.2,-19232.46377,707.487,4.18814
210.1,-9067.220026,711.955,4.21099
210,-18105.55599,715.732,4.2302
209.9,-44478.73518,719.312,4.24834
209.8,-26842.47694,724.189,4.27292
209.7,6153.359684,727.739,4.29072
209.6,-14013.92622,733.24,4.31816
209.5,-12382.62187,737.186,4.33774
209.4,-29759.50725,740.428,4.35375
209.3,-15696.37681,743.878,4.37073
209.2,-28161.97628,747.346,4.38773
209.1,-9787.214756,751.349,4.40727
209,-12117.79447,753.05,4.41555
208.9,-9685.309618,756.648,4.433
208.8,-679.828722,760.208,4.45019
208.7,7145.111989,762.01,4.45888
208.6,-28009.61792,765.242,4.4744
208.5,-23045.71805,766.86,4.48215
208.4,-31568.7747,769.365,4.49412
208.3,132.9380764,771.891,4.50615
208.2,-31993.76812,774.963,4.52075
208.1,-24098.68248,778.008,4.53517
208,-7064.401845,781.215,4.55029
207.9,23185.38076,782.406,4.5559
207.8,-31728.87879,785.61,4.57095
207.7,-29204.61133,788.673,4.58528
207.6,21197.94466,789.56,4.58942
207.5,-12432.38999,791.793,4.59983
207.4,3064.901186,791.934,4.60049
207.3,-10326.21871,794.158,4.61083
207.2,-15723.21476,795.675,4.61787
207.1,-27203.33333,797.55,4.62655
207,22337.07642,798.662,4.63169
206.9,-39084.05797,798.785,4.63227
206.8,-26488.28722,800.935,4.64219
206.7,10528.01054,802.469,4.64925
206.6,-10095.82345,803.713,4.65498
206.5,12255.88538,803.828,4.6555
206.4,-21200.32938,804.874,4.66031
206.3,4824.729908,804.629,4.65918
206.2,-9509.103557,807.032,4.67021
206.1,-8566.785244,808.094,4.67507
206,-32188.23715,807.308,4.67147
205.9,2083.105402,810.473,4.68594
205.8,-12191.04084,809.649,4.68218
205.7,-6485.388669,810.755,4.68723
205.6,-17519.14361,811.223,4.68936
205.5,-1073.083004,810.374,4.68549
205.4,-9479.680105,811.215,4.68933
205.3,-12373.91173,812.303,4.69428
205.2,-29449.47299,813.682,4.70056
205.1,-30077.2859,813.542,4.69993
205,6928.181818,812.99,4.69741
204.9,15025.49407,813.067,4.69776
204.8,17799.80237,813.953,4.70179
204.7,-43248.52437,815.095,4.70698
204.6,-1561.251647,816.05,4.71132
204.5,14148.4585,814.293,4.70334
204.4,13920.47431,814.785,4.70558
204.3,-20665.70487,815.066,4.70685
204.2,-23890.40843,814.734,4.70534
204.1,-21095.75758,815.47,4.70868
204,4627.99473,815.252,4.7077
203.9,28852.26614,815.255,4.70771
203.8,-18315.5336,814.869,4.70596
203.7,1837.918314,816.723,4.71437
203.6,-4689.920949,816.442,4.7131
203.5,-5684.334651,817.591,4.7183
203.4,24811.278,818.353,4.72176
203.3,-22632.47563,818.31,4.72156
203.2,26665.11199,817.008,4.71566
203.1,21487.05402,820.8,4.73281
203,-249.1567852,819.968,4.72906
202.9,7081.482213,820.835,4.73297
202.8,52310.2635,819.511,4.72699
202.7,-14028.57708,820.241,4.73029
202.6,-3982.254282,821.499,4.73597
202.5,131.5810277,821.497,4.73596
202.4,-5446.403162,822.941,4.74247
202.3,-15446.35046,824.109,4.74773
202.2,-3621.241107,824.447,4.74925
202.1,18827.85244,825.182,4.75256
202,31263.45191,827.103,4.76118
201.9,-8890.197628,829.222,4.77067
201.8,13052.79315,830.083,4.77452
201.7,4582.59552,831.899,4.78264
201.6,24335.88933,833.248,4.78865
201.5,14857.08827,834.938,4.79618
201.4,2275.43083,837.474,4.80745
201.3,19139.97365,839.675,4.8172
201.2,7438.708827,841.121,4.8236
201.1,-20555.76943,843.199,4.83278
201,2788.537549,845.725,4.8439
200.9,19098.78788,848.115,4.85441
200.8,30015.7971,850.65,4.86552
200.7,14930.07905,852.809,4.87497
200.6,33523.66271,856.666,4.89178
200.5,-14489.90777,859.837,4.90556
200.4,6953.790514,863.056,4.91951
200.3,-14536.73254,865.423,4.92973
200.2,14221.06719,870.075,4.94975
200.1,3428.747036,874.848,4.9702
200,-13860.98814,877.732,4.98251
199.9,-6909.749671,882.637,5.00337
199.8,12092.77997,887.212,5.02273
199.7,12368.8274,890.369,5.03604
199.6,14528.82609,895.189,5.05629
199.5,-7995.065876,899.038,5.07239
199.4,-9198.737813,903.042,5.08908
199.3,3211.515152,908.063,5.10991
199.2,6911.264822,911.909,5.1258
199.1,-26002.23979,917.497,5.14879
199,10367.54018,923.78,5.17449
198.9,12101.68116,928.229,5.19261
198.8,-6743.003953,935.868,5.22353
198.7,41379.68379,941.945,5.24797
198.6,8831.212121,949.319,5.27745
198.5,-6268.731225,954.845,5.29942
198.4,6253.267457,962.449,5.32946
198.3,27.02898551,968.155,5.35187
198.2,-16754.83531,974.24,5.37565
198.1,41766.44269,980.941,5.40168
198,-701.6205534,985.966,5.4211
197.9,22024.84848,994.079,5.45228
197.8,10646.73254,999.869,5.4744
197.7,-8769.512516,1005.27,5.49493
197.6,1293.096179,1012.08,5.52068
197.5,-10953.95744,1018.93,5.54644
197.4,5406.811594,1023.03,5.5618
197.3,17513.57049,1030.84,5.59088
197.2,25884.57181,1036.77,5.61283
197.1,28553.65481,1041.73,5.63112
197,28362.25296,1049.75,5.66051
196.9,-46593.0303,1054.56,5.67807
196.8,-43451.21212,1060.99,5.7014
196.7,26311.3834,1065.25,5.71678
196.6,26301.67457,1069.26,5.73125
196.5,-17049.42029,1071.26,5.73844
196.4,-31329.97365,1073.33,5.74584
196.3,-14535.05929,1075.08,5.75213
196.2,4337.786561,1075.56,5.75385
196.1,2897.022398,1075.97,5.75531
196,-4275.177866,1073.5,5.74645
195.9,-1525.625823,1076.73,5.75803
195.8,35500.71146,1076.52,5.75727
195.7,-48346.64032,1076.3,5.75647
195.6,-27056.77207,1074.39,5.74966
195.5,6749.306983,1077.34,5.76021
195.4,-245.4545455,1076.66,5.75778
195.3,27247.91831,1074.3,5.74932
195.2,-11458.20817,1076.21,5.75617
195.1,30027.29908,1076.02,5.7555
195,57108.64295,1075.23,5.75264
194.9,31963.75626,1075.74,5.75447
194.8,13156.9697,1074.89,5.75144
194.7,25070.50066,1076.17,5.75601
194.6,15102.01581,1075.87,5.75494
194.5,-12575.08564,1076.58,5.75749
194.4,4740.55336,1076.44,5.75699
194.3,-45152.7141,1075.45,5.75343
194.2,30572.7668,1076.42,5.75691
194.1,6240.803689,1076.72,5.75797
194,-3861.963109,1075.86,5.7549
193.9,16504.63768,1076.49,5.75714
193.8,-16569.09091,1076.32,5.75654
193.7,-13776.03953,1076.43,5.75695
193.6,5153.952569,1077.71,5.76153
193.5,-1343.267457,1075.6,5.75397
193.4,3556.706192,1076.67,5.75782
193.3,-14846.81159,1076.84,5.7584
193.2,-5539.85112,1076.31,5.7565
193.1,-4894.611331,1076.88,5.75857
193,10125.20422,1076.27,5.75639
192.9,-22265.66535,1076.86,5.75847
192.8,-14773.72859,1077.65,5.76131
192.7,26717.36495,1076.59,5.75752
192.6,-4729.69697,1076.94,5.75878
192.5,11169.46245,1076.41,5.75687
192.4,-16770.40843,1077.27,5.75995
192.3,14587.49275,1077.03,5.75908
192.2,-24309.56522,1077.33,5.76017
192.1,2807.918314,1076.07,5.75564
192,16999.96047,1076.68,5.75786
191.9,5246.173913,1077.37,5.76032
191.8,-10862.49012,1077.25,5.75988
191.7,22987.2859,1077.42,5.76047
191.6,19475.88933,1077.17,5.7596
191.5,18830.31621,1077.16,5.75957
191.4,20073.87352,1076.84,5.75841
191.3,36683.04348,1077.76,5.76171
191.2,-2889.920949,1077,5.759
191.1,54166.28458,1077.97,5.76244
191,-16617.52306,1076.74,5.75806
190.9,6313.220026,1076.06,5.75561
190.8,-19524.29513,1076.6,5.75754
190.7,24011.4137,1076.36,5.75671
190.6,28808.12912,1077.39,5.76036
190.5,-44923.59684,1077.82,5.76191
190.4,-10971.1726,1077.02,5.75905
190.3,-25885.42819,1077.45,5.76057
190.2,1164.57444,1077.04,5.75913
190.1,1372.56917,1076.13,5.75586
190,-9874.888011,1076.99,5.75895
,,,
##### Extended Information,,,
[Comments],,,
Sample name,Sample_JH_CW,,
Comment,,,
User,ScharfMinor,,
Division,,,
Company,Saint Mary's College,,
,,,
[Detailed Information],,,
Creation date,9/27/22 15:51,,
,,,
Data array type,Linear data array * 3,,
Horizontal axis,Wavelength [nm],,
Vertical axis(1),CD [mdeg],,
Vertical axis(2),HT [V],,
Vertical axis(3),Abs,,
Start,320 nm,,
End,190 nm,,
Data interval,0.1 nm,,
Data points,1301,,
,,,
[Measurement Information],,,
Instrument name,J-1500,,
Model name,J-1500,,
Serial No.,B051061638,,
,,,
Detector,PM-539,,
Detector S/N,B051061638,,
  Lock-in amp.,X mode,,
  HT volt,Auto,,
,,,
Accessory,PTC-517,,
Accessory S/N,B026561646,,
  Temperature,22.10 C,,
  Control sensor,Holder,,
  Monitor sensor,Holder,,
,,,
Measurement date,9/27/22 15:51,,
,,,
CD Overload detect,947,,
Photometric mode,CD, HT, Abs
Measure range,320 - 190 nm,,
Data pitch,0.1 nm,,
CD scale,20 mdeg/0.05 dOD,,
FL scale,20 mdeg/0.05 dOD,,
D.I.T.,8 msec,,
Bandwidth,2.00 nm,,
Start mode,Immediately,,
Scanning mode,Continuous,,
Scanning speed,100 nm/min,,
Baseline correction,None,,
Shutter control,Auto,,
No. of cycle,1-Jan,,
N2 Flowmeter,Manual,,
,,,
Solvent,NaPO4 buffer,,