TITLE,AZNTEA_BUFFER_928
DATA TYPE,
ORIGIN,JASCO
OWNER,
DATE,22/09/28
TIME,15:40:02
SPECTROMETER/DATA SYSTEM,
LOCALE,1033
RESOLUTION,
DELTAX,-0.1
XUNITS,NANOMETERS
YUNITS,CD [mdeg]
Y2UNITS,HT [V]
Y3UNITS,ABSORBANCE
FIRSTX,  320.0000
LASTX,  190.0000
NPOINTS,    1301
FIRSTY,     1.81510
MAXY,    10.52258
MINY,    -5.63345
XYDATA
320.0000,1.8151,208.995,0.158438
319.9000,1.29443,207.665,0.139407
319.8000,0.636351,208.738,0.154766
319.7000,1.03407,208.947,0.157743
319.6000,1.91391,209.451,0.164932
319.5000,1.07831,207.775,0.140983
319.4000,1.29191,208.271,0.148092
319.3000,0.749522,209.571,0.166642
319.2000,-0.446561,208.947,0.157743
319.1000,0.986396,209.155,0.160717
319.0000,0.155398,208.235,0.147573
318.9000,3.32822,208.751,0.154944
318.8000,-0.188886,209.079,0.159634
318.7000,-0.32883,208.78,0.155365
318.6000,1.1055,207.652,0.139212
318.5000,2.38136,208.428,0.150329
318.4000,2.75929,208.609,0.15292
318.3000,0.285527,208.609,0.15292
318.2000,1.82214,208.385,0.149713
318.1000,0.126722,209.29,0.162639
318.0000,2.25784,209.053,0.159262
317.9000,0.53658,209.127,0.160313
317.8000,0.433778,208.271,0.148092
317.7000,0.794217,208.995,0.158438
317.6000,-0.0589462,209.053,0.159262
317.5000,1.10268,208.542,0.151965
317.4000,1.60346,208.407,0.150037
317.3000,1.15604,208.372,0.149534
317.2000,0.240646,208.74,0.154798
317.1000,0.369163,209.153,0.160684
317.0000,1.43032,207.854,0.14212
316.9000,2.15499,208.602,0.152823
316.8000,1.87439,208.001,0.144215
316.7000,1.15309,208.412,0.150102
316.6000,1.08856,209.869,0.170882
316.5000,0.867171,208.677,0.153892
316.4000,1.02282,209.137,0.160458
316.3000,2.06098,208.865,0.156578
316.2000,2.01686,209.537,0.166158
316.1000,2.30383,207.423,0.135927
316.0000,2.94066,206.928,0.12881
315.9000,1.2587,208.685,0.154005
315.8000,2.6645,208.36,0.149356
315.7000,1.5774,208.467,0.150896
315.6000,-0.75858,208.295,0.148432
315.5000,0.322983,207.833,0.141811
315.4000,1.17229,208.142,0.146243
315.3000,0.687544,208.154,0.146405
315.2000,1.09449,207.786,0.141145
315.1000,0.893612,207.916,0.142997
315.0000,1.26327,208.832,0.156109
314.9000,0.846761,208.822,0.155963
314.8000,1.40398,208.588,0.152613
314.7000,1.88149,208.267,0.148027
314.6000,2.60747,209.182,0.161105
314.5000,1.90582,208.295,0.148432
314.4000,0.203288,208.527,0.151754
314.3000,2.02264,208.804,0.155704
314.2000,2.96323,208.459,0.150782
314.1000,0.922078,207.428,0.136008
314.0000,1.5269,208.671,0.153811
313.9000,1.83579,208.467,0.150896
313.8000,1.03809,206.208,0.118444
313.7000,-0.244389,208.548,0.152046
313.6000,1.60296,208.219,0.147346
313.5000,-0.191179,208.881,0.156804
313.4000,2.02186,207.579,0.138171
313.3000,2.63832,207.829,0.141762
313.2000,-0.521696,207.882,0.14251
313.1000,1.37672,207.052,0.130603
313.0000,0.381302,207.569,0.138025
312.9000,0.625973,208.484,0.151139
312.8000,1.62096,208.019,0.144474
312.7000,0.473243,207.863,0.14225
312.6000,1.46967,207.781,0.141064
312.5000,1.15246,208.542,0.151965
312.4000,1.7211,208.165,0.146567
312.3000,0.971964,208.24,0.147638
312.2000,0.311292,207.552,0.137781
312.1000,0.967934,207.812,0.141519
312.0000,1.09398,207.789,0.141178
311.9000,0.977409,208.705,0.154296
311.8000,1.4367,208.467,0.150896
311.7000,1.33,207.611,0.138626
311.6000,1.70237,207.935,0.143273
311.5000,0.414322,207.986,0.144003
311.4000,0.882971,208.07,0.145204
311.3000,2.09437,208.064,0.145123
311.2000,0.617781,208.233,0.14754
311.1000,1.09661,207.539,0.137602
311.0000,1.62266,207.9,0.14277
310.9000,-0.613166,207.683,0.139667
310.8000,-0.373227,208.124,0.145983
310.7000,1.47794,207.84,0.141909
310.6000,-0.153465,208.763,0.155122
310.5000,2.70822,208.964,0.157985
310.4000,1.64459,207.435,0.136106
310.3000,-0.509088,208.09,0.145496
310.2000,2.08683,208.28,0.148221
310.1000,2.75879,207.623,0.138805
310.0000,1.08719,207.289,0.134007
309.9000,3.26056,207.255,0.133518
309.8000,2.2548,207.951,0.1435
309.7000,2.04418,208.45,0.150653
309.6000,2.30774,209.363,0.163672
309.5000,0.124059,206.039,0.116008
309.4000,-0.19351,207.721,0.140203
309.3000,1.41231,208.392,0.14981
309.2000,0.713998,207.49,0.136886
309.1000,2.0973,207.441,0.136187
309.0000,2.83368,207.252,0.133469
308.9000,1.46388,207.87,0.142347
308.8000,0.601528,208.385,0.149713
308.7000,1.09002,207.399,0.135585
308.6000,0.0799221,207.611,0.138626
308.5000,0.368832,207.453,0.136366
308.4000,1.56932,209.638,0.167594
308.3000,1.46794,208.476,0.151025
308.2000,-0.51565,207.646,0.13913
308.1000,1.35041,207.973,0.143825
308.0000,0.845007,207.2,0.13272
307.9000,0.948566,206.778,0.126658
307.8000,2.13733,207.085,0.131075
307.7000,0.40308,208.386,0.149729
307.6000,0.0666132,207.386,0.135406
307.5000,1.66003,207.904,0.142835
307.4000,0.7409,207.649,0.139179
307.3000,1.17916,208.027,0.144588
307.2000,0.986599,207.556,0.137846
307.1000,0.363319,207.314,0.134365
307.0000,1.52036,207.615,0.138692
306.9000,0.979807,208.084,0.145415
306.8000,0.00467179,209.017,0.158745
306.7000,0.420902,208.977,0.158179
306.6000,2.3915,208.057,0.145026
306.5000,0.0791922,208.304,0.148562
306.4000,-0.382747,207.665,0.139407
306.3000,0.639945,207.529,0.137456
306.2000,1.54918,208.405,0.150004
306.1000,1.27919,208.01,0.144344
306.0000,1.60407,207.683,0.139667
305.9000,1.45793,206.993,0.129756
305.8000,0.310145,207.178,0.132411
305.7000,-0.521283,208.286,0.148302
305.6000,1.01891,208.127,0.146032
305.5000,1.97306,207.752,0.140658
305.4000,0.618686,207.512,0.137212
305.3000,0.641229,208.399,0.149923
305.2000,1.58349,208.188,0.146892
305.1000,1.01757,208.01,0.144344
305.0000,1.32586,208.67,0.153795
304.9000,2.69962,208.501,0.151382
304.8000,2.30434,208.293,0.1484
304.7000,1.48572,208.225,0.147427
304.6000,0.498532,207.462,0.136496
304.5000,0.502618,207.413,0.13578
304.4000,1.16946,207.748,0.140593
304.3000,-0.228914,207.648,0.139163
304.2000,2.00355,207.814,0.141535
304.1000,1.75802,207.981,0.143938
304.0000,-0.0369576,207.084,0.131059
303.9000,0.663315,207.74,0.140479
303.8000,1.12603,207.083,0.131043
303.7000,0.0605533,207.238,0.133274
303.6000,0.245298,207.078,0.130978
303.5000,1.94281,207.653,0.139228
303.4000,1.28315,208.781,0.155381
303.3000,1.1215,207.633,0.138952
303.2000,0.567756,207.45,0.136317
303.1000,1.8457,208.362,0.149388
303.0000,2.14486,207.459,0.136447
302.9000,1.02723,207.695,0.139829
302.8000,1.9769,208.898,0.157047
302.7000,0.112237,207.91,0.142916
302.6000,-0.942772,207.561,0.137911
302.5000,1.38102,208.312,0.148675
302.4000,1.59563,207.515,0.137244
302.3000,1.40852,207.705,0.139975
302.2000,2.1319,208.074,0.145269
302.1000,0.455378,205.721,0.111408
302.0000,0.486691,206.226,0.118706
301.9000,1.82568,207.688,0.139732
301.8000,1.19664,207.309,0.1343
301.7000,1.41212,206.687,0.125353
301.6000,-1.27329,207.682,0.13965
301.5000,0.339878,208.464,0.150847
301.4000,2.76964,207.892,0.142656
301.3000,1.29404,208.307,0.148594
301.2000,0.303859,206.727,0.125924
301.1000,1.48991,207.922,0.143094
301.0000,0.721703,206.852,0.127718
300.9000,0.69244,208.127,0.146032
300.8000,-0.869337,208.087,0.145448
300.7000,-0.625629,207.132,0.131743
300.6000,0.394719,208.389,0.149778
300.5000,2.22179,205.256,0.104686
300.4000,2.38908,208.172,0.146665
300.3000,0.831762,205.842,0.11316
300.2000,1.52298,206.836,0.12749
300.1000,0.317158,207.799,0.141324
300.0000,0.435404,207.713,0.140089
299.9000,0.342396,206.797,0.126935
299.8000,-0.0449792,208.496,0.151301
299.7000,0.805179,207.558,0.137862
299.6000,-0.255049,207.474,0.136659
299.5000,0.738527,208.246,0.147735
299.4000,0.089046,207.19,0.13259
299.3000,0.710467,207.891,0.14264
299.2000,0.45403,207.38,0.135309
299.1000,2.68437,207.646,0.13913
299.0000,1.71329,206.531,0.1231
298.9000,1.91266,206.027,0.115828
298.8000,1.46938,207.291,0.134039
298.7000,-0.510043,207,0.129853
298.6000,0.792884,208.072,0.145237
298.5000,0.83006,208.847,0.156319
298.4000,1.23335,206.137,0.117415
298.3000,2.32342,207.525,0.137391
298.2000,0.970833,207.62,0.138756
298.1000,0.270611,206.65,0.124814
298.0000,1.17317,207.553,0.137797
297.9000,0.699667,206.804,0.127033
297.8000,0.295883,206.712,0.125712
297.7000,0.4476,208.069,0.145188
297.6000,1.10392,205.504,0.108278
297.5000,2.03384,207.221,0.13303
297.4000,2.26708,207.329,0.134576
297.3000,0.478684,207.694,0.139813
297.2000,1.10965,207.829,0.141762
297.1000,1.50588,206.815,0.127196
297.0000,0.201286,207.309,0.1343
296.9000,0.0422578,207.17,0.132297
296.8000,0.87148,207,0.129853
296.7000,-0.519198,207.357,0.134983
296.6000,1.23667,207.793,0.141243
296.5000,0.407924,206.76,0.126397
296.4000,0.245423,207.831,0.141779
296.3000,2.5081,207.971,0.143792
296.2000,1.59127,207.166,0.132232
296.1000,2.44607,206.722,0.125859
296.0000,0.913545,206.701,0.125549
295.9000,1.71774,207.272,0.133762
295.8000,-0.193692,207.156,0.132102
295.7000,0.442764,207.224,0.133079
295.6000,-0.956583,207.183,0.132476
295.5000,1.01996,207.177,0.132395
295.4000,-0.76319,206.631,0.124537
295.3000,-0.701578,206.505,0.122725
295.2000,0.616786,207.526,0.137407
295.1000,1.35787,206.214,0.118526
295.0000,0.399453,206.724,0.125875
294.9000,-0.903833,207.33,0.134592
294.8000,2.0952,206.225,0.11869
294.7000,-0.00931146,207.032,0.13031
294.6000,2.26101,207.219,0.132997
294.5000,1.3723,207.025,0.130212
294.4000,0.553244,207.247,0.133404
294.3000,2.05994,207.062,0.13075
294.2000,1.98358,206.789,0.126821
294.1000,0.644679,207.437,0.136138
294.0000,0.879016,206.976,0.129511
293.9000,-0.0664455,206.712,0.125712
293.8000,1.25337,207.085,0.131075
293.7000,1.44511,206.157,0.117709
293.6000,1.28719,206.988,0.129674
293.5000,0.557968,207.362,0.135048
293.4000,1.20593,205.958,0.11483
293.3000,0.833827,207.464,0.136512
293.2000,0.396069,206.693,0.125435
293.1000,0.904377,208.122,0.145951
293.0000,0.816462,208.506,0.151447
292.9000,0.93249,206.506,0.122741
292.8000,0.389689,204.919,0.099793
292.7000,1.8348,206.506,0.122741
292.6000,1.53071,206.083,0.116646
292.5000,0.251831,207.103,0.131336
292.4000,-1.45545,206.925,0.128778
292.3000,0.0329185,205.919,0.114273
292.2000,0.383114,206.674,0.125157
292.1000,0.544843,207.138,0.131841
292.0000,-0.179741,206.728,0.12594
291.9000,1.19717,206.281,0.119491
291.8000,0.489941,206.008,0.11555
291.7000,1.27427,206.302,0.119801
291.6000,-0.00165626,206.26,0.119196
291.5000,-0.0925584,207.742,0.140512
291.4000,0.307849,205.685,0.110884
291.3000,2.03192,206.464,0.122137
291.2000,1.45365,206.206,0.118412
291.1000,-0.0489743,207.092,0.131173
291.0000,1.71467,206.557,0.123476
290.9000,1.04456,207.01,0.13
290.8000,0.541787,205.153,0.103193
290.7000,1.1381,206.227,0.118722
290.6000,0.281631,206.634,0.124586
290.5000,1.65007,205.185,0.103653
290.4000,0.63198,206.504,0.122709
290.3000,0.474957,207.504,0.137098
290.2000,0.934938,205.188,0.103702
290.1000,1.02838,206.35,0.120487
290.0000,2.92473,206.036,0.115959
289.9000,0.0462421,207.256,0.133534
289.8000,1.09402,207.088,0.131124
289.7000,-0.0533091,205.528,0.108623
289.6000,1.42614,207.153,0.132053
289.5000,1.12306,207.304,0.134218
289.4000,1.08671,206.617,0.124341
289.3000,-0.210506,206.976,0.129511
289.2000,-0.24683,206.369,0.120765
289.1000,1.74097,206.82,0.127261
289.0000,1.03109,206.01,0.115582
288.9000,0.522628,207.039,0.130408
288.8000,1.96271,206.489,0.122496
288.7000,1.63473,206.743,0.126152
288.6000,1.97077,206.371,0.120798
288.5000,1.16865,206.509,0.12279
288.4000,0.349559,207.198,0.132704
288.3000,0.690765,205.915,0.114208
288.2000,0.625818,206.869,0.127963
288.1000,0.89659,207.036,0.130375
288.0000,-0.727839,206.853,0.127734
287.9000,1.13212,206.605,0.124162
287.8000,0.0324633,206.814,0.12718
287.7000,0.666096,206.93,0.128843
287.6000,1.47463,206.717,0.125777
287.5000,0.93276,206.006,0.115534
287.4000,0.581281,207.411,0.135764
287.3000,0.747182,206.739,0.126103
287.2000,0.964567,206.377,0.120879
287.1000,0.615094,206.621,0.12439
287.0000,-0.308776,206.204,0.118379
286.9000,1.56023,206.349,0.120471
286.8000,0.938691,206.015,0.115664
286.7000,0.112591,205.716,0.111343
286.6000,0.725585,206.543,0.12328
286.5000,1.66844,206.281,0.119491
286.4000,0.260843,205.298,0.105294
286.3000,1.91593,206.228,0.118739
286.2000,0.144672,206.308,0.119883
286.1000,1.22846,206.431,0.121664
286.0000,0.347346,205.935,0.114503
285.9000,-0.662576,206.35,0.120487
285.8000,-0.510638,205.784,0.112325
285.7000,1.84053,206.838,0.127522
285.6000,0.260439,205.953,0.114764
285.5000,1.08429,206.958,0.129251
285.4000,-0.0807217,206.899,0.128403
285.3000,1.72232,206.452,0.121957
285.2000,0.60587,206.534,0.12315
285.1000,1.08631,206.571,0.123672
285.0000,1.68335,206.436,0.121729
284.9000,0.639211,206.141,0.11748
284.8000,2.07309,206.343,0.120389
284.7000,0.446725,206.011,0.115599
284.6000,1.30931,206.924,0.128762
284.5000,1.29463,206.984,0.129625
284.4000,0.472093,206.63,0.124521
284.3000,1.41795,206.874,0.128044
284.2000,2.06196,207.083,0.131043
284.1000,2.34406,206.105,0.116957
284.0000,1.80176,206.24,0.118902
283.9000,0.716503,206.53,0.123084
283.8000,-0.206235,207.917,0.143013
283.7000,2.29992,207.545,0.137683
283.6000,0.597346,205.722,0.111424
283.5000,0.232873,204.549,0.0944319
283.4000,-1.61101,206.803,0.127017
283.3000,-0.554582,206.24,0.118902
283.2000,1.21065,205.374,0.106393
283.1000,1.237,207.303,0.134202
283.0000,0.896575,206.09,0.116744
282.9000,0.436043,206.225,0.11869
282.8000,1.45675,205.446,0.107426
282.7000,0.223003,206.699,0.125516
282.6000,0.888501,205.969,0.114993
282.5000,1.77149,205.742,0.111719
282.4000,1.04412,206.526,0.123035
282.3000,1.51792,205.971,0.115026
282.2000,0.937408,205.689,0.11095
282.1000,2.04469,204.604,0.0952219
282.0000,2.1279,207.085,0.131075
281.9000,0.392969,206.37,0.120781
281.8000,-1.01138,207.863,0.14225
281.7000,1.38518,207.081,0.13101
281.6000,0.812512,206.696,0.125483
281.5000,0.728699,206.19,0.118183
281.4000,2.15588,206.398,0.12119
281.3000,0.970637,207.03,0.130277
281.2000,0.904683,207.474,0.136659
281.1000,1.53557,205.574,0.109278
281.0000,-0.257283,206.973,0.129462
280.9000,0.41252,205.552,0.108967
280.8000,-1.81752,206.742,0.126136
280.7000,0.025874,206.426,0.121582
280.6000,-0.841692,207.737,0.14043
280.5000,-1.0101,206.756,0.126348
280.4000,2.15695,206.185,0.118117
280.3000,2.83354,206.35,0.120487
280.2000,0.844523,206.851,0.127702
280.1000,0.255058,205.499,0.108196
280.0000,1.01076,206.613,0.124276
279.9000,-0.11574,206.573,0.123705
279.8000,0.328429,206.866,0.12793
279.7000,-0.0939713,206.173,0.117938
279.6000,0.862884,207.112,0.131466
279.5000,0.856175,207.061,0.130733
279.4000,1.9298,206.318,0.12003
279.3000,-0.0703765,207.228,0.133127
279.2000,0.0947428,206.583,0.123851
279.1000,0.737293,206.823,0.12731
279.0000,-0.543062,206.664,0.12501
278.9000,0.81658,206.58,0.123803
278.8000,1.43911,206.355,0.120569
278.7000,0.407464,206.738,0.126087
278.6000,-0.738328,205.463,0.107672
278.5000,-0.808296,205.929,0.114421
278.4000,2.06119,206.437,0.121745
278.3000,0.408626,207.008,0.129967
278.2000,0.570016,206.176,0.117987
278.1000,-0.925758,207.034,0.130342
278.0000,0.992056,206.029,0.115861
277.9000,-0.707554,206.729,0.125956
277.8000,0.542572,207.295,0.134088
277.7000,1.08615,206.227,0.118722
277.6000,1.88,205.579,0.10936
277.5000,1.33912,208.122,0.145951
277.4000,1.4683,207.466,0.136545
277.3000,1.97309,207.264,0.133649
277.2000,-0.90951,207.147,0.131971
277.1000,0.883992,207.552,0.137781
277.0000,1.54134,206.694,0.125451
276.9000,-0.342308,205.951,0.114732
276.8000,0.0851124,207.415,0.135813
276.7000,0.61281,206.526,0.123035
276.6000,-1.24204,207.213,0.132916
276.5000,0.986367,206.581,0.123819
276.4000,-0.668466,206.891,0.128289
276.3000,-0.80502,206.011,0.115599
276.2000,0.693861,206.894,0.128321
276.1000,0.892434,205.958,0.11483
276.0000,-1.27666,205.492,0.108098
275.9000,-0.523242,205.023,0.101304
275.8000,0.71018,206.685,0.12532
275.7000,1.1996,207.93,0.143208
275.6000,0.764554,206.202,0.118363
275.5000,0.519411,207.709,0.14004
275.4000,0.734354,205.508,0.108328
275.3000,0.0560582,206.137,0.117415
275.2000,1.89458,206.83,0.127408
275.1000,1.90603,206.657,0.124912
275.0000,0.828348,206.038,0.115991
274.9000,0.609359,206.924,0.128762
274.8000,2.21841,206.44,0.121794
274.7000,-0.598675,206.311,0.119932
274.6000,1.59367,206.966,0.129365
274.5000,-0.148234,205.653,0.110425
274.4000,0.77818,206.676,0.12519
274.3000,2.74544,208.032,0.144669
274.2000,0.666912,206.753,0.126299
274.1000,0.982867,206.137,0.117415
274.0000,0.804904,206.367,0.120732
273.9000,1.06553,205.943,0.114617
273.8000,1.56554,206.594,0.124015
273.7000,1.05562,206.167,0.117856
273.6000,-0.530092,206.07,0.11645
273.5000,-0.799328,207.059,0.130701
273.4000,0.944365,207.177,0.132395
273.3000,1.80275,205.98,0.115157
273.2000,0.902705,206.475,0.1223
273.1000,1.35255,205.746,0.111769
273.0000,1.07436,207.066,0.130799
272.9000,0.890125,206.96,0.129283
272.8000,1.25244,207.589,0.138318
272.7000,-0.803775,206.47,0.122219
272.6000,-0.9056,207.417,0.135846
272.5000,0.102121,206.607,0.124194
272.4000,1.86858,206.043,0.116057
272.3000,1.71426,207.462,0.136496
272.2000,0.647704,206.462,0.122104
272.1000,-1.19796,206.576,0.123753
272.0000,0.155699,206.523,0.122986
271.9000,-2.1649,207.11,0.131434
271.8000,0.345926,206.16,0.117758
271.7000,-0.179221,206.325,0.120128
271.6000,2.03796,207.083,0.131043
271.5000,1.25364,206.574,0.123721
271.4000,-0.539678,205.696,0.111048
271.3000,-0.6309,207.458,0.136431
271.2000,2.63571,208.297,0.148465
271.1000,-1.507,207.613,0.138659
271.0000,1.7601,207.825,0.141698
270.9000,0.765853,208.165,0.146567
270.8000,0.580957,207.06,0.130717
270.7000,1.21562,206.86,0.127832
270.6000,0.275051,207.405,0.135666
270.5000,-0.692564,208.814,0.15585
270.4000,0.0376198,207.692,0.139797
270.3000,0.491131,206.683,0.125288
270.2000,0.661609,206.914,0.128615
270.1000,0.955025,206.628,0.124504
270.0000,1.95622,207.095,0.131222
269.9000,0.772534,206.566,0.123606
269.8000,0.923319,207.316,0.134397
269.7000,0.00341356,207.717,0.140154
269.6000,1.08981,207.493,0.136935
269.5000,2.58023,208.497,0.151317
269.4000,-0.909128,207.621,0.138773
269.3000,-0.875969,207.202,0.132753
269.2000,1.29691,206.461,0.122088
269.1000,0.228907,207.014,0.130049
269.0000,1.5032,207.759,0.140755
268.9000,2.00465,207.637,0.139
268.8000,0.459703,208.163,0.146535
268.7000,2.0251,207.78,0.141048
268.6000,-0.714133,207.18,0.132444
268.5000,2.16097,207.987,0.14402
268.4000,1.01314,207.908,0.142883
268.3000,0.742999,207.641,0.139065
268.2000,-1.25251,207.217,0.132965
268.1000,0.405453,208.303,0.148546
268.0000,0.866592,207.958,0.143598
267.9000,1.59765,208.369,0.149486
267.8000,-0.383125,208.171,0.146648
267.7000,0.326043,207.979,0.143906
267.6000,0.263122,208.9,0.157079
267.5000,0.069454,208.353,0.149259
267.4000,0.931242,208.618,0.15305
267.3000,0.154463,208.188,0.146892
267.2000,0.753906,207.598,0.138448
267.1000,-0.413194,207.721,0.140203
267.0000,1.17997,207.712,0.140073
266.9000,1.0862,206.87,0.127979
266.8000,-1.04807,208.158,0.14647
266.7000,1.34948,208.371,0.149518
266.6000,-1.24333,207.827,0.14173
266.5000,-0.219071,207.859,0.142185
266.4000,-0.595315,207.639,0.139033
266.3000,1.09558,207.803,0.141389
266.2000,0.296964,208.091,0.145513
266.1000,0.663648,207.416,0.135829
266.0000,-1.06986,208.779,0.155348
265.9000,1.67961,209.48,0.165351
265.8000,-0.267338,208.047,0.14488
265.7000,1.01781,209.036,0.15902
265.6000,0.604079,208.828,0.156044
265.5000,-0.216413,208.404,0.149988
265.4000,1.6043,208.615,0.153001
265.3000,2.2092,209.395,0.164141
265.2000,0.669853,208.808,0.155769
265.1000,-0.458595,208.549,0.152062
265.0000,1.13506,207.142,0.13189
264.9000,0.620331,208.416,0.150167
264.8000,-0.2348,208.327,0.148886
264.7000,0.416861,207.869,0.142331
264.6000,1.03982,208.28,0.148221
264.5000,1.47087,208.231,0.147508
264.4000,1.05593,208.714,0.154426
264.3000,0.775006,207.095,0.131222
264.2000,-0.268817,209.487,0.165448
264.1000,0.641718,208.445,0.150572
264.0000,2.44426,207.537,0.13757
263.9000,-0.621989,208.192,0.146956
263.8000,-0.0930216,209.92,0.171607
263.7000,-0.926281,207.831,0.141779
263.6000,0.548549,208.294,0.148416
263.5000,-0.143293,208.584,0.152564
263.4000,0.33744,207.586,0.138269
263.3000,-0.236074,208.841,0.156238
263.2000,-0.0972841,209.403,0.164254
263.1000,0.366102,208.856,0.156449
263.0000,0.445064,208.721,0.154523
262.9000,2.61626,210.43,0.178849
262.8000,1.18565,209.241,0.161945
262.7000,1.72828,209.801,0.169915
262.6000,1.00562,209.935,0.171816
262.5000,0.39431,208.66,0.153649
262.4000,0.994054,208.881,0.156804
262.3000,1.21886,209.148,0.16062
262.2000,1.51227,207.938,0.143322
262.1000,1.76341,209.041,0.159084
262.0000,1.73172,209.204,0.161412
261.9000,1.33305,209.577,0.166723
261.8000,2.11616,209.395,0.164141
261.7000,0.318157,209.012,0.15868
261.6000,0.514207,210.161,0.175037
261.5000,0.337737,209.699,0.168464
261.4000,1.6779,209.548,0.166319
261.3000,0.532186,209.19,0.161218
261.2000,-0.796822,209.906,0.171414
261.1000,-0.591501,209.727,0.168867
261.0000,0.0491459,209.425,0.16456
260.9000,-0.077683,209.656,0.167852
260.8000,-1.25571,209.74,0.169045
260.7000,2.08706,209.351,0.163511
260.6000,2.70936,209.749,0.169174
260.5000,1.38301,210.281,0.176742
260.4000,0.58876,209.921,0.171623
260.3000,0.810259,210.202,0.175616
260.2000,1.15259,209.997,0.172702
260.1000,-0.369648,209.82,0.170189
260.0000,-0.151807,210.036,0.17325
259.9000,2.10322,209.223,0.161686
259.8000,1.51429,210.02,0.173024
259.7000,0.190979,210.532,0.180296
259.6000,1.75487,209.851,0.170624
259.5000,-0.706171,210.326,0.17737
259.4000,-0.898076,210.363,0.1779
259.3000,0.524105,210.707,0.182786
259.2000,-0.508568,210.362,0.177884
259.1000,1.32443,210.693,0.182577
259.0000,-0.276556,209.614,0.167255
258.9000,0.699816,210.177,0.175262
258.8000,-0.976218,210.688,0.182513
258.7000,1.14088,210.457,0.179235
258.6000,0.745061,210.106,0.174248
258.5000,2.14294,210.14,0.174731
258.4000,0.454003,210.301,0.177016
258.3000,-1.19905,209.998,0.172718
258.2000,0.357888,211.205,0.189829
258.1000,0.0867332,209.968,0.172284
258.0000,0.661614,210.871,0.185098
257.9000,0.464584,210.219,0.175857
257.8000,1.96669,210.155,0.17494
257.7000,-0.349547,211.472,0.19361
257.6000,2.02284,211.198,0.189733
257.5000,0.089306,211.305,0.19124
257.4000,0.267904,211.056,0.187729
257.3000,3.06809,210.468,0.179396
257.2000,1.59412,211.904,0.199706
257.1000,1.90187,210.826,0.184472
257.0000,-0.964713,211.614,0.195611
256.9000,0.255892,211.638,0.195947
256.8000,0.499104,211.177,0.189428
256.7000,0.186725,211.034,0.187408
256.6000,0.182297,210.102,0.1742
256.5000,-0.293301,209.976,0.172396
256.4000,1.66881,211.485,0.193786
256.3000,0.73049,210.805,0.184167
256.2000,1.06155,210.357,0.17782
256.1000,-0.458249,211.038,0.187472
256.0000,1.80783,211.395,0.192521
255.9000,-0.323275,211.829,0.19865
255.8000,-0.403985,210.431,0.178865
255.7000,-0.814212,211.601,0.195435
255.6000,-0.911301,211.335,0.191672
255.5000,0.916659,210.998,0.186895
255.4000,-0.294747,211.293,0.191079
255.3000,-0.106591,209.802,0.169931
255.2000,-0.901676,211.192,0.189653
255.1000,1.09399,211.771,0.197835
255.0000,1.81,210.618,0.181517
254.9000,-0.694775,211.941,0.200233
254.8000,-0.217114,211.923,0.199977
254.7000,1.4327,211.181,0.189493
254.6000,1.9603,210.883,0.185274
254.5000,0.60737,210.372,0.178029
254.4000,1.76627,213.414,0.220952
254.3000,0.210355,211.962,0.200521
254.2000,0.352194,212.143,0.203077
254.1000,1.94735,211.451,0.193306
254.0000,-1.00512,211.927,0.200025
253.9000,0.0253329,212.467,0.207642
253.8000,1.62369,211.565,0.194923
253.7000,2.50359,212.208,0.203987
253.6000,-1.43546,212.584,0.209284
253.5000,0.478954,211.484,0.19377
253.4000,2.02224,211.22,0.190038
253.3000,2.11627,212.285,0.205073
253.2000,1.38851,212.367,0.206238
253.1000,-0.0232013,212.105,0.202534
253.0000,0.711085,212.015,0.201272
252.9000,0.22519,212.882,0.213475
252.8000,-1.33607,211.229,0.190166
252.7000,-0.267403,211.707,0.196923
252.6000,-1.28366,211.846,0.19889
252.5000,2.25507,212.954,0.214494
252.4000,1.40631,212.608,0.209619
252.3000,-0.993951,211.81,0.198379
252.2000,1.80481,213.238,0.218472
252.1000,0.759953,212.427,0.207083
252.0000,0.164932,212.214,0.204083
251.9000,0.920463,213.048,0.215815
251.8000,-0.00721066,212.827,0.21271
251.7000,1.04617,211.675,0.196475
251.6000,0.753368,211.758,0.197643
251.5000,1.10296,212.934,0.214207
251.4000,-1.49132,212.888,0.213554
251.3000,1.01365,212.787,0.212137
251.2000,0.243802,212.305,0.20536
251.1000,1.54886,212.812,0.212487
251.0000,2.19773,212.968,0.214685
250.9000,0.875516,213.354,0.220109
250.8000,0.460137,213.433,0.221206
250.7000,1.14665,212.673,0.210543
250.6000,0.0591613,212.778,0.212009
250.5000,1.42767,213.608,0.223668
250.4000,0.351105,211.742,0.197419
250.3000,0.311166,213.265,0.218853
250.2000,0.93811,213.544,0.222763
250.1000,-0.719065,213.588,0.223382
250.0000,0.645851,214.17,0.231536
249.9000,-0.0544243,211.915,0.199866
249.8000,-0.602728,213.825,0.2267
249.7000,1.59907,212.39,0.206557
249.6000,0.689295,213.232,0.218392
249.5000,0.0392492,213.511,0.222302
249.4000,0.127725,213.647,0.224208
249.3000,0.336878,213.905,0.227826
249.2000,2.2592,213.983,0.228921
249.1000,-0.424991,213.402,0.220777
249.0000,0.549865,213.408,0.220856
248.9000,1.58398,213.835,0.226843
248.8000,-1.3867,213.348,0.220014
248.7000,-0.54432,213.275,0.218996
248.6000,0.961432,213.125,0.216897
248.5000,-0.951127,214.343,0.23396
248.4000,1.87889,213.292,0.219235
248.3000,0.941384,213.92,0.228032
248.2000,1.33404,213.159,0.217374
248.1000,0.554527,214.287,0.233168
248.0000,1.27224,213.562,0.223017
247.9000,1.64446,212.634,0.209985
247.8000,1.39638,214.289,0.2332
247.7000,-0.497461,212.478,0.207801
247.6000,0.791265,214.074,0.230189
247.5000,-0.656112,214.293,0.233247
247.4000,-0.283407,214.257,0.232756
247.3000,0.466742,214.677,0.238612
247.2000,-1.28706,212.932,0.214175
247.1000,-0.471068,213.506,0.222238
247.0000,1.32007,214.508,0.236255
246.9000,1.26572,213.396,0.220697
246.8000,-1.00328,214.877,0.24141
246.7000,0.127221,214.54,0.236698
246.6000,-0.845181,214.462,0.235622
246.5000,0.995972,214.85,0.241031
246.4000,-0.770792,214.138,0.231092
246.3000,0.808194,213.941,0.228334
246.2000,-1.19023,214.055,0.229919
246.1000,0.418592,214.92,0.242011
246.0000,1.74933,214.13,0.230982
245.9000,1.80669,215.773,0.253889
245.8000,-0.593053,214.167,0.231489
245.7000,0.858174,214.848,0.241
245.6000,0.651502,213.93,0.228175
245.5000,-0.101228,213.221,0.218233
245.4000,0.522806,214.823,0.240652
245.3000,-0.415656,214.453,0.235496
245.2000,0.582984,215.59,0.251337
245.1000,-0.0521315,214.896,0.241679
245.0000,0.789482,215.111,0.244665
244.9000,1.06611,214.613,0.237727
244.8000,0.742034,214.591,0.23741
244.7000,-0.480888,213.954,0.228508
244.6000,1.20798,215.069,0.24408
244.5000,-0.402166,214.274,0.232994
244.4000,1.63868,214.916,0.241948
244.3000,0.611436,215.355,0.248073
244.2000,-0.0495024,215.734,0.253338
244.1000,-0.315618,215.343,0.2479
244.0000,0.7234,213.578,0.223239
243.9000,1.08051,216.477,0.263656
243.8000,1.56222,214.456,0.235527
243.7000,0.944029,215.545,0.250706
243.6000,0.938383,216.312,0.261362
243.5000,-1.20238,214.89,0.241584
243.4000,-0.801567,215.913,0.255826
243.3000,1.00243,216.168,0.259366
243.2000,-0.638732,214.588,0.237378
243.1000,1.37662,215.606,0.251558
243.0000,2.05186,214.533,0.236603
242.9000,0.326633,215.933,0.256109
242.8000,-0.237643,215.594,0.2514
242.7000,0.14605,215.921,0.255936
242.6000,1.18506,215.474,0.249729
242.5000,-0.251256,215.956,0.256424
242.4000,1.80652,216.162,0.259287
242.3000,1.82857,216.947,0.270169
242.2000,0.371035,214.857,0.241126
242.1000,0.55577,215.991,0.256912
242.0000,0.690226,215.969,0.256613
241.9000,1.77638,216.088,0.258265
241.8000,-1.08799,217.439,0.276967
241.7000,1.86661,216.659,0.266184
241.6000,1.85207,214.799,0.24032
241.5000,1.5016,216.309,0.261331
241.4000,0.309551,216.207,0.259916
241.3000,-0.71053,217.144,0.272896
241.2000,-2.00319,216.067,0.257966
241.1000,0.278849,216.641,0.265933
241.0000,-0.0774624,216.317,0.261441
240.9000,-0.733475,217.779,0.281659
240.8000,1.68086,217.397,0.276388
240.7000,1.74399,215.511,0.250234
240.6000,1.7662,216.477,0.263656
240.5000,0.8522,217.163,0.273146
240.4000,2.48505,218.315,0.289044
240.3000,1.62829,215.826,0.254614
240.2000,-0.195058,215.294,0.247221
240.1000,0.0567071,216.914,0.269714
240.0000,-2.4834,217.236,0.274164
239.9000,0.142391,219.173,0.300832
239.8000,0.924972,216.901,0.269526
239.7000,0.650162,218.026,0.285064
239.6000,1.77714,216.948,0.270184
239.5000,-0.314504,218.521,0.291881
239.4000,-1.17679,218.332,0.289278
239.3000,-0.576176,217.287,0.274869
239.2000,1.86536,217.674,0.280205
239.1000,-0.831985,218.136,0.286578
239.0000,0.741524,217.549,0.278484
238.9000,1.40987,218.028,0.285095
238.8000,0.897917,217.297,0.27501
238.7000,-0.123049,219.239,0.301749
238.6000,-0.331546,218.139,0.286625
238.5000,0.454812,219.188,0.301049
238.4000,1.09112,218.058,0.285501
238.3000,-0.337211,218.901,0.297099
238.2000,0.321458,218.522,0.291897
238.1000,1.7372,218.631,0.293393
238.0000,-0.679758,218.768,0.295277
237.9000,2.40349,218.743,0.294935
237.8000,-0.725044,218.502,0.291616
237.7000,0.994735,218.801,0.295729
237.6000,0.16149,219.171,0.300816
237.5000,0.371934,219.321,0.302868
237.4000,-0.129545,219.357,0.303365
237.3000,0.34262,220.456,0.318405
237.2000,0.861786,219.057,0.299246
237.1000,2.35247,219.618,0.306937
237.0000,0.591193,219.215,0.301407
236.9000,1.18501,219.076,0.29951
236.8000,-0.415867,219.252,0.30192
236.7000,0.816596,219.612,0.306859
236.6000,1.17761,220.272,0.315882
236.5000,-0.651001,220.834,0.323553
236.4000,0.944943,219.897,0.310753
236.3000,1.1134,220.109,0.313652
236.2000,-0.675096,220.188,0.314736
236.1000,-0.481332,220.412,0.317801
236.0000,1.90894,220.916,0.324681
235.9000,0.493357,219.885,0.310598
235.8000,0.620911,219.919,0.311063
235.7000,-1.32649,221.8,0.336709
235.6000,-2.18904,221.555,0.333382
235.5000,0.714143,219.482,0.305074
235.4000,1.04818,219.21,0.301345
235.3000,0.364555,220.814,0.323291
235.2000,1.52826,221.424,0.331594
235.1000,0.925592,222.42,0.345121
235.0000,0.684995,220.377,0.317321
234.9000,0.782243,220.523,0.319317
234.8000,0.596024,219.669,0.307635
234.7000,0.852237,221.662,0.334831
234.6000,-1.05311,220.266,0.315804
234.5000,0.232552,221.406,0.331348
234.4000,1.02378,222.018,0.339664
234.3000,-0.00599327,221.279,0.32962
234.2000,0.750599,220.166,0.314442
234.1000,0.977156,221.889,0.33791
234.0000,2.84953,221.813,0.336879
233.9000,-0.786187,221.65,0.334661
233.8000,-0.0393683,223.503,0.359775
233.7000,-1.19872,221.677,0.335031
233.6000,0.119894,222.391,0.344721
233.5000,0.32159,222.122,0.341079
233.4000,-1.9006,221.234,0.329003
233.3000,0.121969,223.22,0.355949
233.2000,1.35673,223.315,0.357235
233.1000,0.321588,223.296,0.356975
233.0000,1.32933,222.866,0.351168
232.9000,1.99692,222.661,0.348391
232.8000,0.542598,224.037,0.366974
232.7000,0.522538,222.536,0.346687
232.6000,-0.725766,223.423,0.358689
232.5000,2.00691,223.255,0.356423
232.4000,-0.559299,223.083,0.354095
232.3000,-2.53159,221.723,0.335662
232.2000,0.0214988,222.977,0.35267
232.1000,2.23228,223.29,0.356898
232.0000,0.454878,223.062,0.353819
231.9000,1.16714,223.505,0.359806
231.8000,1.49999,223.961,0.365951
231.7000,2.31942,223.894,0.36505
231.6000,1.62956,224.557,0.373975
231.5000,-0.0449553,223.513,0.359913
231.4000,0.704833,224.211,0.369325
231.3000,0.796244,223.958,0.365905
231.2000,0.894736,224.966,0.379473
231.1000,-1.26535,224.714,0.376093
231.0000,0.165537,225.654,0.388698
230.9000,-0.619586,225.32,0.384217
230.8000,0.990507,223.66,0.361886
230.7000,0.402498,223.751,0.363124
230.6000,-0.448702,223.658,0.361871
230.5000,0.210724,224.821,0.377525
230.4000,3.27932,224.697,0.375865
230.3000,1.24091,223.989,0.366333
230.2000,1.8036,224.035,0.366943
230.1000,0.8944,225.852,0.391353
230.0000,-0.0269428,224.214,0.369355
229.9000,1.10163,226.854,0.404736
229.8000,0.398738,224.429,0.372253
229.7000,0.946506,224.858,0.378027
229.6000,1.30269,224.651,0.37524
229.5000,1.29932,224.426,0.372207
229.4000,1.71222,225.329,0.384339
229.3000,0.271479,224.406,0.371948
229.2000,-0.420039,224.609,0.374676
229.1000,-0.319503,225.158,0.382043
229.0000,1.0792,225.823,0.390958
228.9000,2.50243,226.513,0.400184
228.8000,2.73605,225.444,0.385889
228.7000,-0.544025,225.495,0.386572
228.6000,-1.10139,225.819,0.390913
228.5000,0.124167,224.961,0.379412
228.4000,2.26871,226.018,0.393566
228.3000,-1.34139,226.734,0.403134
228.2000,-3.3629,226.144,0.395264
228.1000,-0.580625,227.123,0.408331
228.0000,0.577625,225.191,0.3825
227.9000,3.28636,226.95,0.40602
227.8000,2.43232,227.121,0.408301
227.7000,0.798066,226.91,0.405491
227.6000,3.45621,228.67,0.428881
227.5000,1.07723,227.719,0.416263
227.4000,-0.0899605,227.632,0.415103
227.3000,0.0274402,227.392,0.411907
227.2000,0.0648518,228.367,0.42487
227.1000,-0.510203,227.239,0.40987
227.0000,-0.439081,229.197,0.435855
226.9000,-0.0705945,227.06,0.407485
226.8000,0.803067,227.605,0.414741
226.7000,0.654346,228.714,0.429466
226.6000,2.29874,228.107,0.421412
226.5000,-1.50848,228.395,0.425231
226.4000,-0.0659539,228.68,0.429016
226.3000,2.50142,229.043,0.433816
226.2000,0.0977811,228.611,0.4281
226.1000,0.744964,229.605,0.441245
226.0000,0.021907,227.509,0.41346
225.9000,0.80589,229.275,0.436889
225.8000,-0.254611,229.459,0.439315
225.7000,2.20088,229.417,0.438761
225.6000,-0.601829,228.869,0.431522
225.5000,1.2217,230.185,0.448898
225.4000,0.476953,229.348,0.437847
225.3000,1.47666,230.061,0.44727
225.2000,-1.23848,229.573,0.440826
225.1000,-0.537167,229.914,0.445328
225.0000,0.068941,231.077,0.46063
224.9000,1.11649,230.729,0.456058
224.8000,-0.509633,230.091,0.447658
224.7000,-1.6716,231.65,0.468153
224.6000,-0.348669,231.24,0.462773
224.5000,0.546497,230.418,0.451973
224.4000,0.470849,230.442,0.452286
224.3000,-0.746338,229.731,0.442906
224.2000,-0.775174,231.402,0.464899
224.1000,-0.151734,230.317,0.450644
224.0000,2.07292,229.814,0.444012
223.9000,-0.173961,231.448,0.465508
223.8000,2.53525,230.838,0.457488
223.7000,2.32009,231.969,0.472339
223.6000,2.15931,230.941,0.458844
223.5000,-0.241305,231.096,0.460883
223.4000,3.44057,231.162,0.461746
223.3000,1.45405,232.356,0.477395
223.2000,2.82593,231.478,0.465895
223.1000,2.42326,231.873,0.471078
223.0000,1.7096,232.082,0.473808
222.9000,-0.200809,232.284,0.476462
222.8000,-0.350329,231.847,0.470737
222.7000,2.35233,231.981,0.472488
222.6000,-0.270835,231.794,0.470039
222.5000,-0.934707,231.776,0.469802
222.4000,1.00795,231.25,0.462906
222.3000,0.595937,232.376,0.477662
222.2000,0.378432,233.078,0.486821
222.1000,-1.77421,232.933,0.484929
222.0000,2.13807,232.992,0.485697
221.9000,1.83201,232.525,0.479602
221.8000,0.21732,232.917,0.484722
221.7000,-1.35897,233.104,0.487161
221.6000,2.73801,232.852,0.483879
221.5000,0.499454,232.709,0.482015
221.4000,1.76656,234.704,0.507966
221.3000,3.71346,233.229,0.4888
221.2000,1.56577,233.629,0.49401
221.1000,2.22385,234.52,0.505585
221.0000,-0.20051,233.497,0.492284
220.9000,1.90608,234.773,0.508862
220.8000,1.01965,233.84,0.496753
220.7000,0.0619177,234.791,0.509097
220.6000,1.66226,233.812,0.496384
220.5000,0.793734,234.564,0.506158
220.4000,-0.594048,234.593,0.506526
220.3000,0.513107,233.75,0.495574
220.2000,0.572222,235.558,0.519028
220.1000,1.77314,235.036,0.512269
220.0000,0.879875,234.989,0.511667
219.9000,0.931001,234.923,0.510816
219.8000,2.0836,234.104,0.500185
219.7000,-0.665129,236.231,0.52772
219.6000,-0.986419,234.998,0.511784
219.5000,1.74424,235.481,0.518032
219.4000,1.49015,234.63,0.507011
219.3000,-0.458971,237.075,0.538592
219.2000,-0.0246111,236.392,0.529794
219.1000,1.73026,235.849,0.522791
219.0000,0.747729,235.744,0.52143
218.9000,2.80273,234.648,0.507246
218.8000,1.87468,236.565,0.532029
218.7000,-0.272813,235.698,0.520844
218.6000,1.73758,235.544,0.518852
218.5000,1.49511,237.381,0.542524
218.4000,0.3455,236.887,0.536172
218.3000,0.541897,235.986,0.524561
218.2000,-0.715861,236.043,0.525293
218.1000,1.45699,237.594,0.545259
218.0000,0.75423,237.652,0.546001
217.9000,0.943512,238.865,0.561543
217.8000,1.41312,236.41,0.530028
217.7000,0.392671,237.579,0.54507
217.6000,0.276944,237.909,0.549301
217.5000,2.00939,236.19,0.527193
217.4000,-2.40117,237.727,0.546961
217.3000,2.59866,237.101,0.538927
217.2000,1.99836,238.379,0.555326
217.1000,0.297283,237.983,0.550245
217.0000,-0.0247973,239.551,0.570294
216.9000,0.753502,238.8,0.560703
216.8000,4.1423,238.777,0.560414
216.7000,1.00729,238.939,0.562485
216.6000,1.54386,238.69,0.559298
216.5000,0.710451,239.141,0.565061
216.4000,-0.0852016,238.661,0.558936
216.3000,1.61381,238.748,0.560037
216.2000,0.822352,239.073,0.564192
216.1000,1.20105,238.084,0.551538
216.0000,-0.60821,239.647,0.571522
215.9000,-2.23684,239.332,0.567505
215.8000,2.07037,238.805,0.560776
215.7000,1.6826,238.913,0.562151
215.6000,0.0144302,238.959,0.562745
215.5000,1.29116,239.927,0.575087
215.4000,0.651875,239.013,0.563425
215.3000,-0.21761,239.899,0.574727
215.2000,-0.425121,239.404,0.568416
215.1000,1.40496,239.623,0.571218
215.0000,0.556283,239.336,0.567548
214.9000,0.715204,240.441,0.581632
214.8000,1.1237,240.225,0.57888
214.7000,2.62705,240.922,0.587734
214.6000,0.195521,240.708,0.585015
214.5000,2.43552,240.269,0.579442
214.4000,-1.44492,240.79,0.586065
214.3000,-1.92449,240.974,0.588395
214.2000,-1.07518,240.773,0.58585
214.1000,1.31633,241.423,0.594084
214.0000,0.111294,241.315,0.59272
213.9000,0.859546,241.081,0.589747
213.8000,-1.26425,241.197,0.591226
213.7000,1.71618,241.877,0.599836
213.6000,0.559528,241.408,0.593897
213.5000,-1.35567,241.036,0.589186
213.4000,1.10224,241.169,0.590867
213.3000,-0.974063,241.518,0.59529
213.2000,-0.423786,241.84,0.599363
213.1000,0.527946,241.595,0.596265
213.0000,2.0742,241.593,0.596237
212.9000,3.3184,242.049,0.602014
212.8000,0.750128,242.388,0.606294
212.7000,0.541464,242.489,0.607567
212.6000,0.0685741,242.412,0.606594
212.5000,0.791417,242.202,0.603947
212.4000,1.24892,242.557,0.608425
212.3000,1.47386,242.191,0.603804
212.2000,1.47644,243.317,0.618007
212.1000,-1.21611,242.147,0.603245
212.0000,-0.429424,243.249,0.617151
211.9000,1.64568,242.747,0.610826
211.8000,2.20167,243.272,0.617436
211.7000,-0.2703,243.518,0.620531
211.6000,0.793659,243.768,0.623679
211.5000,1.81801,243.804,0.624134
211.4000,1.24496,243.382,0.61882
211.3000,1.9629,242.593,0.608883
211.2000,-0.383375,243.791,0.623964
211.1000,-0.281864,244.073,0.627508
211.0000,1.27392,244.432,0.632014
210.9000,-0.652215,243.887,0.625174
210.8000,0.982744,244.143,0.628389
210.7000,1.37328,244.684,0.635167
210.6000,3.67645,245.093,0.640288
210.5000,0.232916,245.447,0.644723
210.4000,-1.24499,244.293,0.630266
210.3000,-1.42092,245.337,0.643349
210.2000,1.78034,245.073,0.640047
210.1000,1.53805,245.56,0.646124
210.0000,0.107944,245.631,0.647016
209.9000,0.0869361,245.421,0.644397
209.8000,-3.55791,245.728,0.648233
209.7000,-0.733298,246.159,0.653604
209.6000,4.18227,246.057,0.652333
209.5000,2.74123,246.255,0.654805
209.4000,-0.102511,245.822,0.649407
209.3000,1.39241,246.468,0.657459
209.2000,-1.28297,246.542,0.658376
209.1000,-0.643043,246.936,0.663282
209.0000,-0.517109,246.934,0.663253
208.9000,2.34303,247.524,0.670586
208.8000,2.45337,247.485,0.670094
208.7000,-0.955057,247.454,0.669715
208.6000,0.362827,247.693,0.672681
208.5000,1.45235,247.544,0.670825
208.4000,1.82827,247.725,0.673074
208.3000,1.1746,247.64,0.67202
208.2000,1.50809,247.657,0.672231
208.1000,2.52234,247.89,0.675125
208.0000,0.339049,248.176,0.678663
207.9000,1.24909,248.827,0.686721
207.8000,-1.34868,248.593,0.683822
207.7000,0.290216,249.016,0.689059
207.6000,0.559583,248.652,0.684551
207.5000,1.93879,248.586,0.683738
207.4000,-0.825636,249.072,0.689744
207.3000,0.894103,249.709,0.697598
207.2000,1.67401,249.175,0.691017
207.1000,1.12299,249.529,0.695377
207.0000,-0.291275,249.563,0.695796
206.9000,1.70923,250.215,0.703832
206.8000,0.36929,250.372,0.705755
206.7000,1.50687,249.909,0.700067
206.6000,1.79441,250.778,0.710751
206.5000,1.17348,250.636,0.708998
206.4000,1.31527,250.921,0.712504
206.3000,2.26451,251.338,0.717616
206.2000,0.644395,251.182,0.7157
206.1000,1.40752,251.609,0.720933
206.0000,1.111,251.132,0.715089
205.9000,0.0976054,252.254,0.728818
205.8000,1.15992,251.79,0.723152
205.7000,1.78957,251.522,0.719865
205.6000,2.82115,252.364,0.73016
205.5000,-2.57378,252.308,0.729482
205.4000,2.6349,251.943,0.725023
205.3000,0.339209,252.605,0.733107
205.2000,1.09214,252.506,0.731903
205.1000,3.70805,253.074,0.738826
205.0000,3.21003,253.58,0.744992
204.9000,2.01266,253.747,0.747017
204.8000,3.27129,254.239,0.752991
204.7000,2.18363,253.585,0.745047
204.6000,-2.03085,253.898,0.748849
204.5000,2.63132,254.041,0.750583
204.4000,0.273082,254.597,0.757334
204.3000,0.975558,253.681,0.746219
204.2000,2.23195,255.287,0.765691
204.1000,-0.388278,255.615,0.769663
204.0000,2.97669,255.209,0.764745
203.9000,1.67116,255.286,0.765677
203.8000,1.97681,255.345,0.766389
203.7000,-0.259466,255.85,0.772496
203.6000,0.491982,256.196,0.776667
203.5000,5.41785,256.418,0.779344
203.4000,1.25246,256.656,0.782211
203.3000,1.56222,256.451,0.77974
203.2000,-0.236508,256.813,0.784107
203.1000,0.481144,256.95,0.785757
203.0000,-0.604503,257.172,0.788428
202.9000,1.10733,257.392,0.79107
202.8000,2.24029,257.824,0.796252
202.7000,0.629792,257.62,0.793805
202.6000,-0.928982,258.057,0.799052
202.5000,-1.19443,258.086,0.799391
202.4000,1.68202,258.73,0.807112
202.3000,1.97418,258.782,0.807735
202.2000,0.879673,259.179,0.812476
202.1000,0.223888,258.926,0.809456
202.0000,1.51386,258.965,0.809916
201.9000,-0.69208,259.985,0.822087
201.8000,2.85895,260.338,0.826296
201.7000,2.46338,260.276,0.825555
201.6000,-1.71528,260.685,0.83042
201.5000,0.864597,259.893,0.820993
201.4000,2.14497,260.978,0.833908
201.3000,0.356401,260.44,0.82751
201.2000,-0.644974,261.212,0.836679
201.1000,1.97573,261.523,0.840375
201.0000,-1.14389,261.743,0.842981
200.9000,2.05489,261.385,0.838736
200.8000,6.02948,262.199,0.848373
200.7000,2.13723,263.005,0.857906
200.6000,-0.856554,263.337,0.861822
200.5000,-0.0799662,261.805,0.843719
200.4000,-1.0865,263.278,0.861127
200.3000,0.494859,262.514,0.852098
200.2000,0.0908497,263.207,0.860285
200.1000,3.13723,263.936,0.868868
200.0000,4.29681,264.45,0.874916
199.9000,0.241708,264.271,0.872812
199.8000,2.03345,264.593,0.876593
199.7000,1.80511,264.905,0.880263
199.6000,1.70171,264.981,0.881154
199.5000,-2.1549,265.456,0.886717
199.4000,-0.374728,265.53,0.88758
199.3000,-0.754426,266.366,0.897357
199.2000,1.01039,265.785,0.890564
199.1000,-0.140673,265.211,0.88385
199.0000,1.35933,264.866,0.879798
198.9000,3.03885,266.178,0.89516
198.8000,3.87501,266.571,0.899752
198.7000,-1.64442,266.484,0.898733
198.6000,2.83171,267.668,0.91253
198.5000,-0.00477382,267.973,0.916073
198.4000,1.11923,267.235,0.907492
198.3000,1.30006,268.229,0.919047
198.2000,-0.710916,268.673,0.9242
198.1000,1.70753,268.043,0.916889
198.0000,-5.63345,269.002,0.928008
197.9000,-2.49872,269.455,0.933254
197.8000,1.6881,268.898,0.926814
197.7000,0.731366,269.075,0.928861
197.6000,2.54369,270.416,0.944351
197.5000,0.754779,268.461,0.921743
197.4000,-1.05579,269.374,0.932323
197.3000,-1.51066,270.354,0.943645
197.2000,3.88119,270.036,0.939971
197.1000,0.654711,270.75,0.948204
197.0000,3.79093,270.768,0.948412
196.9000,2.5128,271.691,0.959035
196.8000,1.24745,271.651,0.958567
196.7000,4.60036,271.941,0.961897
196.6000,-2.98549,272.145,0.964238
196.5000,-0.3193,272.378,0.966914
196.4000,-3.68095,272.686,0.970445
196.3000,0.341624,272.852,0.97234
196.2000,3.15272,272.985,0.97387
196.1000,-1.3298,274.121,0.986838
196.0000,-1.44524,273.526,0.980049
195.9000,0.865105,274.303,0.988917
195.8000,0.69696,274.487,0.991008
195.7000,1.24256,274.978,0.996605
195.6000,6.79656,275.834,1.00632
195.5000,2.73691,275.542,1.003
195.4000,7.12517,275.204,0.999169
195.3000,4.86682,276.202,1.0105
195.2000,-0.142019,276.506,1.01394
195.1000,1.83059,277.159,1.02132
195.0000,-1.89326,277.055,1.02015
194.9000,1.57395,277.391,1.02394
194.8000,3.01209,277.713,1.02757
194.7000,-0.852624,278.764,1.03941
194.6000,3.35717,278.594,1.0375
194.5000,-0.0539567,279.091,1.04309
194.4000,2.91471,280.192,1.05543
194.3000,6.58836,279.922,1.05241
194.2000,-0.486703,280.581,1.0598
194.1000,0.76382,281.164,1.0663
194.0000,2.21526,281.589,1.07104
193.9000,0.834444,282.534,1.08157
193.8000,1.62966,282.747,1.08393
193.7000,3.79419,283.674,1.09422
193.6000,-2.94142,284.079,1.09871
193.5000,5.52008,284.493,1.10329
193.4000,7.26068,285.109,1.1101
193.3000,-0.637227,285.506,1.11447
193.2000,4.04457,286.73,1.12794
193.1000,-0.235292,285.671,1.11629
193.0000,6.00668,288.363,1.14584
192.9000,0.888997,288.107,1.14304
192.8000,5.77425,288.899,1.15169
192.7000,3.25794,289.892,1.16251
192.6000,4.51786,289.881,1.16239
192.5000,2.08099,291.341,1.17825
192.4000,-3.97279,292.131,1.1868
192.3000,3.93297,292.508,1.19088
192.2000,3.65997,293.9,1.20588
192.1000,-5.33967,293.407,1.20058
192.0000,-1.01765,295.169,1.21952
191.9000,-1.87282,295.29,1.22081
191.8000,0.627475,296.278,1.23139
191.7000,-3.53578,297.521,1.24465
191.6000,5.43342,298.081,1.25061
191.5000,6.00937,299.15,1.26197
191.4000,-0.359683,299.854,1.26942
191.3000,1.46871,300.635,1.27767
191.2000,-1.97427,301.928,1.29131
191.1000,-0.790487,303.244,1.30513
191.0000,1.74215,304.423,1.31747
190.9000,-0.73751,305.873,1.33259
190.8000,5.67,307.436,1.34883
190.7000,5.79074,308.478,1.3596
190.6000,-3.3856,311.001,1.38559
190.5000,-2.89069,311.326,1.38893
190.4000,-2.13594,312.488,1.40082
190.3000,2.15257,313.89,1.41514
190.2000,3.38218,315.165,1.4281
190.1000,2.89465,317.522,1.45195
190.0000,10.5226,318.543,1.46224

##### Extended Information
[Comments]
Sample name,AZNTEA_BUFFER_928
Comment,BUFFER
User,ALEXZHANG
Division
Company,Saint Mary's College

[Detailed Information]
Creation date,9/28/2022 3:40 PM

Data array type,Linear data array * 3
Horizontal axis,Wavelength [nm]
Vertical axis(1),CD [mdeg]
Vertical axis(2),HT [V]
Vertical axis(3),Abs
Start,320 nm
End,190 nm
Data interval,0.1 nm
Data points,1301    

[Measurement Information]
Instrument name,J-1500
Model name,J-1500
Serial No.,B051061638

Detector,PM-539
Detector S/N,B051061638
  Lock-in amp.,X mode
  HT volt,Auto

Accessory,PTC-517
Accessory S/N,B026561646
  Temperature,23.24 C
  Control sensor,Holder
  Monitor sensor,Holder

Measurement date,9/28/2022 3:39 PM

CD Overload detect,1275
Photometric mode,CD, HT, Abs
Measure range,320 - 190 nm
Data pitch,0.1 nm
CD scale,20 mdeg/0.05 dOD
FL scale,20 mdeg/0.05 dOD
D.I.T.,8 msec
Bandwidth,2.00 nm
Start mode,Immediately
Scanning mode,Continuous
Scanning speed,200 nm/min
Baseline correction,None
Shutter control,Auto
No. of cycle,1/1
N2 Flowmeter,Manual

Solvent,NaPO4 buffer

