TITLE,bufferKCl_SSAM
DATA TYPE,
ORIGIN,JASCO
OWNER,
DATE,22/09/27
TIME,14:11:35
SPECTROMETER/DATA SYSTEM,
LOCALE,1033
RESOLUTION,
DELTAX,-0.1
XUNITS,NANOMETERS
YUNITS,CD [mdeg]
Y2UNITS,HT [V]
Y3UNITS,ABSORBANCE
FIRSTX,  320.0000
LASTX,  190.0000
NPOINTS,    1301
FIRSTY,     1.68720
MAXY,    10.54144
MINY,    -5.90283
XYDATA
320.0000,1.6872,257.572,0.793233
319.9000,2.46722,258.66,0.806271
319.8000,1.17694,258.253,0.801401
319.7000,0.684554,258.565,0.805132
319.6000,3.40261,257.287,0.789803
319.5000,-0.459127,257.411,0.791301
319.4000,0.370528,258.092,0.799473
319.3000,-0.363499,257.952,0.797788
319.2000,1.93719,259.28,0.81368
319.1000,5.91362,257.402,0.791192
319.0000,1.23274,257.628,0.7939
318.9000,1.37278,257.645,0.794104
318.8000,1.34146,257.409,0.791274
318.7000,-0.937979,258.176,0.800478
318.6000,5.38281,257.178,0.788496
318.5000,3.32363,258.907,0.809226
318.4000,1.58834,258.21,0.800885
318.3000,1.6923,257.178,0.788496
318.2000,3.39897,257.418,0.791383
318.1000,2.46146,257.033,0.786752
318.0000,0.985044,256.886,0.78498
317.9000,0.741326,258.108,0.799663
317.8000,1.02084,256.172,0.776379
317.7000,0.291659,256.698,0.782715
317.6000,-0.452713,257.656,0.79424
317.5000,3.16514,257.862,0.796715
317.4000,2.25396,257.858,0.79666
317.3000,0.229014,257.843,0.796483
317.2000,3.98478,257.667,0.794376
317.1000,2.64755,258.111,0.79969
317.0000,3.20058,258.427,0.803477
316.9000,1.24355,256.787,0.783793
316.8000,-0.492915,257.99,0.79825
316.7000,1.43687,257.964,0.797938
316.6000,0.400917,257.447,0.791723
316.5000,2.18193,257.981,0.798142
316.4000,2.80083,258.12,0.799799
316.3000,3.95495,256.835,0.784366
316.2000,3.35655,258.148,0.800138
316.1000,-1.81259,258.184,0.800573
316.0000,-0.706252,257.939,0.797639
315.9000,1.6285,257.547,0.792934
315.8000,2.64283,257.377,0.790893
315.7000,-1.25293,256.836,0.78438
315.6000,-1.49368,257.47,0.792009
315.5000,0.750145,257.528,0.792703
315.4000,1.66054,257.871,0.796823
315.3000,2.38357,257.456,0.791832
315.2000,1.0024,258.442,0.803667
315.1000,1.53147,257.457,0.791845
315.0000,-0.846875,257.739,0.795233
314.9000,2.33107,257.986,0.798196
314.8000,2.09506,257.629,0.793914
314.7000,1.90269,257.863,0.796728
314.6000,1.39638,257.237,0.789204
314.5000,0.689747,257.135,0.787978
314.4000,0.916979,257.552,0.792988
314.3000,0.187482,257.948,0.797747
314.2000,2.59707,257.519,0.792594
314.1000,2.02787,257.283,0.789763
314.0000,1.7746,256.897,0.785116
313.9000,3.03432,257.082,0.787338
313.8000,2.92989,258.175,0.800464
313.7000,-2.53071,257.198,0.788741
313.6000,-0.115198,257.518,0.79258
313.5000,0.313857,257.36,0.790688
313.4000,3.13834,257.056,0.787024
313.3000,-0.404893,257.405,0.791219
313.2000,-0.869437,257.44,0.791641
313.1000,0.39856,257.28,0.789722
313.0000,1.41693,257.586,0.793397
312.9000,2.49724,256.974,0.786043
312.8000,-0.615375,257.695,0.794702
312.7000,1.39276,257.162,0.788305
312.6000,-0.14064,258.173,0.800437
312.5000,1.69793,258.397,0.803125
312.4000,0.822515,257.329,0.790307
312.3000,3.08833,257.745,0.795301
312.2000,-2.14761,256.505,0.780395
312.1000,1.24986,257.051,0.78697
312.0000,2.04932,256.455,0.779795
311.9000,0.757027,257.339,0.79043
311.8000,-0.840151,257.24,0.789245
311.7000,2.44469,258.147,0.800125
311.6000,-1.40798,257.121,0.787815
311.5000,-2.47242,255.677,0.770402
311.4000,0.318899,257.223,0.789041
311.3000,3.43662,257.34,0.790443
311.2000,-0.692395,257.197,0.788727
311.1000,1.92668,257.662,0.794308
311.0000,-1.30728,258.697,0.806719
310.9000,1.5185,256.698,0.782715
310.8000,1.78828,257.849,0.796551
310.7000,0.709344,257.032,0.786738
310.6000,1.71379,258.072,0.799228
310.5000,3.21707,257.126,0.787869
310.4000,0.149552,257.413,0.791314
310.3000,1.70698,257.039,0.78682
310.2000,3.9224,257.601,0.793574
310.1000,2.70305,257.876,0.796878
310.0000,3.79416,257.355,0.79062
309.9000,2.13749,257.88,0.796932
309.8000,4.18226,257.596,0.793519
309.7000,0.982525,257.179,0.788509
309.6000,2.19781,257.527,0.792689
309.5000,1.84382,257.011,0.786493
309.4000,2.13306,256.837,0.784393
309.3000,0.0533171,256.242,0.777227
309.2000,2.13342,257.511,0.792499
309.1000,-2.77265,257.32,0.790198
309.0000,1.17573,257.205,0.788823
308.9000,0.294123,257.511,0.792499
308.8000,-0.500884,257.173,0.788441
308.7000,-1.22208,258.061,0.799093
308.6000,1.81141,257.286,0.78979
308.5000,-1.25068,257.325,0.790266
308.4000,3.84911,257.311,0.790089
308.3000,-1.04476,257.176,0.788469
308.2000,1.99486,257.425,0.791464
308.1000,-1.27402,256.809,0.784052
308.0000,0.413539,257.941,0.797652
307.9000,0.0858343,256.905,0.785211
307.8000,0.891771,256.786,0.78378
307.7000,1.60306,256.963,0.785907
307.6000,0.284311,257.222,0.789027
307.5000,4.45204,258.132,0.799948
307.4000,0.204636,255.882,0.772879
307.3000,2.62992,257.43,0.791519
307.2000,2.68478,256.802,0.783971
307.1000,3.25627,257.517,0.792567
307.0000,2.11642,256.972,0.786016
306.9000,2.96249,256.676,0.782456
306.8000,0.102137,256.882,0.784939
306.7000,-0.0639467,257.288,0.789817
306.6000,1.89811,257.5,0.792363
306.5000,-0.029962,255.932,0.773481
306.4000,-0.138388,257.647,0.794131
306.3000,-1.45524,256.466,0.779931
306.2000,3.32312,257.613,0.793723
306.1000,2.20112,257.149,0.788142
306.0000,-0.368213,256.636,0.781979
305.9000,-1.1492,257.061,0.787092
305.8000,0.978896,257.427,0.791492
305.7000,1.54899,257.295,0.789899
305.6000,-2.44268,257.569,0.793193
305.5000,0.215265,256.747,0.783316
305.4000,1.66273,256.248,0.777295
305.3000,-0.874289,256.852,0.78457
305.2000,-0.644122,257.29,0.789844
305.1000,2.01544,256.717,0.782948
305.0000,4.42084,256.991,0.786247
304.9000,2.41028,255.926,0.773413
304.8000,4.86154,257.851,0.796579
304.7000,-0.875927,257.806,0.796035
304.6000,3.81779,255.695,0.770621
304.5000,2.14195,256.359,0.778634
304.4000,-1.29436,257.902,0.79719
304.3000,3.0478,256.066,0.775108
304.2000,3.0137,256.605,0.781597
304.1000,1.63666,257.295,0.789899
304.0000,-0.242984,257.07,0.787201
303.9000,2.17496,257.61,0.793682
303.8000,0.177976,256.366,0.778716
303.7000,-1.48051,254.697,0.758543
303.6000,1.30711,256.465,0.779917
303.5000,2.03805,256.881,0.784925
303.4000,2.82372,257.056,0.787024
303.3000,3.36054,256.38,0.778893
303.2000,2.55135,257.022,0.786615
303.1000,1.00565,256.142,0.776024
303.0000,0.00959136,256.496,0.780286
302.9000,1.40853,257.405,0.791219
302.8000,1.76743,256.78,0.783711
302.7000,4.74123,255.979,0.774055
302.6000,2.25271,256.668,0.782361
302.5000,-1.40099,256.166,0.776311
302.4000,0.102515,256.69,0.78262
302.3000,1.11641,257.759,0.795478
302.2000,0.53543,256.481,0.780109
302.1000,-2.16961,255.784,0.771703
302.0000,1.70751,256.302,0.777951
301.9000,1.94248,257.389,0.791029
301.8000,1.39774,256.772,0.783616
301.7000,1.46243,256.689,0.782606
301.6000,0.0950856,256.979,0.786098
301.5000,3.00777,256.549,0.780928
301.4000,2.45935,256.702,0.78277
301.3000,3.16072,256.342,0.778429
301.2000,-0.376182,255.87,0.772742
301.1000,1.24285,255.45,0.767664
301.0000,2.66495,256.503,0.780368
300.9000,0.987967,256.626,0.781856
300.8000,2.7488,258.064,0.799133
300.7000,1.12374,256.27,0.777568
300.6000,2.26784,256.712,0.782893
300.5000,2.0377,256.708,0.782838
300.4000,-0.834663,257.104,0.78761
300.3000,-1.22219,255.644,0.770005
300.2000,3.21223,258.049,0.798957
300.1000,4.96985,256.176,0.776434
300.0000,1.93606,256.205,0.776776
299.9000,1.04725,256.577,0.781269
299.8000,5.34028,255.387,0.766897
299.7000,4.01528,256.892,0.785062
299.6000,2.38891,256.533,0.780737
299.5000,0.744137,256.242,0.777227
299.4000,0.963372,256.381,0.778907
299.3000,-0.589282,255.864,0.77266
299.2000,1.80998,255.606,0.769554
299.1000,2.01493,256.124,0.775806
299.0000,6.14494,256.465,0.779917
298.9000,1.18206,256.916,0.785348
298.8000,-0.623706,256.659,0.782251
298.7000,-0.0718825,256.202,0.776749
298.6000,1.50013,256.104,0.775559
298.5000,-0.588195,256.242,0.777227
298.4000,1.68594,257.887,0.797014
298.3000,3.60617,255.882,0.772879
298.2000,2.29708,256.752,0.78337
298.1000,-0.229153,255.771,0.771539
298.0000,1.72954,256.123,0.775792
297.9000,-1.66423,256.67,0.782388
297.8000,1.90865,254.505,0.756221
297.7000,-0.779063,256.895,0.785089
297.6000,0.348935,255.847,0.772455
297.5000,1.10154,256.427,0.779453
297.4000,4.64164,257.279,0.789708
297.3000,1.59569,256.573,0.781214
297.2000,1.45662,256.832,0.784339
297.1000,-3.19104,256.327,0.778251
297.0000,1.65453,256.119,0.775737
296.9000,1.58573,255.315,0.766033
296.8000,3.29419,255.7,0.77069
296.7000,0.0523118,256.205,0.776776
296.6000,0.295714,256.222,0.776981
296.5000,2.60484,256.149,0.776106
296.4000,2.56236,253.792,0.747568
296.3000,2.93108,256.572,0.781201
296.2000,-1.33455,256.542,0.780846
296.1000,-0.253709,255.929,0.773454
296.0000,3.77247,257.147,0.788128
295.9000,-1.10072,255.815,0.772072
295.8000,-0.227495,256.541,0.780832
295.7000,2.45282,255.291,0.765745
295.6000,2.13587,255.71,0.770799
295.5000,-2.80943,256.405,0.779194
295.4000,-0.403634,256.224,0.777008
295.3000,0.714246,256.005,0.77437
295.2000,0.982259,255.483,0.768061
295.1000,0.386511,254.936,0.761439
295.0000,1.81292,255.143,0.76395
294.9000,1.75227,254.718,0.758804
294.8000,2.0935,257.239,0.789231
294.7000,0.387654,255.315,0.766033
294.6000,0.560344,254.428,0.755287
294.5000,0.873517,255.083,0.763223
294.4000,-2.47054,255.64,0.769965
294.3000,2.40769,256.838,0.784407
294.2000,2.34584,254.297,0.753692
294.1000,1.50748,256.704,0.782797
294.0000,-0.271831,255.657,0.77017
293.9000,3.0692,255.761,0.771415
293.8000,1.93299,256.507,0.780423
293.7000,-0.4308,255.763,0.771443
293.6000,0.377584,256.281,0.777691
293.5000,2.54495,255.832,0.772277
293.4000,1.27914,255.986,0.774138
293.3000,2.32471,256.281,0.777691
293.2000,1.7376,256.044,0.774835
293.1000,-0.59611,254.87,0.760644
293.0000,-1.48886,256.6,0.781542
292.9000,1.49048,255.705,0.770745
292.8000,2.95718,256.349,0.778511
292.7000,-0.0120498,255.158,0.764128
292.6000,-1.26801,255.422,0.767321
292.5000,-0.664871,255.609,0.769581
292.4000,3.25351,255.527,0.768595
292.3000,-1.1442,254.609,0.757486
292.2000,3.61253,255.639,0.769951
292.1000,3.45558,255.448,0.767636
292.0000,3.15111,256.647,0.782101
291.9000,0.737199,256.296,0.777882
291.8000,1.56169,254.924,0.761302
291.7000,5.88399,255.012,0.762359
291.6000,-0.0362012,255.703,0.770717
291.5000,1.93942,255.217,0.764841
291.4000,3.25048,255.226,0.76495
291.3000,1.65468,253.781,0.747431
291.2000,4.3876,254.666,0.758172
291.1000,3.57251,254.647,0.757939
291.0000,0.259957,254.366,0.754531
290.9000,-0.149458,256.325,0.778224
290.8000,0.696332,254.81,0.759916
290.7000,0.258934,254.801,0.759806
290.6000,2.43702,255.334,0.766266
290.5000,0.0945125,255.552,0.768896
290.4000,-1.11254,254.695,0.758529
290.3000,2.47416,255.289,0.765718
290.2000,2.75985,254.727,0.758914
290.1000,0.572956,254.944,0.761536
290.0000,1.04894,255.04,0.762702
289.9000,0.890351,255.076,0.76314
289.8000,1.3891,255.307,0.765937
289.7000,5.8489,255.476,0.767979
289.6000,3.34446,255.089,0.763291
289.5000,-1.29002,255.12,0.763675
289.4000,2.51956,254.992,0.762125
289.3000,1.91372,255.605,0.76954
289.2000,1.06854,253.939,0.749345
289.1000,0.373023,256.132,0.775901
289.0000,1.10136,255.456,0.767732
288.9000,-0.25336,252.726,0.734586
288.8000,0.426663,254.613,0.757527
288.7000,2.50569,254.532,0.756551
288.6000,2.87292,255.209,0.764745
288.5000,0.157825,255.107,0.763511
288.4000,2.63486,255.848,0.772469
288.3000,2.32325,255.141,0.763922
288.2000,-0.193955,255.75,0.771292
288.1000,-1.35642,256.256,0.777391
288.0000,0.886568,255.237,0.765087
287.9000,2.48996,255.018,0.762441
287.8000,-1.04071,255.189,0.764512
287.7000,-3.57441,255.448,0.767636
287.6000,-2.45663,255.295,0.765787
287.5000,0.0508993,255.401,0.767075
287.4000,1.36744,255.434,0.767472
287.3000,0.705976,255.267,0.765444
287.2000,-1.39278,254.605,0.757431
287.1000,0.117283,255.004,0.762263
287.0000,0.0839984,255.166,0.764224
286.9000,0.780472,255.019,0.762455
286.8000,-0.201545,255.387,0.766897
286.7000,-0.192984,255.114,0.763593
286.6000,2.3291,255.281,0.765622
286.5000,2.0569,254.793,0.75971
286.4000,-1.60863,254.533,0.756565
286.3000,-0.245622,255.379,0.766801
286.2000,0.207276,254.291,0.753623
286.1000,0.635463,255.546,0.768828
286.0000,3.44014,255.603,0.769513
285.9000,0.0616731,256.366,0.778716
285.8000,2.9828,255.389,0.766924
285.7000,-0.29789,255.39,0.766937
285.6000,3.66679,254.684,0.758392
285.5000,1.55176,255.256,0.765321
285.4000,0.809202,255.066,0.763017
285.3000,3.13319,254.521,0.756414
285.2000,3.47491,255.014,0.762386
285.1000,0.03142,255.34,0.766335
285.0000,2.51031,254.854,0.760451
284.9000,0.262651,254.673,0.758255
284.8000,2.13008,255.516,0.768458
284.7000,3.26779,254.272,0.75339
284.6000,-0.854422,254.394,0.754875
284.5000,5.03113,254.257,0.753211
284.4000,1.29941,254.439,0.755425
284.3000,4.49109,254.924,0.761302
284.2000,2.99549,255.07,0.763072
284.1000,2.07749,255.235,0.76506
284.0000,3.02909,254.23,0.752881
283.9000,3.38408,254.814,0.759971
283.8000,0.806771,254.737,0.759037
283.7000,4.65714,255.37,0.766691
283.6000,0.776569,255.273,0.765526
283.5000,0.711939,254.89,0.76089
283.4000,1.21073,255.58,0.769239
283.3000,-0.415399,255.057,0.762907
283.2000,0.275156,255.436,0.767499
283.1000,0.239635,254.467,0.755754
283.0000,1.89958,256.035,0.774725
282.9000,-0.737269,255.018,0.762441
282.8000,0.0296116,255.5,0.768266
282.7000,5.01795,255.155,0.7641
282.6000,0.289991,256.074,0.775204
282.5000,0.700336,254.193,0.752441
282.4000,3.20636,254.998,0.762194
282.3000,1.41383,254.707,0.758667
282.2000,-0.762004,255.138,0.763895
282.1000,0.0313514,254.753,0.75923
282.0000,3.13507,255.663,0.770238
281.9000,0.542945,255.166,0.764224
281.8000,0.64401,254.725,0.758886
281.7000,2.44665,254.362,0.75449
281.6000,2.66287,253.733,0.746852
281.5000,1.93691,254.761,0.759326
281.4000,-1.19941,255.265,0.76543
281.3000,1.68499,254.318,0.753954
281.2000,0.85581,254.29,0.75361
281.1000,1.35053,255.009,0.762331
281.0000,0.802707,254.174,0.752207
280.9000,-0.768853,254.71,0.758708
280.8000,1.41049,253.812,0.747803
280.7000,1.47692,254.463,0.755713
280.6000,1.28795,254.379,0.754696
280.5000,0.226587,254.971,0.761865
280.4000,-0.932117,254.204,0.752565
280.3000,1.92546,255.566,0.769061
280.2000,0.610515,254.38,0.75471
280.1000,0.996035,254.315,0.753912
280.0000,2.5103,254.132,0.751698
279.9000,1.56184,253.428,0.743131
279.8000,3.19548,255.033,0.762619
279.7000,3.00835,255.312,0.765992
279.6000,0.989439,254.339,0.754201
279.5000,4.65786,254.19,0.7524
279.4000,3.06041,254.295,0.753679
279.3000,-0.635308,253.783,0.747458
279.2000,0.838701,254.182,0.752303
279.1000,1.51828,255.416,0.767253
279.0000,1.21069,254.235,0.75295
278.9000,2.79402,254.306,0.753802
278.8000,-0.767643,253.877,0.748601
278.7000,-0.572598,253.669,0.746067
278.6000,3.97171,255.298,0.765828
278.5000,1.17126,254.538,0.75662
278.4000,2.52975,253.603,0.745268
278.3000,-0.000593366,253.252,0.740993
278.2000,0.965879,254.044,0.750625
278.1000,1.18647,254.051,0.750707
278.0000,-0.884027,255.158,0.764128
277.9000,1.45719,253.968,0.749703
277.8000,2.12273,254.348,0.754311
277.7000,1.50017,254.076,0.75101
277.6000,-0.266558,254.375,0.754641
277.5000,0.424833,255.597,0.769444
277.4000,-0.511059,255.268,0.765458
277.3000,3.75302,255.057,0.762907
277.2000,-1.44895,254.384,0.754751
277.1000,-1.1862,254.403,0.754985
277.0000,2.15967,253.254,0.741021
276.9000,0.526154,253.778,0.74739
276.8000,0.213791,254.989,0.762084
276.7000,2.11424,253.279,0.741324
276.6000,4.02749,253.909,0.748987
276.5000,1.05809,253.909,0.748987
276.4000,0.111946,254.455,0.755617
276.3000,2.27151,254.758,0.759284
276.2000,-0.00334691,254.651,0.757994
276.1000,2.41248,254.132,0.751698
276.0000,-0.989839,254.848,0.760383
275.9000,2.10237,254.711,0.758722
275.8000,1.98756,254.454,0.755603
275.7000,2.14462,253.818,0.747885
275.6000,2.71666,254.383,0.754737
275.5000,-0.751522,254.642,0.757884
275.4000,-0.761977,255.293,0.765759
275.3000,4.12667,253.954,0.749538
275.2000,-1.52801,254.226,0.75284
275.1000,-0.588716,254.948,0.76159
275.0000,1.57871,254.395,0.754888
274.9000,1.55937,253.183,0.740151
274.8000,-2.40534,254.003,0.750129
274.7000,1.1352,254.65,0.75798
274.6000,0.468952,254.285,0.753555
274.5000,1.26186,254.484,0.75596
274.4000,1.42196,254.66,0.758104
274.3000,0.692491,254.904,0.761055
274.2000,-1.15484,253.898,0.748849
274.1000,2.62411,252.883,0.736493
274.0000,-0.219189,253.625,0.74553
273.9000,1.53436,253.91,0.749001
273.8000,-1.06437,252.957,0.737404
273.7000,0.159363,254.25,0.753129
273.6000,-1.73822,254.281,0.7535
273.5000,-0.961853,253.349,0.742179
273.4000,1.01297,253.752,0.747073
273.3000,0.65933,253.796,0.74761
273.2000,0.716372,253.272,0.741242
273.1000,-0.377299,255.246,0.765197
273.0000,2.17932,254.505,0.756221
272.9000,0.244556,253.744,0.746976
272.8000,-1.26078,254.468,0.755768
272.7000,-2.85133,254.005,0.750157
272.6000,2.2773,253.662,0.745984
272.5000,1.29074,253.817,0.747872
272.4000,-2.03268,254.431,0.755328
272.3000,-1.69383,253.931,0.749248
272.2000,0.0586575,254.092,0.751203
272.1000,-0.893866,254.954,0.761659
272.0000,1.28226,254.186,0.752345
271.9000,1.86973,253.92,0.749125
271.8000,-0.332467,254.871,0.760657
271.7000,-2.00109,253.468,0.743627
271.6000,-0.845964,253.846,0.748216
271.5000,-0.341304,254.069,0.750928
271.4000,1.4533,254.233,0.752922
271.3000,1.68944,254.583,0.757169
271.2000,0.699519,254.06,0.750818
271.1000,2.17347,253.471,0.743655
271.0000,4.38001,254.462,0.755699
270.9000,0.222434,254.698,0.758557
270.8000,1.61761,254.513,0.756318
270.7000,3.04961,255.036,0.76266
270.6000,1.68291,253.89,0.748753
270.5000,0.435401,254.059,0.750804
270.4000,-0.12182,254.368,0.754559
270.3000,1.54844,254.796,0.759751
270.2000,5.20749,254.32,0.753981
270.1000,-1.24644,253.689,0.746315
270.0000,1.84209,254.127,0.751629
269.9000,2.67069,253.356,0.742262
269.8000,0.38271,253.848,0.748243
269.7000,0.914426,253.672,0.746108
269.6000,0.169018,254.516,0.756359
269.5000,1.71123,253.799,0.747651
269.4000,1.43952,254.044,0.750625
269.3000,-1.0057,254.315,0.753912
269.2000,-2.51846,254.46,0.755672
269.1000,1.10422,255.042,0.762729
269.0000,-1.55291,253.179,0.74011
268.9000,1.41515,254.656,0.758049
268.8000,2.32536,254.498,0.756139
268.7000,-1.85833,254.182,0.752303
268.6000,-0.820544,254.026,0.750405
268.5000,-0.873012,254.962,0.761755
268.4000,1.1258,252.938,0.73717
268.3000,0.804534,253.854,0.748312
268.2000,-0.149437,254.414,0.755122
268.1000,0.914959,255.056,0.762893
268.0000,-0.609265,254.374,0.754627
267.9000,1.65208,253.074,0.738826
267.8000,0.23196,253.039,0.738398
267.7000,1.94087,254.735,0.75901
267.6000,-1.74283,254.855,0.760465
267.5000,0.567963,254.728,0.758928
267.4000,0.863289,254.616,0.757568
267.3000,3.87778,254.088,0.751162
267.2000,-0.362943,252.825,0.735788
267.1000,1.46801,254.096,0.751258
267.0000,0.971605,253.816,0.747858
266.9000,-0.666053,253.497,0.743972
266.8000,2.29342,255.461,0.767801
266.7000,2.92418,254.363,0.754503
266.6000,3.79225,255.091,0.763319
266.5000,2.77345,253.328,0.741917
266.4000,0.402615,253.38,0.742552
266.3000,3.20126,254.732,0.758969
266.2000,-0.024111,254.114,0.751478
266.1000,1.42303,254.433,0.755342
266.0000,-0.306803,253.971,0.749744
265.9000,3.34936,255.087,0.763278
265.8000,2.64362,254.573,0.757046
265.7000,-1.41874,255.408,0.767157
265.6000,0.545576,253.789,0.747527
265.5000,-2.39506,255.824,0.772182
265.4000,3.90928,255.141,0.763922
265.3000,-0.971971,254.828,0.760136
265.2000,0.854758,254.761,0.759326
265.1000,1.84932,255.2,0.764635
265.0000,-1.36711,254.592,0.75728
264.9000,0.493154,254.176,0.752235
264.8000,-0.141308,254.311,0.753871
264.7000,1.22887,255.27,0.765485
264.6000,1.72107,253.977,0.749813
264.5000,2.08996,255.135,0.763853
264.4000,0.276764,255.305,0.76591
264.3000,-0.790903,255.219,0.764868
264.2000,0.297831,254.78,0.759559
264.1000,1.74896,255.51,0.76839
264.0000,2.24105,255.353,0.766486
263.9000,-0.259309,255.832,0.772277
263.8000,2.41674,254.641,0.75787
263.7000,1.128,255.074,0.763113
263.6000,-2.05364,255.592,0.769376
263.5000,4.03018,254.312,0.753885
263.4000,-2.01587,254.872,0.760671
263.3000,-0.458308,255.441,0.767554
263.2000,0.949781,254.078,0.751038
263.1000,-0.979359,255.384,0.766869
263.0000,2.83779,256.447,0.779699
262.9000,2.2224,255.567,0.769074
262.8000,-1.85649,254.69,0.758461
262.7000,2.61111,254.952,0.761631
262.6000,1.21783,255.57,0.769115
262.5000,2.73302,256.431,0.779508
262.4000,-0.726641,255.354,0.766499
262.3000,3.13025,255.408,0.767157
262.2000,3.23871,255.134,0.76384
262.1000,4.15381,255.715,0.770868
262.0000,1.63326,254.28,0.753486
261.9000,0.710611,255.041,0.762715
261.8000,1.21774,254.904,0.761055
261.7000,1.8729,255.288,0.765704
261.6000,0.141904,254.999,0.762208
261.5000,2.3724,255.592,0.769376
261.4000,2.43854,255.148,0.764005
261.3000,-0.582022,255.682,0.770471
261.2000,-0.36491,255.252,0.765266
261.1000,0.599506,256.445,0.779672
261.0000,0.0560661,255.389,0.766924
260.9000,-0.495612,255.237,0.765087
260.8000,0.0251387,255.853,0.772537
260.7000,-1.23896,255.064,0.76299
260.6000,0.345062,255.189,0.764512
260.5000,-0.958921,255.935,0.773522
260.4000,0.068034,255.282,0.765636
260.3000,0.493465,256.248,0.777295
260.2000,0.899147,256.55,0.780941
260.1000,0.156969,254.667,0.758186
260.0000,2.74768,255.362,0.766595
259.9000,0.445503,255.602,0.769499
259.8000,1.37586,256.41,0.779248
259.7000,0.753675,257.391,0.791056
259.6000,0.909367,256.981,0.786125
259.5000,3.96101,256.977,0.786084
259.4000,2.05607,256.647,0.782101
259.3000,2.14127,257.357,0.790648
259.2000,3.11631,255.902,0.773126
259.1000,2.11013,256.82,0.784189
259.0000,2.80962,255.945,0.773645
258.9000,-0.401455,255.957,0.773782
258.8000,-0.79105,255.775,0.771593
258.7000,1.93381,257.884,0.796973
258.6000,0.145883,255.683,0.770485
258.5000,-0.189082,257.306,0.790035
258.4000,0.954544,256.458,0.779836
258.3000,2.85882,256.618,0.78176
258.2000,1.58767,255.913,0.773262
258.1000,0.286557,256.727,0.78307
258.0000,0.697021,255.83,0.77225
257.9000,0.641833,257.552,0.792988
257.8000,0.135943,256.415,0.779317
257.7000,-3.70916,257.16,0.788278
257.6000,-0.604489,256.447,0.779699
257.5000,3.2031,256.699,0.782729
257.4000,0.322088,257.017,0.786561
257.3000,4.15813,256.69,0.78262
257.2000,-3.22373,256.276,0.777637
257.1000,2.82873,258.459,0.803871
257.0000,0.371458,257.4,0.791165
256.9000,5.04857,256.54,0.780818
256.8000,1.77771,257.63,0.793927
256.7000,1.66935,257.252,0.789381
256.6000,1.44039,258.216,0.800953
256.5000,2.28535,256.777,0.78367
256.4000,4.00778,258.137,0.800002
256.3000,-0.26669,257.266,0.789558
256.2000,0.675821,256.394,0.779057
256.1000,-0.724441,257.699,0.794757
256.0000,-0.736001,257.895,0.797109
255.9000,0.996601,255.892,0.773002
255.8000,2.5627,256.29,0.777801
255.7000,0.546944,257.143,0.788074
255.6000,3.64449,256.916,0.785348
255.5000,1.27235,257.711,0.794893
255.4000,0.998843,257.151,0.788169
255.3000,0.664263,257.067,0.787161
255.2000,2.69395,256.545,0.780873
255.1000,1.47638,256.997,0.786316
255.0000,0.983055,256.478,0.780068
254.9000,1.27484,257.715,0.794947
254.8000,2.84227,258.601,0.805566
254.7000,3.27366,258.164,0.800328
254.6000,1.91794,257.266,0.789558
254.5000,1.753,257.224,0.789054
254.4000,0.91966,257.303,0.789994
254.3000,-0.23403,257.948,0.797747
254.2000,-0.634837,257.092,0.78746
254.1000,3.14389,258.066,0.79916
254.0000,2.89462,258.134,0.799975
253.9000,-1.12909,257.418,0.791383
253.8000,-0.972516,258.985,0.81016
253.7000,1.71387,257.015,0.786534
253.6000,-0.6778,258.396,0.803111
253.5000,-0.537708,258.218,0.80098
253.4000,3.13474,259.088,0.811393
253.3000,-0.496814,257.169,0.788387
253.2000,1.26155,258.266,0.80155
253.1000,0.177967,258.41,0.803274
253.0000,0.696419,258.473,0.804034
252.9000,-0.159853,258.024,0.798658
252.8000,-2.01354,258.078,0.799296
252.7000,0.657378,258.353,0.802595
252.6000,1.19636,257.7,0.79477
252.5000,0.815947,257.601,0.793574
252.4000,-1.0462,258.632,0.805933
252.3000,-0.55207,259.088,0.811393
252.2000,-2.48943,259.169,0.812354
252.1000,2.5833,257.893,0.797082
252.0000,-1.89366,258.06,0.799079
251.9000,1.72149,258.294,0.80189
251.8000,2.16194,257.447,0.791723
251.7000,-2.53417,258.762,0.807491
251.6000,1.21749,257.958,0.797856
251.5000,0.882311,258.626,0.805865
251.4000,-1.67012,257.899,0.797149
251.3000,0.0600179,258.977,0.810066
251.2000,1.36222,258.731,0.807125
251.1000,3.12218,258.419,0.803383
251.0000,0.281704,258.808,0.808047
250.9000,-1.98693,258.73,0.807112
250.8000,-0.407385,259.289,0.813788
250.7000,0.642232,257.448,0.791737
250.6000,-0.0791177,258.944,0.809673
250.5000,-0.833475,258.895,0.809077
250.4000,-1.51395,258.371,0.802813
250.3000,1.60923,258.259,0.801469
250.2000,-0.269795,259.169,0.812354
250.1000,2.62742,258.692,0.806651
250.0000,2.0835,259.129,0.81188
249.9000,0.579498,258.78,0.807708
249.8000,-2.84277,259.475,0.816006
249.7000,1.28054,259.525,0.816601
249.6000,0.515653,259.222,0.81299
249.5000,1.46208,257.826,0.79628
249.4000,0.0178731,259.004,0.81039
249.3000,0.472972,257.139,0.788033
249.2000,2.45907,258.936,0.809578
249.1000,1.19786,259.837,0.820331
249.0000,0.772824,259.051,0.810946
248.9000,0.0296332,259.254,0.813369
248.8000,0.801543,258.59,0.805431
248.7000,-2.91621,258.91,0.809266
248.6000,2.72739,259.352,0.814546
248.5000,-0.00446546,258.623,0.805824
248.4000,-0.305287,258.644,0.806082
248.3000,1.23483,258.824,0.808237
248.2000,3.48668,257.731,0.795138
248.1000,-4.04337,258.338,0.802419
248.0000,-0.576024,258.234,0.80117
247.9000,-0.241779,257.827,0.796293
247.8000,1.95695,258.557,0.805037
247.7000,0.76428,259.495,0.81625
247.6000,0.13078,258.847,0.808508
247.5000,-1.67405,259.69,0.818575
247.4000,1.78654,258.752,0.807369
247.3000,1.95203,259.05,0.810932
247.2000,1.86605,259.319,0.814154
247.1000,2.82711,259.687,0.818534
247.0000,2.36562,258.845,0.808481
246.9000,3.8769,258.521,0.804603
246.8000,2.7633,258.958,0.809835
246.7000,1.54408,258.831,0.808318
246.6000,1.56324,258.396,0.803111
246.5000,1.75973,259.57,0.817142
246.4000,-0.162293,258.752,0.807369
246.3000,-0.458162,258.967,0.809944
246.2000,3.21487,259.496,0.816263
246.1000,-0.508938,259.92,0.821317
246.0000,-1.5268,258.714,0.806922
245.9000,-0.785231,259.407,0.815195
245.8000,2.26835,259.377,0.814843
245.7000,5.25681,257.52,0.792607
245.6000,3.5329,259.312,0.814059
245.5000,-0.733149,258.482,0.804142
245.4000,2.6839,258.742,0.807247
245.3000,0.105138,258.626,0.805865
245.2000,-0.173036,259.359,0.814627
245.1000,-0.516681,259.914,0.82125
245.0000,2.63239,259.147,0.812097
244.9000,2.41096,258.953,0.809781
244.8000,-0.8451,257.582,0.793356
244.7000,-0.797518,259.814,0.820047
244.6000,1.2666,259.96,0.82179
244.5000,-0.0995075,260.029,0.822613
244.4000,-0.367068,259.321,0.814167
244.3000,0.834444,258.184,0.800573
244.2000,2.35239,258.953,0.809781
244.1000,-0.472395,258.379,0.802908
244.0000,0.827328,259.542,0.816804
243.9000,-1.81705,258.705,0.806814
243.8000,4.07867,259.864,0.820655
243.7000,2.83569,259.683,0.818494
243.6000,1.68131,258.689,0.806624
243.5000,3.09326,259.661,0.818223
243.4000,2.90497,259.375,0.814816
243.3000,1.54251,259.568,0.817115
243.2000,-0.437142,260.698,0.830582
243.1000,3.02824,259.587,0.817345
243.0000,0.550018,260.319,0.826067
242.9000,0.663435,259.188,0.812584
242.8000,-0.245392,259.164,0.8123
242.7000,2.79305,260.183,0.824448
242.6000,3.65665,260.116,0.823652
242.5000,-0.337584,258.847,0.808508
242.4000,3.06413,260.603,0.829451
242.3000,1.67172,260.004,0.822316
242.2000,-1.1614,259.972,0.821938
242.1000,0.93778,260.354,0.826485
242.0000,-1.3011,258.976,0.810052
241.9000,-2.95245,259.887,0.820925
241.8000,-0.386209,260.734,0.831
241.7000,2.30364,259.841,0.820372
241.6000,3.07927,259.64,0.81798
241.5000,2.15288,261.221,0.836787
241.4000,0.208512,261.324,0.83801
241.3000,1.22525,260.09,0.823342
241.2000,1.47451,261.161,0.836074
241.1000,2.98342,259.357,0.8146
241.0000,3.54604,259.564,0.817075
240.9000,-0.225538,260.405,0.827092
240.8000,1.0979,260.218,0.824867
240.7000,3.19302,259.739,0.819156
240.6000,0.209771,259.46,0.815831
240.5000,0.371184,260.149,0.824044
240.4000,2.65132,259.845,0.820426
240.3000,-4.01496,259.752,0.819318
240.2000,1.30191,260.816,0.831983
240.1000,0.151716,260.396,0.826984
240.0000,1.95173,260.353,0.826472
239.9000,-1.37418,260.002,0.822289
239.8000,4.18186,258.838,0.808399
239.7000,0.948888,260.266,0.825433
239.6000,2.59108,259.947,0.821641
239.5000,-1.82143,260.727,0.830919
239.4000,1.60163,261.143,0.835859
239.3000,-1.15299,260.121,0.823706
239.2000,1.51488,261.988,0.845879
239.1000,1.10407,260.301,0.825851
239.0000,-1.22398,261.965,0.845611
238.9000,1.05227,259.925,0.821371
238.8000,-2.79902,260.149,0.824044
238.7000,1.54646,261.481,0.839878
238.6000,1.90984,263.219,0.860432
238.5000,-1.28388,261.222,0.8368
238.4000,1.59491,260.717,0.830798
238.3000,1.38326,261.751,0.843074
238.2000,-1.7315,262.248,0.848963
238.1000,-0.860952,262.399,0.850746
238.0000,1.37662,261.633,0.841678
237.9000,-1.18392,261.276,0.837445
237.8000,0.481472,262.177,0.848119
237.7000,-2.22589,262.446,0.851295
237.6000,1.18355,262.854,0.856114
237.5000,1.5077,262.546,0.852487
237.4000,-2.92267,262.704,0.854348
237.3000,1.34068,262.833,0.855873
237.2000,0.0889177,262.625,0.85341
237.1000,3.03941,261.39,0.838789
237.0000,2.36159,261.851,0.844256
236.9000,2.62637,262.927,0.856983
236.8000,4.30894,263.045,0.858374
236.7000,-0.192439,261.933,0.845235
236.6000,0.6801,262.321,0.849821
236.5000,5.19987,263.369,0.862196
236.4000,-1.7265,264.081,0.870574
236.3000,4.52545,264.154,0.87144
236.2000,0.780267,260.577,0.829141
236.1000,0.795509,262.263,0.849138
236.0000,0.730576,262.123,0.847475
235.9000,-0.653959,262.948,0.857224
235.8000,1.36096,261.938,0.845289
235.7000,2.38507,262.234,0.848789
235.6000,3.08374,262.931,0.857023
235.5000,2.84355,261.994,0.845946
235.4000,2.10476,261.847,0.844215
235.3000,2.49472,263.251,0.860807
235.2000,-3.89847,262.539,0.852393
235.1000,-0.0445404,262.747,0.854856
235.0000,-1.32404,262.39,0.850638
234.9000,-0.134828,263.88,0.868215
234.8000,4.22086,263.292,0.861288
234.7000,2.81805,264.208,0.872067
234.6000,3.20794,262.855,0.856127
234.5000,-0.351773,264.511,0.875635
234.4000,0.909486,263.012,0.857986
234.3000,0.253939,263.746,0.866641
234.2000,-0.752577,263.626,0.865227
234.1000,3.86396,264.106,0.870867
234.0000,3.2645,264.336,0.873571
233.9000,0.813066,263.789,0.867148
233.8000,3.87978,264.135,0.871214
233.7000,4.7157,263.887,0.868295
233.6000,0.804706,264.145,0.871334
233.5000,1.82876,263.426,0.862864
233.4000,-0.465376,264.424,0.87461
233.3000,0.99101,263.987,0.869468
233.2000,4.49471,264.305,0.873212
233.1000,3.04978,263.988,0.869481
233.0000,-1.96144,265.488,0.887089
232.9000,2.02248,265.011,0.881499
232.8000,2.13449,263.925,0.868748
232.7000,1.84583,264.998,0.881353
232.6000,1.52647,265.196,0.883664
232.5000,-0.103309,264.743,0.878362
232.4000,3.07477,264.495,0.875449
232.3000,3.88732,264.749,0.878428
232.2000,-1.42827,265.914,0.892074
232.1000,0.972328,265.078,0.882283
232.0000,0.813537,266.105,0.894313
231.9000,-1.24724,264.242,0.872466
231.8000,1.63303,265.588,0.888256
231.7000,1.10402,264.955,0.880848
231.6000,0.922862,265.589,0.88827
231.5000,2.93593,265.443,0.886558
231.4000,0.243528,265.233,0.884103
231.3000,2.9671,264.934,0.880596
231.2000,1.34109,265.225,0.88401
231.1000,2.78156,265.824,0.891027
231.0000,-0.0521484,266.11,0.894366
230.9000,-0.826796,265.376,0.885775
230.8000,-1.11651,265.545,0.887752
230.7000,4.38438,266.801,0.902435
230.6000,0.377287,266.307,0.896669
230.5000,3.44551,266.536,0.899342
230.4000,-0.186353,265.967,0.892697
230.3000,1.96223,265.652,0.889012
230.2000,2.39131,266.546,0.899461
230.1000,1.14173,265.379,0.885815
230.0000,2.40258,265.24,0.884182
229.9000,-0.0755087,265.156,0.8832
229.8000,-0.680735,266.084,0.894061
229.7000,0.164095,265.647,0.888946
229.6000,-0.507418,265.82,0.890974
229.5000,-1.34765,265.717,0.889768
229.4000,2.68168,266.278,0.896325
229.3000,0.419506,265.879,0.891664
229.2000,1.04112,265.952,0.892525
229.1000,6.26511,265.4,0.886054
229.0000,-0.84119,266.226,0.895716
228.9000,2.06721,267.768,0.913689
228.8000,3.63456,266.654,0.900717
228.7000,4.30253,266.678,0.900994
228.6000,2.73915,266.238,0.895862
228.5000,1.39361,266.358,0.897265
228.4000,-1.12793,267.623,0.912003
228.3000,0.747617,268.265,0.919468
228.2000,1.65302,268.208,0.91881
228.1000,0.816704,267.614,0.911897
228.0000,1.60714,267.751,0.913491
227.9000,1.7863,268.633,0.92374
227.8000,-1.00661,267.373,0.909102
227.7000,4.13859,268.087,0.917402
227.6000,3.21379,266.364,0.897331
227.5000,-1.36498,269.275,0.931169
227.4000,2.99449,268.045,0.916915
227.3000,0.00884036,268.48,0.921966
227.2000,1.7006,269.374,0.932323
227.1000,-0.655282,269.011,0.928113
227.0000,3.32337,269.663,0.935664
226.9000,0.382228,268.481,0.921979
226.8000,4.46913,269.535,0.934184
226.7000,4.41385,268.835,0.926078
226.6000,-0.981799,268.727,0.924831
226.5000,3.95133,268.421,0.921283
226.4000,-1.62893,268.947,0.927378
226.3000,-1.21141,268.901,0.92684
226.2000,1.04179,267.73,0.913254
226.1000,1.41212,269.866,0.938008
226.0000,1.97316,269.173,0.929989
225.9000,-0.590656,269.162,0.929871
225.8000,3.22889,268.796,0.925632
225.7000,1.3144,269.213,0.930461
225.6000,-0.678619,269.907,0.938479
225.5000,4.12408,270.317,0.943214
225.4000,1.28943,269.714,0.936254
225.3000,1.53084,269.644,0.935442
225.2000,0.960796,271.715,0.959308
225.1000,2.37213,270.366,0.943776
225.0000,3.81317,269.783,0.937052
224.9000,0.314465,270.286,0.942861
224.8000,-1.80224,269.85,0.937825
224.7000,3.98894,270.562,0.946036
224.6000,3.37193,270.865,0.949535
224.5000,3.62734,270.188,0.941723
224.4000,-0.742521,270.509,0.945422
224.3000,1.75539,270.565,0.946075
224.2000,2.5756,270.684,0.947446
224.1000,-0.247176,271.625,0.958267
224.0000,3.2936,270.488,0.945187
223.9000,1.0506,270.775,0.948491
223.8000,1.8148,270.562,0.946036
223.7000,-2.15379,270.411,0.944299
223.6000,3.33864,271.075,0.951948
223.5000,4.36334,270.541,0.945801
223.4000,2.84132,271.64,0.958449
223.3000,1.13306,270.258,0.942534
223.2000,1.56873,271.701,0.959139
223.1000,-3.18216,271.398,0.955662
223.0000,1.43846,271.065,0.95183
222.9000,1.76427,272.168,0.964511
222.8000,2.3011,271.74,0.959595
222.7000,0.782436,271.095,0.952183
222.6000,-1.96008,271.203,0.953421
222.5000,1.49651,272.63,0.969797
222.4000,-1.03101,271.676,0.958853
222.3000,1.25693,271.507,0.956913
222.2000,0.67968,271.681,0.958918
222.1000,0.77108,272.718,0.970809
222.0000,-3.04894,272.744,0.971107
221.9000,4.1604,272.457,0.967823
221.8000,4.14948,274.028,0.985778
221.7000,2.02482,272.768,0.97138
221.6000,3.75928,272.915,0.973066
221.5000,-1.36527,273.287,0.977316
221.4000,3.34117,272.566,0.96907
221.3000,5.07913,272.592,0.969368
221.2000,3.78663,272.991,0.973934
221.1000,3.81236,273.105,0.975244
221.0000,0.348678,272.818,0.971951
220.9000,4.24292,273.263,0.977045
220.8000,4.02087,272.69,0.970484
220.7000,1.74375,272.745,0.97112
220.6000,-1.09337,272.894,0.972819
220.5000,3.18001,273.111,0.975308
220.4000,4.70202,273.917,0.984511
220.3000,3.03396,274.063,0.986179
220.2000,1.82129,274.355,0.989511
220.1000,4.16654,273.016,0.97422
220.0000,-0.279057,272.597,0.96942
219.9000,-1.54415,274.123,0.986863
219.8000,1.68121,273.789,0.98305
219.7000,-0.222485,274.721,0.993679
219.6000,-1.08869,273.858,0.983839
219.5000,4.78638,274.454,0.990634
219.4000,0.68788,274.294,0.988814
219.3000,-4.90296,274.159,0.987277
219.2000,5.39404,274.026,0.985752
219.1000,2.47108,275.113,0.998138
219.0000,0.892117,274.597,0.99226
218.9000,4.59913,275.604,1.00371
218.8000,0.636742,274.189,0.987613
218.7000,0.566311,274.746,0.993963
218.6000,2.73688,274.464,0.99075
218.5000,2.5992,275.623,1.00393
218.4000,4.38214,275.078,0.997739
218.3000,1.8103,275.657,1.00432
218.2000,-1.32131,275.037,0.997275
218.1000,1.8803,275.758,1.00546
218.0000,1.84379,274.59,0.992182
217.9000,0.635898,274.73,0.993782
217.8000,3.31733,275.484,1.00235
217.7000,4.40396,275.877,1.00681
217.6000,1.12959,275.094,0.997919
217.5000,1.93426,274.983,0.996657
217.4000,2.83155,275.432,1.00176
217.3000,1.04241,275.469,1.00218
217.2000,-0.251823,275.126,0.99828
217.1000,1.04941,276.019,1.00842
217.0000,4.73678,276.43,1.01308
216.9000,2.92558,276.074,1.00905
216.8000,4.49001,276.683,1.01594
216.7000,2.08741,276.337,1.01202
216.6000,1.89865,275.888,1.00694
216.5000,-2.82986,277.042,1.02
216.4000,0.110537,276.42,1.01296
216.3000,1.34995,276.454,1.01335
216.2000,2.75738,277.481,1.02496
216.1000,0.370469,276.853,1.01786
216.0000,-0.929274,277.322,1.02316
215.9000,4.56396,276.695,1.01608
215.8000,-0.923207,276.812,1.0174
215.7000,2.21128,276.99,1.01941
215.6000,1.32018,277.602,1.02632
215.5000,0.75358,276.883,1.0182
215.4000,1.10632,277.149,1.02121
215.3000,7.60126,276.569,1.01465
215.2000,4.75475,276.538,1.0143
215.1000,1.05161,277.123,1.02092
215.0000,2.81442,277.878,1.02944
214.9000,3.71207,276.706,1.01621
214.8000,-0.101709,278.25,1.03363
214.7000,2.42756,277.646,1.02682
214.6000,0.213411,278.364,1.03491
214.5000,5.68308,276.789,1.01714
214.4000,4.39399,277.369,1.0237
214.3000,4.65179,277.96,1.03036
214.2000,-0.376251,277.259,1.02246
214.1000,5.23901,278.562,1.03715
214.0000,-1.50547,278.409,1.03542
213.9000,-2.52597,276.509,1.01397
213.8000,3.62728,278.134,1.03232
213.7000,2.31478,279.161,1.04387
213.6000,1.75574,278.804,1.03986
213.5000,3.22729,278.874,1.04065
213.4000,0.694099,278.696,1.03865
213.3000,-1.41064,278.712,1.03883
213.2000,-0.94321,278.276,1.03392
213.1000,1.12892,278.227,1.03337
213.0000,2.44536,279.14,1.04364
212.9000,1.79752,278.404,1.03536
212.8000,-0.0674661,279.009,1.04217
212.7000,3.29626,278.15,1.0325
212.6000,2.31111,279.252,1.0449
212.5000,6.32378,278.839,1.04025
212.4000,10.0354,279.048,1.04261
212.3000,0.877254,278.398,1.0353
212.2000,-0.155778,278.622,1.03782
212.1000,-0.591168,278.771,1.03949
212.0000,2.83943,280.151,1.05498
211.9000,0.738935,280.354,1.05725
211.8000,2.76558,278.967,1.04169
211.7000,0.122606,280.481,1.05867
211.6000,0.741636,279.742,1.05039
211.5000,4.85015,279.796,1.051
211.4000,2.69057,279.888,1.05203
211.3000,3.19574,280.809,1.06234
211.2000,2.18605,280.239,1.05597
211.1000,4.3447,279.394,1.04649
211.0000,-0.379107,280.404,1.05781
210.9000,2.71348,280.379,1.05753
210.8000,2.87319,280.003,1.05331
210.7000,4.36864,280.101,1.05442
210.6000,2.51963,280.663,1.06071
210.5000,0.778914,281.199,1.06669
210.4000,1.7689,281.838,1.07382
210.3000,-2.98564,280.744,1.06161
210.2000,4.55502,281.289,1.06769
210.1000,3.77084,282.068,1.07638
210.0000,3.79295,281.342,1.06829
209.9000,-3.32194,281.983,1.07544
209.8000,1.84573,281.063,1.06518
209.7000,-1.69154,281.374,1.06864
209.6000,0.370605,282.38,1.07985
209.5000,-2.28715,282.12,1.07696
209.4000,2.19598,282.777,1.08427
209.3000,0.466453,281.994,1.07556
209.2000,3.29386,282.626,1.08259
209.1000,0.522692,282.683,1.08323
209.0000,2.70427,282.16,1.07741
208.9000,3.85729,283.505,1.09235
208.8000,1.13277,282.626,1.08259
208.7000,2.00166,283.517,1.09249
208.6000,0.557822,282.553,1.08178
208.5000,3.81184,283.08,1.08763
208.4000,3.15515,282.139,1.07718
208.3000,3.85469,282.465,1.0808
208.2000,2.69203,282.261,1.07853
208.1000,5.98567,282.876,1.08537
208.0000,2.45638,284.596,1.10443
207.9000,0.455381,282.503,1.08123
207.8000,-0.321786,283.618,1.0936
207.7000,1.88346,284.465,1.10297
207.6000,4.92259,284.784,1.10651
207.5000,4.7078,283.929,1.09704
207.4000,1.82848,285.015,1.10906
207.3000,0.807767,284.919,1.10799
207.2000,3.44645,284.103,1.09898
207.1000,2.19037,284.605,1.10453
207.0000,-0.365151,283.555,1.0929
206.9000,-0.383423,284.114,1.0991
206.8000,-3.67787,285.088,1.10986
206.7000,0.543219,284.555,1.10398
206.6000,-1.85403,285.738,1.11703
206.5000,-0.842434,285.322,1.11245
206.4000,0.539279,285.066,1.10962
206.3000,-0.196136,285.985,1.11975
206.2000,7.08882,285.2,1.1111
206.1000,5.6841,286.796,1.12867
206.0000,3.91003,286.188,1.12198
205.9000,2.84822,285.579,1.11528
205.8000,1.1575,286.129,1.12133
205.7000,-0.169835,285.814,1.11787
205.6000,6.43593,287.638,1.1379
205.5000,4.92772,286.368,1.12396
205.4000,-3.16711,286.56,1.12607
205.3000,2.10793,285.834,1.11809
205.2000,-0.490792,287.204,1.13315
205.1000,0.324733,287.123,1.13225
205.0000,4.81481,287.209,1.1332
204.9000,-1.61865,287.075,1.13173
204.8000,7.29618,287.821,1.1399
204.7000,4.23851,287.449,1.13583
204.6000,0.186299,287.261,1.13377
204.5000,3.6029,288.578,1.14818
204.4000,2.37345,288.772,1.15031
204.3000,-1.05516,289.736,1.16081
204.2000,0.164985,288.709,1.14962
204.1000,2.45035,289.943,1.16307
204.0000,0.941976,288.985,1.15263
203.9000,-0.321032,288.621,1.14865
203.8000,1.80333,289.385,1.157
203.7000,3.93135,289.924,1.16286
203.6000,1.42931,290.036,1.16408
203.5000,1.6691,290.85,1.17293
203.4000,-5.90283,290.818,1.17258
203.3000,2.80398,290.845,1.17287
203.2000,1.88215,290.383,1.16785
203.1000,0.911827,290.89,1.17336
203.0000,0.335368,290.546,1.16962
202.9000,-0.185916,291.351,1.17836
202.8000,3.35383,291.239,1.17715
202.7000,3.26348,291.028,1.17486
202.6000,5.10821,290.979,1.17432
202.5000,3.74281,291.577,1.18081
202.4000,-1.23421,291.817,1.18341
202.3000,0.499088,292.092,1.18639
202.2000,0.1572,292.49,1.19069
202.1000,5.06351,292.415,1.18988
202.0000,-1.94641,292.521,1.19102
201.9000,-0.0369636,292.674,1.19267
201.8000,-1.1418,293.217,1.19854
201.7000,5.63784,293.402,1.20053
201.6000,0.524502,292.944,1.19559
201.5000,2.88338,293.543,1.20204
201.4000,1.03665,295.097,1.21875
201.3000,2.01734,294.431,1.2116
201.2000,0.388135,294.729,1.2148
201.1000,5.8045,294.446,1.21176
201.0000,5.16935,294.982,1.21751
200.9000,3.34615,292.966,1.19582
200.8000,-0.536753,295.217,1.22004
200.7000,2.12402,296.328,1.23192
200.6000,3.28711,296.509,1.23386
200.5000,0.685092,295.378,1.22176
200.4000,4.23307,295.601,1.22415
200.3000,5.50092,295.328,1.22123
200.2000,3.53447,295.758,1.22583
200.1000,3.17741,295.833,1.22663
200.0000,1.99981,297.223,1.24148
199.9000,2.93648,296.673,1.23561
199.8000,0.891981,296.594,1.23477
199.7000,-4.40967,296.948,1.23854
199.6000,4.77549,296.279,1.2314
199.5000,2.88192,297.423,1.24361
199.4000,5.38167,297.263,1.2419
199.3000,2.20088,297.61,1.24561
199.2000,-3.71833,296.957,1.23864
199.1000,4.50185,297.503,1.24446
199.0000,5.21219,296.37,1.23237
198.9000,-0.320034,297.996,1.24971
198.8000,5.78525,297.531,1.24476
198.7000,1.64025,299.002,1.26039
198.6000,1.75793,298.336,1.25332
198.5000,7.49353,298.254,1.25245
198.4000,4.14755,298.299,1.25293
198.3000,-0.196893,298.458,1.25462
198.2000,7.0691,299.478,1.26544
198.1000,4.46972,299.293,1.26348
198.0000,2.55215,299.699,1.26778
197.9000,-1.40472,300.145,1.2725
197.8000,2.43772,300.577,1.27706
197.7000,4.11374,299.292,1.26347
197.6000,4.76832,299.762,1.26845
197.5000,1.14826,299.777,1.26861
197.4000,1.95839,299.72,1.26801
197.3000,1.05896,299.941,1.27034
197.2000,1.27102,300.074,1.27175
197.1000,2.6322,301.38,1.28554
197.0000,-0.395072,300.871,1.28017
196.9000,0.857749,301.303,1.28473
196.8000,2.1566,302.1,1.29311
196.7000,4.10043,300.063,1.27164
196.6000,3.35904,300.816,1.27959
196.5000,3.73597,302.035,1.29243
196.4000,-0.325912,301.237,1.28403
196.3000,3.86867,301.958,1.29162
196.2000,0.878777,302.33,1.29553
196.1000,1.13579,304.007,1.31311
196.0000,3.25515,303.577,1.30862
195.9000,0.492299,302.754,1.29999
195.8000,1.58325,302.07,1.2928
195.7000,3.82807,303.648,1.30937
195.6000,-1.35301,303.784,1.31079
195.5000,3.99026,303.662,1.30951
195.4000,1.16207,303.912,1.31213
195.3000,5.3739,303.873,1.31172
195.2000,0.910579,306.371,1.33777
195.1000,2.7966,304.573,1.31904
195.0000,1.69667,306.188,1.33586
194.9000,2.17982,303.318,1.3059
194.8000,-3.52389,305.461,1.3283
194.7000,4.63206,306.141,1.33538
194.6000,8.90567,307.377,1.34822
194.5000,-0.266076,306.217,1.33617
194.4000,0.5618,307.98,1.35446
194.3000,2.59366,307.088,1.34522
194.2000,0.254583,306.545,1.33957
194.1000,-0.202523,307.548,1.34999
194.0000,4.5331,308.801,1.36294
193.9000,1.79691,308.716,1.36206
193.8000,1.95015,310.031,1.37563
193.7000,-0.872088,308.674,1.36163
193.6000,3.28423,310.805,1.38358
193.5000,-0.207819,311.453,1.39023
193.4000,-4.20321,310.014,1.37545
193.3000,6.35723,310.645,1.38194
193.2000,2.77311,311.452,1.39022
193.1000,4.63635,313.342,1.40955
193.0000,7.49995,312.378,1.3997
192.9000,1.61501,312.28,1.3987
192.8000,-0.979234,313.8,1.41422
192.7000,4.07457,314.839,1.42479
192.6000,0.278664,313.903,1.41527
192.5000,2.4577,315.372,1.43021
192.4000,1.51609,315.985,1.43642
192.3000,1.426,317.551,1.45225
192.2000,2.77855,317.94,1.45617
192.1000,0.258018,318.131,1.4581
192.0000,0.102635,319.395,1.4708
191.9000,-1.65091,319.378,1.47063
191.8000,-2.06891,319.711,1.47397
191.7000,6.59351,321.601,1.49289
191.6000,2.63362,321.589,1.49277
191.5000,1.45856,322.425,1.5011
191.4000,2.56928,323.828,1.51506
191.3000,4.54528,323.756,1.51434
191.2000,3.39048,324.914,1.52581
191.1000,-0.0247572,325.355,1.53017
191.0000,3.83947,326.906,1.54548
190.9000,10.5414,327.519,1.55151
190.8000,-0.0850894,328.953,1.56558
190.7000,0.733813,330.695,1.58261
190.6000,6.66984,331.554,1.59097
190.5000,1.30018,332.562,1.60077
190.4000,5.60098,333.687,1.61168
190.3000,7.15794,335.959,1.6336
190.2000,-5.54889,335.893,1.63297
190.1000,2.79658,336.856,1.64223
190.0000,-1.83104,337.731,1.65062

##### Extended Information
[Comments]
Sample name,bufferKCl_SSAM
Comment
User,ScharfMinor
Division
Company,Saint Mary's College

[Detailed Information]
Creation date,9/27/2022 2:11 PM

Data array type,Linear data array * 3
Horizontal axis,Wavelength [nm]
Vertical axis(1),CD [mdeg]
Vertical axis(2),HT [V]
Vertical axis(3),Abs
Start,320 nm
End,190 nm
Data interval,0.1 nm
Data points,1301    

[Measurement Information]
Instrument name,J-1500
Model name,J-1500
Serial No.,B051061638

Detector,PM-539
Detector S/N,B051061638
  Lock-in amp.,X mode
  HT volt,Auto

Accessory,PTC-517
Accessory S/N,B026561646
  Temperature,22.00 C
  Control sensor,Holder
  Monitor sensor,Holder

Measurement date,9/27/2022 2:11 PM

CD Overload detect,1059
Photometric mode,CD, HT, Abs
Measure range,320 - 190 nm
Data pitch,0.1 nm
CD scale,20 mdeg/0.05 dOD
FL scale,20 mdeg/0.05 dOD
D.I.T.,8 msec
Bandwidth,1.00 nm
Start mode,Immediately
Scanning mode,Continuous
Scanning speed,50 nm/min
Baseline correction,None
Shutter control,Auto
No. of cycle,1/1
N2 Flowmeter,Manual

Solvent,NaPO4 buffer

