TITLE,CC.SJ.9_28_22_PHOSPHATEBUFFER_CONTROL
DATA TYPE,
ORIGIN,JASCO
OWNER,
DATE,22/09/28
TIME,14:00:17
SPECTROMETER/DATA SYSTEM,
LOCALE,1033
RESOLUTION,
DELTAX,-0.1
XUNITS,NANOMETERS
YUNITS,CD [mdeg]
Y2UNITS,HT [V]
Y3UNITS,ABSORBANCE
FIRSTX,  320.0000
LASTX,  190.0000
NPOINTS,    1301
FIRSTY,     0.17873
MAXY,     6.95470
MINY,    -4.39094
XYDATA
320.0000,0.178729,208.321,0.148805
319.9000,3.12032,208.108,0.145756
319.8000,0.586898,207.772,0.140934
319.7000,1.3355,207.954,0.143549
319.6000,0.337276,208.105,0.145707
319.5000,-1.64262,208.482,0.151106
319.4000,0.414988,207.876,0.142429
319.3000,1.57269,208.288,0.148335
319.2000,2.9218,207.5,0.137033
319.1000,0.560546,207.653,0.139228
319.0000,0.0346093,207.896,0.142721
318.9000,1.61021,207.754,0.140674
318.8000,1.27352,207.427,0.135992
318.7000,0.0229648,208.053,0.144961
318.6000,3.15015,207.462,0.136496
318.5000,1.33274,208.405,0.150004
318.4000,2.04511,207.743,0.140528
318.3000,0.520639,208.262,0.147962
318.2000,0.228935,208.022,0.144523
318.1000,1.71939,207.638,0.139017
318.0000,0.0947314,207.824,0.141681
317.9000,1.73835,207.307,0.134267
317.8000,0.00769634,207.756,0.140707
317.7000,0.135318,207.641,0.139065
317.6000,-0.111466,208.108,0.145756
317.5000,0.185862,207.943,0.143386
317.4000,0.183942,207.347,0.134837
317.3000,1.17049,207.517,0.137277
317.2000,1.57708,207.193,0.132623
317.1000,-0.280965,208.314,0.148708
317.0000,0.0907723,207.943,0.143386
316.9000,-0.0194213,207.057,0.130668
316.8000,0.592262,207.579,0.138171
316.7000,1.04906,208.263,0.147978
316.6000,2.15259,207.731,0.140349
316.5000,2.47982,207.801,0.141356
316.4000,1.56454,208.269,0.148059
316.3000,0.769431,207.653,0.139228
316.2000,0.457463,208.123,0.145967
316.1000,-0.154843,207.877,0.142445
316.0000,0.831219,207.409,0.135731
315.9000,1.9075,207.505,0.137114
315.8000,1.59885,207.396,0.135536
315.7000,1.37507,207.999,0.144198
315.6000,1.88655,208.074,0.145269
315.5000,3.99839,208.654,0.153568
315.4000,0.483545,207.517,0.137277
315.3000,0.15851,207.226,0.133095
315.2000,0.965203,206.923,0.128745
315.1000,0.922815,207.338,0.134707
315.0000,1.50075,207.859,0.142185
314.9000,0.469166,207.868,0.142315
314.8000,2.65298,208.01,0.144344
314.7000,0.26966,207.723,0.140236
314.6000,1.11052,206.95,0.129136
314.5000,1.77311,207.553,0.137797
314.4000,0.865727,207.392,0.135487
314.3000,2.17862,207.767,0.140869
314.2000,0.504504,207.364,0.135081
314.1000,0.691545,207.247,0.133404
314.0000,0.233162,207.424,0.135943
313.9000,0.456304,207.533,0.137505
313.8000,1.43456,207.739,0.140463
313.7000,2.09207,207.408,0.135715
313.6000,0.252216,207.658,0.139309
313.5000,2.45808,207.982,0.143955
313.4000,1.16213,207.145,0.131939
313.3000,-0.714748,207.709,0.14004
313.2000,0.93133,207.311,0.134316
313.1000,2.39127,207.366,0.135113
313.0000,1.05571,206.811,0.127131
312.9000,0.704683,206.685,0.12532
312.8000,1.67432,206.877,0.128077
312.7000,-0.171208,207.094,0.131206
312.6000,1.53485,207.061,0.130733
312.5000,1.72158,207.988,0.144036
312.4000,1.72932,207.27,0.13373
312.3000,-0.867013,207.892,0.142656
312.2000,1.44056,207.882,0.14251
312.1000,-0.646735,207.047,0.130521
312.0000,-1.14806,207.933,0.14324
311.9000,1.97445,207.825,0.141698
311.8000,3.10123,206.703,0.125581
311.7000,1.0771,208.422,0.150248
311.6000,1.36217,207.994,0.144117
311.5000,0.27227,206.732,0.125989
311.4000,0.623421,207.707,0.140008
311.3000,0.352731,207.324,0.134511
311.2000,-0.765088,207.441,0.136187
311.1000,0.598831,206.997,0.129804
311.0000,1.40447,206.953,0.129169
310.9000,-0.00736446,207.427,0.135992
310.8000,2.09976,207.912,0.142948
310.7000,0.511777,207.292,0.134056
310.6000,0.43886,206.946,0.129071
310.5000,2.32324,207.12,0.13158
310.4000,1.35108,207.231,0.133176
310.3000,0.564326,207.709,0.14004
310.2000,1.41929,206.914,0.128615
310.1000,1.22508,206.471,0.122235
310.0000,0.173086,207.099,0.131271
309.9000,1.42327,207.494,0.136952
309.8000,0.0679019,207.573,0.13809
309.7000,3.05303,207.552,0.137781
309.6000,2.42086,207.295,0.134088
309.5000,1.86912,206.483,0.122415
309.4000,0.188653,207.317,0.134413
309.3000,0.724077,207.226,0.133095
309.2000,-1.18047,207.565,0.137976
309.1000,1.65983,207.12,0.13158
309.0000,0.951029,206.686,0.125337
308.9000,2.87541,207.298,0.134137
308.8000,1.75511,207.152,0.132037
308.7000,-0.632855,207.688,0.139732
308.6000,1.73355,207.522,0.137358
308.5000,0.559309,207.211,0.132883
308.4000,-0.771307,207.495,0.136968
308.3000,2.06597,207.639,0.139033
308.2000,0.170124,207.445,0.136252
308.1000,1.64734,207.339,0.134723
308.0000,2.20166,207.756,0.140707
307.9000,0.339181,207.803,0.141389
307.8000,1.16881,207.352,0.134918
307.7000,-0.376288,206.915,0.128631
307.6000,1.31239,207.46,0.136464
307.5000,0.724343,206.948,0.129104
307.4000,1.44418,207.677,0.139569
307.3000,1.91067,207.418,0.135862
307.2000,0.301014,207.726,0.140284
307.1000,1.40815,206.632,0.124553
307.0000,0.33391,206.988,0.129674
306.9000,-0.368653,207.295,0.134088
306.8000,2.59843,206.878,0.128093
306.7000,0.93912,206.915,0.128631
306.6000,1.7732,207.677,0.139569
306.5000,-1.33336,207.558,0.137862
306.4000,0.533317,207.062,0.13075
306.3000,0.831023,207.248,0.133421
306.2000,2.44812,207.649,0.139179
306.1000,1.07015,207.853,0.142104
306.0000,2.15378,205.668,0.110638
305.9000,0.843065,207.043,0.130473
305.8000,0.810305,208.313,0.148692
305.7000,1.21107,207.406,0.135683
305.6000,-0.680026,207.565,0.137976
305.5000,1.89113,206.914,0.128615
305.4000,1.17281,207.247,0.133404
305.3000,1.81889,206.805,0.12705
305.2000,1.95004,206.903,0.128452
305.1000,0.791438,207.759,0.140755
305.0000,0.0973284,206.679,0.125239
304.9000,0.962239,207.363,0.135064
304.8000,0.437069,207.394,0.13552
304.7000,1.56931,206.335,0.120275
304.6000,1.37734,208.458,0.150766
304.5000,1.91688,207.215,0.132948
304.4000,1.55822,206.879,0.128109
304.3000,0.604432,206.692,0.125418
304.2000,0.776529,207.29,0.134023
304.1000,2.55472,207.643,0.139081
304.0000,0.533165,206.88,0.128126
303.9000,-1.20172,207.358,0.134999
303.8000,2.01391,208.275,0.14814
303.7000,0.980556,207.444,0.136236
303.6000,1.75068,206.502,0.122676
303.5000,0.541096,208.574,0.152418
303.4000,0.295217,207.297,0.13412
303.3000,2.25526,207.379,0.135292
303.2000,0.411578,206.939,0.128973
303.1000,1.58639,206.481,0.122382
303.0000,2.2198,207.397,0.135553
302.9000,0.277222,207.355,0.134951
302.8000,0.562645,207.379,0.135292
302.7000,1.82184,207.113,0.131483
302.6000,-0.493004,207.471,0.136626
302.5000,0.538843,207.134,0.131776
302.4000,-0.00046481,207.601,0.13848
302.3000,-0.205598,207.473,0.136642
302.2000,0.842099,207.189,0.132574
302.1000,-0.0149054,207.078,0.130978
302.0000,1.37607,207.193,0.132623
301.9000,0.574793,207.683,0.139667
301.8000,1.2448,206.104,0.11694
301.7000,-0.496269,207.439,0.136154
301.6000,1.30616,207.348,0.134853
301.5000,2.59602,206.447,0.121892
301.4000,1.59615,206.838,0.127522
301.3000,1.60273,207.379,0.135292
301.2000,2.5657,207.333,0.134641
301.1000,0.158046,206.58,0.123803
301.0000,0.939666,207.142,0.13189
300.9000,1.72488,206.803,0.127017
300.8000,1.38371,206.652,0.124847
300.7000,0.865802,207.027,0.130245
300.6000,1.35673,207.415,0.135813
300.5000,1.25932,206.752,0.126283
300.4000,-1.1884,206.789,0.126821
300.3000,1.43569,206.609,0.124227
300.2000,2.27529,207.528,0.137439
300.1000,0.97256,207.009,0.129984
300.0000,0.802695,206.63,0.124521
299.9000,-0.364608,206.627,0.124488
299.8000,2.07306,207.256,0.133534
299.7000,1.08116,206.593,0.123998
299.6000,-1.16777,206.458,0.122055
299.5000,0.687765,207.075,0.130929
299.4000,0.70004,206.923,0.128745
299.3000,0.26626,206.252,0.119082
299.2000,1.34124,206.828,0.127376
299.1000,0.0482162,206.413,0.121402
299.0000,1.76233,206.243,0.118951
298.9000,1.19959,206.709,0.125663
298.8000,1.44779,206.895,0.128337
298.7000,0.525701,205.898,0.113962
298.6000,-1.2732,206.889,0.128256
298.5000,0.812692,206.464,0.122137
298.4000,-0.597168,206.201,0.118346
298.3000,1.37575,206.954,0.129185
298.2000,1.12814,206.614,0.124292
298.1000,-0.406675,206.326,0.120144
298.0000,-0.185651,207.075,0.130929
297.9000,1.41331,206.498,0.122627
297.8000,0.766704,207.133,0.131759
297.7000,1.51165,206.543,0.12328
297.6000,0.711742,206.439,0.121778
297.5000,1.11625,206.756,0.126348
297.4000,0.150739,207.746,0.140561
297.3000,2.13799,206.662,0.124994
297.2000,-0.210333,206.554,0.123427
297.1000,1.52521,206.899,0.128403
297.0000,1.78353,206.666,0.125043
296.9000,2.69634,206.447,0.121892
296.8000,0.690518,206.862,0.127865
296.7000,0.012527,205.952,0.114748
296.6000,-0.530947,206.534,0.12315
296.5000,0.952695,206.366,0.120716
296.4000,0.393952,206.103,0.116924
296.3000,0.648078,206.78,0.126691
296.2000,-0.157774,205.892,0.11388
296.1000,-0.175819,206.47,0.122219
296.0000,1.19726,206.443,0.121827
295.9000,1.26953,206.421,0.121517
295.8000,0.513129,206.66,0.124961
295.7000,-0.0549946,206.638,0.124635
295.6000,0.349208,206.155,0.117676
295.5000,1.01875,206.43,0.121647
295.4000,2.30768,206.302,0.119801
295.3000,2.52951,206.268,0.119311
295.2000,2.14024,206.113,0.117071
295.1000,0.0125146,206.639,0.124651
295.0000,0.66146,206.022,0.115762
294.9000,2.43595,206.057,0.11627
294.8000,1.5356,206.108,0.117006
294.7000,1.23733,206.738,0.126087
294.6000,1.27736,206.555,0.123443
294.5000,1.02574,205.903,0.114044
294.4000,0.191717,207.435,0.136106
294.3000,1.66041,206.198,0.118297
294.2000,1.24123,206.076,0.116531
294.1000,1.87195,206.32,0.120063
294.0000,1.5417,206.355,0.120569
293.9000,2.16425,206.156,0.117692
293.8000,-1.98678,206.158,0.117725
293.7000,-1.40721,206.477,0.122317
293.6000,0.906821,205.981,0.115173
293.5000,0.742023,205.9,0.113995
293.4000,1.24192,206.651,0.124831
293.3000,1.42005,206.608,0.124211
293.2000,0.614606,206.439,0.121778
293.1000,-0.478141,206.405,0.121288
293.0000,1.84889,206.49,0.122513
292.9000,1.25122,205.971,0.115026
292.8000,0.597688,206.087,0.116695
292.7000,1.5029,205.818,0.112816
292.6000,1.25662,206.617,0.124341
292.5000,0.171084,205.644,0.110294
292.4000,0.949914,205.231,0.104325
292.3000,-0.806208,206.516,0.122888
292.2000,1.22759,205.967,0.114961
292.1000,1.55081,205.882,0.113733
292.0000,0.933305,206.192,0.118215
291.9000,-0.905552,205.48,0.107918
291.8000,-0.0858486,205.995,0.11537
291.7000,0.2337,206.938,0.128957
291.6000,0.946125,206.452,0.121957
291.5000,1.77992,205.805,0.11262
291.4000,0.478441,206.445,0.121859
291.3000,0.524018,205.274,0.104949
291.2000,2.02963,205.288,0.105146
291.1000,0.557328,205.101,0.102438
291.0000,0.612114,205.282,0.105064
290.9000,0.552553,204.649,0.0958799
290.8000,0.994357,205.214,0.104079
290.7000,0.934646,205.796,0.112489
290.6000,-0.498077,205.465,0.107705
290.5000,0.129745,205.648,0.11036
290.4000,-0.0698484,206.188,0.11815
290.3000,-1.27743,205.832,0.113013
290.2000,1.26332,205.947,0.114682
290.1000,0.487666,205.926,0.114371
290.0000,1.39536,205.145,0.103078
289.9000,1.47018,205.69,0.110966
289.8000,-0.39998,205.822,0.112866
289.7000,1.54426,206.384,0.120977
289.6000,0.247995,206.375,0.120847
289.5000,0.329935,205.849,0.113259
289.4000,2.00915,206.436,0.121729
289.3000,1.14383,206.696,0.125483
289.2000,2.10981,206.426,0.121582
289.1000,0.768955,206.777,0.126642
289.0000,0.440438,205.589,0.109508
288.9000,0.393437,206.534,0.12315
288.8000,3.17637,206.189,0.118167
288.7000,-0.868116,205.425,0.107131
288.6000,0.484921,205.681,0.110835
288.5000,0.782982,205.833,0.113029
288.4000,0.902608,206.532,0.123117
288.3000,-0.620454,205.259,0.104719
288.2000,-0.012772,205.681,0.110835
288.1000,0.40512,206.489,0.122496
288.0000,1.8407,206.097,0.116842
287.9000,1.28785,206.354,0.120553
287.8000,-0.108549,206.15,0.117611
287.7000,-0.221131,205.344,0.10595
287.6000,1.41547,205.8,0.112554
287.5000,-0.0663044,206.63,0.124521
287.4000,2.51383,206.115,0.117104
287.3000,0.583938,205.92,0.11429
287.2000,-0.643006,205.33,0.105753
287.1000,1.54505,206.536,0.123166
287.0000,1.1944,205.865,0.113488
286.9000,-0.214431,206.39,0.121075
286.8000,1.18363,206.653,0.124863
286.7000,0.748906,206.078,0.116564
286.6000,1.19654,206.176,0.117987
286.5000,0.278502,205.821,0.112849
286.4000,-0.596582,206.355,0.120569
286.3000,1.07708,205.477,0.107885
286.2000,0.140425,206.628,0.124504
286.1000,0.250933,205.742,0.111719
286.0000,0.610656,205.534,0.108704
285.9000,0.47777,206.258,0.119164
285.8000,0.421845,205.774,0.112178
285.7000,1.92891,205.97,0.11501
285.6000,-0.436998,205.768,0.112096
285.5000,1.10557,206.238,0.118869
285.4000,1.32621,205.378,0.106442
285.3000,0.432024,205.435,0.107278
285.2000,1.25648,205.98,0.115157
285.1000,1.54758,206.098,0.116858
285.0000,0.909802,206.3,0.119768
284.9000,1.13294,206.097,0.116842
284.8000,1.13293,205.534,0.108704
284.7000,1.70753,206.13,0.117316
284.6000,1.18713,206.582,0.123835
284.5000,1.1647,205.977,0.115108
284.4000,0.781773,205.351,0.106065
284.3000,0.00885205,205.932,0.114453
284.2000,1.37358,205.596,0.109606
284.1000,1.09058,206.048,0.116139
284.0000,0.647491,205.179,0.10357
283.9000,1.14364,205.111,0.102585
283.8000,-0.847378,206.556,0.12346
283.7000,0.0326254,206.389,0.121059
283.6000,-0.166081,205.077,0.102093
283.5000,0.818003,206.532,0.123117
283.4000,-0.0876158,206.648,0.124782
283.3000,0.697576,206.039,0.116008
283.2000,2.01027,205.635,0.110163
283.1000,0.170021,205.821,0.112849
283.0000,1.31388,206.198,0.118297
282.9000,-0.000708594,205.902,0.114028
282.8000,1.89165,206.154,0.11766
282.7000,-0.462693,205.805,0.11262
282.6000,0.612058,206.153,0.117643
282.5000,1.8225,206.034,0.115926
282.4000,-0.0984512,206.673,0.125141
282.3000,0.341918,206.013,0.115632
282.2000,0.514934,206.256,0.119131
282.1000,0.364134,206.455,0.122007
282.0000,0.503854,205.372,0.10636
281.9000,2.51718,206.002,0.115468
281.8000,0.0572614,206.01,0.115582
281.7000,1.49206,205.78,0.11226
281.6000,-1.38219,205.776,0.112211
281.5000,1.84987,206.233,0.118804
281.4000,-1.08563,205.587,0.109475
281.3000,1.38382,205.202,0.103899
281.2000,-0.0592366,205.212,0.104046
281.1000,-0.132343,206.773,0.126593
281.0000,2.05408,205.509,0.108344
280.9000,0.244698,205.89,0.113848
280.8000,0.158195,205.698,0.11108
280.7000,-1.08667,206.089,0.116727
280.6000,2.18433,206.031,0.115893
280.5000,1.29479,205.968,0.114977
280.4000,-0.44806,205.329,0.105736
280.3000,1.39122,206.587,0.1239
280.2000,2.06199,204.686,0.0964229
280.1000,2.1678,205.929,0.114421
280.0000,0.932584,206.754,0.126316
279.9000,1.51892,205.383,0.106524
279.8000,1.35488,206.287,0.119589
279.7000,0.389455,206.012,0.115615
279.6000,1.07613,206.151,0.117627
279.5000,0.710918,205.132,0.102881
279.4000,0.627362,206.02,0.11573
279.3000,-0.572069,205.621,0.109967
279.2000,1.43939,206.012,0.115615
279.1000,0.0350429,206.496,0.122594
279.0000,-0.584385,205.219,0.104145
278.9000,2.02737,205.611,0.109819
278.8000,0.803432,205.64,0.110245
278.7000,0.596497,205.771,0.112129
278.6000,-0.601989,206.108,0.117006
278.5000,0.501468,205.886,0.113799
278.4000,1.6918,205.39,0.106622
278.3000,1.47391,206.026,0.115812
278.2000,0.889995,206.2,0.11833
278.1000,0.0360129,206.352,0.12052
278.0000,0.59337,205.598,0.109639
277.9000,0.408697,206.21,0.118477
277.8000,-0.171691,206.201,0.118346
277.7000,1.36555,205.928,0.114404
277.6000,0.490593,205.512,0.108393
277.5000,1.17825,206.234,0.118821
277.4000,0.38646,205.874,0.113619
277.3000,-0.121074,206.167,0.117856
277.2000,0.44827,206.056,0.116253
277.1000,-0.276836,206.301,0.119785
277.0000,1.85171,206.159,0.117742
276.9000,1.1709,206.105,0.116957
276.8000,0.350951,206.1,0.116891
276.7000,-0.911784,206.449,0.121925
276.6000,-0.805146,206.276,0.119425
276.5000,1.02637,206.149,0.117594
276.4000,0.650195,206.636,0.124619
276.3000,0.546572,205.928,0.114404
276.2000,0.403403,206.241,0.118919
276.1000,1.45246,205.817,0.1128
276.0000,1.13987,205.256,0.104686
275.9000,0.190314,206.751,0.126266
275.8000,-0.259247,206.096,0.116826
275.7000,1.20427,206.379,0.120912
275.6000,0.680645,206.427,0.121598
275.5000,0.436319,205.966,0.114944
275.4000,1.10343,206.483,0.122415
275.3000,0.497841,205.728,0.111506
275.2000,0.221123,205.371,0.106343
275.1000,0.72007,205.373,0.106376
275.0000,1.24076,206.129,0.1173
274.9000,-1.00501,206.258,0.119164
274.8000,0.663267,206.65,0.124814
274.7000,-1.16676,206.027,0.115828
274.6000,-0.457519,206.57,0.123656
274.5000,1.62686,206.196,0.118265
274.4000,2.0369,205.417,0.107016
274.3000,-0.102226,205.756,0.111916
274.2000,0.975854,205.835,0.113062
274.1000,0.690086,205.746,0.111769
274.0000,0.511949,206.299,0.119752
273.9000,0.805048,206.07,0.11645
273.8000,0.916178,205.686,0.1109
273.7000,2.02916,206.328,0.120177
273.6000,-1.14737,206.364,0.1207
273.5000,-0.261939,205.952,0.114748
273.4000,-0.636813,205.951,0.114732
273.3000,-0.326516,205.985,0.115223
273.2000,-1.52961,205.936,0.114519
273.1000,1.87348,206.549,0.123362
273.0000,0.576601,205.595,0.10959
272.9000,0.555917,206.754,0.126316
272.8000,-0.018885,205.828,0.112964
272.7000,-0.203365,207.323,0.134495
272.6000,1.91639,206.036,0.115959
272.5000,0.866677,206.213,0.11851
272.4000,1.06267,206.133,0.117365
272.3000,-0.116683,206.185,0.118117
272.2000,1.10815,206.143,0.117513
272.1000,0.746587,205.707,0.111212
272.0000,1.52631,206.003,0.115484
271.9000,0.139798,206.275,0.119409
271.8000,0.142366,206.044,0.116073
271.7000,0.516885,206.012,0.115615
271.6000,-0.0264801,205.943,0.114617
271.5000,0.67263,206.187,0.118134
271.4000,-0.157801,206.611,0.124259
271.3000,-0.520706,206.2,0.11833
271.2000,0.412431,206.483,0.122415
271.1000,1.32513,206.283,0.119523
271.0000,0.769308,206.091,0.11676
270.9000,1.41965,206.718,0.125793
270.8000,0.823375,206.503,0.122692
270.7000,-0.870685,205.932,0.114453
270.6000,0.630275,206.573,0.123705
270.5000,0.0653041,206.479,0.122349
270.4000,0.643405,206.594,0.124015
270.3000,-0.316176,206.281,0.119491
270.2000,0.508709,206.817,0.127213
270.1000,0.648156,207.134,0.131776
270.0000,-0.671422,206.149,0.117594
269.9000,0.956616,206.652,0.124847
269.8000,0.348247,206.532,0.123117
269.7000,1.18852,205.938,0.114552
269.6000,-0.372464,207.427,0.135992
269.5000,0.0773882,206.215,0.118542
269.4000,1.12564,206.32,0.120063
269.3000,0.0891808,206.407,0.12132
269.2000,-1.27192,206.301,0.119785
269.1000,-1.35264,206.199,0.118314
269.0000,-0.512231,207.04,0.130424
268.9000,-0.105956,206.635,0.124602
268.8000,0.311019,207.019,0.13013
268.7000,0.4851,207.968,0.143744
268.6000,1.02893,207.369,0.135162
268.5000,-0.0401078,207.716,0.140138
268.4000,0.247658,206.963,0.129315
268.3000,-0.0326169,207.139,0.131857
268.2000,0.470906,206.602,0.124129
268.1000,0.393109,207.066,0.130799
268.0000,1.67294,206.747,0.126217
267.9000,0.392404,206.809,0.127098
267.8000,1.11184,206.916,0.128647
267.7000,0.469269,206.64,0.124667
267.6000,0.80201,206.983,0.129609
267.5000,2.05285,207.405,0.135666
267.4000,1.20827,207.389,0.135439
267.3000,0.94816,206.664,0.12501
267.2000,0.100694,206.932,0.128876
267.1000,-0.949104,206.819,0.127245
267.0000,-1.10457,207.019,0.13013
266.9000,0.952642,207.334,0.134658
266.8000,1.54167,207.015,0.130065
266.7000,2.05418,207.709,0.14004
266.6000,0.967191,207.087,0.131108
266.5000,-0.347772,207.21,0.132867
266.4000,1.5157,207.303,0.134202
266.3000,0.395864,207.081,0.13101
266.2000,0.644975,207.476,0.136691
266.1000,1.21085,207.122,0.131613
266.0000,0.72332,208.006,0.144296
265.9000,0.0996689,206.866,0.12793
265.8000,1.78714,208.207,0.147167
265.7000,1.48122,207.794,0.141259
265.6000,0.658353,207.547,0.137716
265.5000,-0.0426515,207.448,0.136285
265.4000,1.94159,208.202,0.147102
265.3000,0.955121,207.802,0.141373
265.2000,0.413845,207.454,0.136382
265.1000,1.62699,207.597,0.138431
265.0000,0.149994,207.267,0.133697
264.9000,0.309461,208.012,0.144377
264.8000,-0.484739,208.362,0.149388
264.7000,1.31539,207.303,0.134202
264.6000,1.56045,208.423,0.150264
264.5000,0.74506,207.666,0.139423
264.4000,-0.361124,207.06,0.130717
264.3000,0.15458,207.833,0.141811
264.2000,1.65304,207.899,0.142753
264.1000,1.42816,208.327,0.148886
264.0000,-0.136757,207.775,0.140983
263.9000,-0.290157,207.858,0.142168
263.8000,-0.550642,208.49,0.15122
263.7000,2.48957,208.589,0.152629
263.6000,1.78731,207.817,0.141584
263.5000,1.45941,208.103,0.145675
263.4000,0.809966,208.632,0.153244
263.3000,0.431443,208.864,0.156562
263.2000,1.2377,207.95,0.143484
263.1000,0.926179,208.049,0.144912
263.0000,-0.756723,208.099,0.145626
262.9000,1.07469,207.742,0.140512
262.8000,1.26693,208.087,0.145448
262.7000,1.00784,208.656,0.153584
262.6000,-0.0578876,208.328,0.148902
262.5000,-0.190965,208.32,0.148789
262.4000,1.02109,208.07,0.145204
262.3000,1.01606,208.599,0.152775
262.2000,-0.712592,208.242,0.14767
262.1000,2.08642,208.344,0.149129
262.0000,0.619975,208.414,0.150134
261.9000,-0.472247,208.314,0.148708
261.8000,-0.137958,208.474,0.150993
261.7000,1.00031,208.005,0.144279
261.6000,0.498043,208.543,0.151981
261.5000,-0.274757,208.512,0.151528
261.4000,-0.329263,208.141,0.146226
261.3000,0.266492,209.287,0.162591
261.2000,2.48257,208.95,0.157791
261.1000,0.706072,208.459,0.150782
261.0000,1.83162,209.395,0.164141
260.9000,1.74711,209.318,0.163043
260.8000,1.21138,209.213,0.161541
260.7000,1.10514,208.584,0.152564
260.6000,0.368307,208.487,0.151171
260.5000,1.15317,208.24,0.147638
260.4000,-0.530132,209.67,0.168045
260.3000,0.454825,208.966,0.158017
260.2000,0.877471,208.81,0.155785
260.1000,0.175151,209.802,0.169931
260.0000,1.92865,209.223,0.161686
259.9000,0.199759,209.237,0.16188
259.8000,0.399165,208.901,0.157096
259.7000,1.1547,209.527,0.166013
259.6000,0.783246,209.133,0.160393
259.5000,-0.187295,209.576,0.166707
259.4000,-0.4518,209.934,0.1718
259.3000,2.26426,209.306,0.162865
259.2000,2.10974,208.906,0.15716
259.1000,0.388819,209.451,0.164932
259.0000,0.848546,209.412,0.164383
258.9000,0.165088,209.509,0.165755
258.8000,0.442599,209.042,0.159101
258.7000,-0.993805,209.68,0.16819
258.6000,1.92713,209.699,0.168464
258.5000,2.86361,209.127,0.160313
258.4000,0.248763,209.628,0.167448
258.3000,-0.295377,210.391,0.178302
258.2000,0.0393904,209.168,0.160895
258.1000,1.37771,209.891,0.171188
258.0000,0.232608,210.056,0.173539
257.9000,0.94236,209.246,0.162009
257.8000,2.20709,210.328,0.177402
257.7000,1.06977,210.421,0.17872
257.6000,0.633235,209.544,0.166255
257.5000,0.458427,210.16,0.175021
257.4000,0.0161212,209.979,0.172445
257.3000,1.97851,209.775,0.169544
257.2000,0.444272,210.143,0.174779
257.1000,-0.0139526,210.389,0.17827
257.0000,-0.0540605,210.449,0.179122
256.9000,-0.404329,210.482,0.179589
256.8000,0.774104,210.226,0.175954
256.7000,1.61061,210.291,0.176871
256.6000,1.12713,209.714,0.168674
256.5000,2.02592,209.735,0.16898
256.4000,-1.11135,210.027,0.173121
256.3000,0.0836669,210.321,0.177305
256.2000,1.43915,209.894,0.171237
256.1000,0.961213,211.075,0.187985
256.0000,0.819661,210.619,0.181533
255.9000,1.48792,210.688,0.182513
255.8000,0.564787,210.681,0.182416
255.7000,2.44112,210.309,0.177128
255.6000,0.767875,210.616,0.181485
255.5000,-2.04658,210.283,0.176758
255.4000,2.21739,210.743,0.183284
255.3000,0.0728802,211.181,0.189493
255.2000,0.154719,210.02,0.173024
255.1000,0.968077,210.799,0.184087
255.0000,1.38301,209.59,0.166916
254.9000,0.845223,210.312,0.177177
254.8000,0.695042,210.908,0.185627
254.7000,0.749106,211.546,0.194651
254.6000,1.82679,210.672,0.182288
254.5000,1.96191,210.53,0.180264
254.4000,0.220467,211.382,0.192329
254.3000,0.798843,210.926,0.185884
254.2000,-1.33233,211.166,0.189284
254.1000,1.85015,211.322,0.19148
254.0000,1.94872,211.523,0.19433
253.9000,0.289219,211.266,0.190695
253.8000,0.561291,211.208,0.189877
253.7000,0.464224,212.312,0.205456
253.6000,1.43271,211.673,0.196443
253.5000,1.29744,212.137,0.202997
253.4000,2.26923,211.302,0.191207
253.3000,1.43664,211.68,0.196539
253.2000,1.34723,209.787,0.169722
253.1000,-0.592624,212.604,0.209571
253.0000,0.722605,211.028,0.187328
252.9000,0.95219,211.221,0.190054
252.8000,-0.195797,211.413,0.192777
252.7000,1.86843,210.641,0.181838
252.6000,0.725693,211.664,0.196315
252.5000,2.23103,211.412,0.192761
252.4000,0.724411,212.405,0.206764
252.3000,1.57737,211.737,0.197355
252.2000,1.13292,211.943,0.200249
252.1000,0.5846,211.994,0.200968
252.0000,0.0227741,211.768,0.197787
251.9000,-0.000258289,210.431,0.178865
251.8000,0.324928,211.837,0.198762
251.7000,0.827072,211.216,0.189989
251.6000,1.35618,212.162,0.203348
251.5000,0.030952,211.958,0.200473
251.4000,1.70277,211.48,0.193722
251.3000,0.0668814,211.645,0.196043
251.2000,0.226905,211.161,0.189204
251.1000,0.894541,211.727,0.197211
251.0000,-0.466437,212.506,0.208184
250.9000,-0.177403,211.413,0.192777
250.8000,2.60673,211.817,0.198474
250.7000,-0.0958436,212.685,0.210703
250.6000,0.57975,211.713,0.197003
250.5000,-1.46772,213.729,0.225367
250.4000,1.68884,211.711,0.196987
250.3000,1.85674,211.984,0.20084
250.2000,1.53745,212.182,0.20362
250.1000,0.8973,212.672,0.210527
250.0000,0.934122,212.97,0.214717
249.9000,0.63495,212.655,0.210288
249.8000,0.561189,213.402,0.220777
249.7000,1.80154,212.296,0.205232
249.6000,-0.499472,212.166,0.203396
249.5000,2.57491,213.234,0.218424
249.4000,0.87506,211.902,0.199674
249.3000,0.72887,213.758,0.225764
249.2000,0.194261,212.792,0.212216
249.1000,-0.383219,212.561,0.208965
249.0000,0.876023,212.664,0.210416
248.9000,1.38174,212.687,0.210735
248.8000,-1.17147,211.283,0.190935
248.7000,2.2165,212.584,0.209284
248.6000,0.620768,212.672,0.210527
248.5000,-1.67854,212.339,0.205839
248.4000,0.728806,213.18,0.217661
248.3000,2.1324,212.06,0.201911
248.2000,0.579674,212.911,0.213889
248.1000,0.117143,212.594,0.209427
248.0000,1.37065,212.474,0.207737
247.9000,1.26956,212.789,0.212169
247.8000,1.44941,211.737,0.197355
247.7000,1.73457,212.948,0.214398
247.6000,0.273799,213.485,0.221937
247.5000,0.58968,213.368,0.2203
247.4000,2.05366,213.482,0.221905
247.3000,-0.691692,213.351,0.220062
247.2000,0.348038,213.507,0.222255
247.1000,0.37413,212.829,0.212726
247.0000,0.381414,213.161,0.21739
246.9000,0.711167,212.864,0.21322
246.8000,-1.32241,213.179,0.217645
246.7000,0.977988,213.602,0.223589
246.6000,-0.0225227,213.176,0.217613
246.5000,0.974334,213.414,0.220952
246.4000,1.2761,214.384,0.23453
246.3000,-1.26966,212.787,0.212137
246.2000,0.181815,213.837,0.226875
246.1000,0.856654,214.595,0.237474
246.0000,0.75312,213.232,0.218392
245.9000,1.34297,214.04,0.229714
245.8000,0.573927,213.452,0.221476
245.7000,1.46947,213.447,0.221412
245.6000,-0.304402,213.692,0.224843
245.5000,0.130158,212.691,0.210798
245.4000,-1.07869,213.689,0.224796
245.3000,-0.0643089,214.467,0.235685
245.2000,1.85329,214.147,0.231219
245.1000,-0.475257,213.086,0.21634
245.0000,-0.30525,214.887,0.241553
244.9000,0.439169,214.299,0.233342
244.8000,2.16685,213.332,0.219791
244.7000,-0.848035,214.334,0.233833
244.6000,1.41859,214.058,0.229967
244.5000,1.31803,214.291,0.233231
244.4000,0.84806,214.708,0.239055
244.3000,1.45652,214.462,0.235622
244.2000,-1.06466,215.495,0.250013
244.1000,0.604697,215.089,0.244365
244.0000,1.19831,213.975,0.22881
243.9000,1.51781,214.291,0.233231
243.8000,0.0931815,214.008,0.22927
243.7000,1.57886,214.283,0.233121
243.6000,1.09061,214.493,0.23605
243.5000,0.481301,214.713,0.239118
243.4000,1.7143,215.021,0.243417
243.3000,0.976661,215.102,0.244538
243.2000,0.0712009,214.591,0.23741
243.1000,0.941619,214.841,0.240905
243.0000,1.8797,215.25,0.246606
242.9000,2.138,215.139,0.245059
242.8000,1.70923,214.908,0.241837
242.7000,0.989792,215.463,0.249572
242.6000,1.10159,215.039,0.24367
242.5000,-1.71317,214.458,0.235559
242.4000,-1.16366,214.611,0.237695
242.3000,0.656933,214.855,0.241094
242.2000,1.23484,215.149,0.245201
242.1000,0.126681,215.852,0.254976
242.0000,-0.669117,215.021,0.243417
241.9000,-0.64914,214.524,0.236477
241.8000,-0.194382,214.9,0.241726
241.7000,0.337228,215.387,0.248515
241.6000,0.436528,215.491,0.249966
241.5000,3.03454,215.183,0.245675
241.4000,0.689246,215.822,0.254566
241.3000,0.673492,215.395,0.248625
241.2000,3.0139,216.405,0.262651
241.1000,-0.0506323,215.019,0.243385
241.0000,0.332727,215.668,0.252424
240.9000,0.415867,215.281,0.247032
240.8000,1.96736,216.341,0.261771
240.7000,0.501648,216.366,0.262116
240.6000,0.866656,215.559,0.250912
240.5000,-0.192284,216.47,0.263562
240.4000,-0.179006,215.673,0.252487
240.3000,1.50515,216.637,0.26587
240.2000,-0.428275,216.363,0.26207
240.1000,1.01083,215.96,0.256487
240.0000,0.310118,216.186,0.259617
239.9000,0.304752,216.031,0.257462
239.8000,-0.51585,216.067,0.257966
239.7000,-0.639357,216.941,0.270075
239.6000,0.667154,216.494,0.263892
239.5000,0.0756479,217.638,0.27972
239.4000,0.0584461,217.212,0.273836
239.3000,1.87282,217.071,0.271877
239.2000,0.399013,217.038,0.271423
239.1000,0.36568,216.524,0.2643
239.0000,-1.31282,218.036,0.285205
238.9000,2.47342,217.178,0.273366
238.8000,0.122574,216.833,0.268585
238.7000,1.13798,217.743,0.281158
238.6000,-1.68711,217.499,0.277796
238.5000,1.2166,218.037,0.28522
238.4000,-0.598328,217.678,0.280267
238.3000,1.68889,217.024,0.271234
238.2000,2.53223,217.999,0.284689
238.1000,-1.07696,218.256,0.288233
238.0000,0.595768,217.208,0.273773
237.9000,0.85756,218.152,0.286797
237.8000,0.175976,217.146,0.272911
237.7000,1.54835,217.014,0.271094
237.6000,2.18614,217.186,0.273475
237.5000,2.35368,218.395,0.290151
237.4000,-1.83047,219.14,0.300381
237.3000,0.43431,218.673,0.293969
237.2000,-1.31196,218.714,0.29453
237.1000,1.11409,218.582,0.292723
237.0000,1.91636,219.332,0.303023
236.9000,2.06878,218.282,0.288591
236.8000,-0.256313,218.667,0.293891
236.7000,1.01619,218.453,0.290946
236.6000,1.48917,219.513,0.305493
236.5000,0.659076,219.746,0.30869
236.4000,0.809725,219.684,0.307837
236.3000,2.1349,219.157,0.300614
236.2000,1.76824,219.768,0.308985
236.1000,-0.42322,219.142,0.300412
236.0000,-1.47202,219.125,0.300179
235.9000,0.300346,219.304,0.302635
235.8000,-0.825968,219.113,0.300008
235.7000,0.622014,219.616,0.306906
235.6000,1.83531,219.38,0.303676
235.5000,0.835681,219.919,0.311063
235.4000,1.93373,221.03,0.326225
235.3000,1.22543,219.753,0.308783
235.2000,1.27355,219.959,0.311606
235.1000,-0.2011,220.567,0.319921
235.0000,-0.127197,220.137,0.314039
234.9000,2.02114,220.462,0.318482
234.8000,0.875803,220.35,0.31695
234.7000,-0.213081,219.624,0.307014
234.6000,-0.135342,219.922,0.311094
234.5000,0.128881,220.06,0.312985
234.4000,0.780351,220.323,0.316579
234.3000,0.969279,219.812,0.30959
234.2000,1.48065,220.309,0.316393
234.1000,1.49572,220.349,0.316934
234.0000,0.058484,221.15,0.327862
233.9000,0.455188,220.34,0.316811
233.8000,0.0155295,220.803,0.323136
233.7000,0.821229,222.34,0.34403
233.6000,2.17713,221.703,0.335385
233.5000,1.84765,220.901,0.324465
233.4000,1.26451,221.196,0.328494
233.3000,2.31699,221.427,0.331641
233.2000,1.67031,221.234,0.329003
233.1000,0.452768,222.202,0.34217
233.0000,0.841917,221.592,0.333876
232.9000,1.65574,221.331,0.33033
232.8000,1.72574,221.252,0.32925
232.7000,0.158285,220.86,0.323909
232.6000,0.828631,221.55,0.333305
232.5000,1.20658,222.355,0.344245
232.4000,1.7832,222.711,0.349066
232.3000,2.81727,221.714,0.335539
232.2000,2.25243,223.363,0.357878
232.1000,3.36479,222.751,0.349603
232.0000,1.31436,222.417,0.345075
231.9000,0.539139,222.864,0.351137
231.8000,1.50035,222.625,0.3479
231.7000,-0.129801,222.286,0.343308
231.6000,-0.590034,222.623,0.347869
231.5000,0.49663,222.988,0.352808
231.4000,1.75825,222.938,0.352133
231.3000,1.44434,222.988,0.352808
231.2000,1.06025,223.46,0.359194
231.1000,0.723254,222.88,0.351352
231.0000,1.00763,223.359,0.357832
230.9000,-1.34233,223.539,0.360265
230.8000,0.511746,222.763,0.349772
230.7000,-0.457692,223.453,0.359102
230.6000,1.47298,222.793,0.350171
230.5000,-0.172504,224.036,0.366959
230.4000,-0.0492403,223.303,0.357067
230.3000,0.419537,223.408,0.35849
230.2000,0.556225,224.057,0.367249
230.1000,-0.490975,223.047,0.353605
230.0000,1.14239,223.337,0.357526
229.9000,0.0104114,223.93,0.365538
229.8000,1.62078,224.352,0.371216
229.7000,3.14465,223.706,0.362513
229.6000,-0.104392,223.136,0.354815
229.5000,-0.0110985,224.052,0.367173
229.4000,3.51505,224.141,0.368378
229.3000,2.1297,223.694,0.362345
229.2000,1.17836,224.277,0.37021
229.1000,-1.27094,224.612,0.374722
229.0000,0.0487603,224.217,0.369401
228.9000,0.802542,224.946,0.379199
228.8000,1.33595,224.622,0.374844
228.7000,-0.363954,225.453,0.38601
228.6000,0.311741,225.174,0.382271
228.5000,0.839691,225.875,0.391656
228.4000,0.725955,225.238,0.383123
228.3000,3.02922,226.036,0.393809
228.2000,-0.354434,226.156,0.395415
228.1000,2.40036,225.802,0.390685
228.0000,2.33749,225.604,0.38803
227.9000,0.834996,225.439,0.385813
227.8000,0.426467,227.027,0.407047
227.7000,0.134198,226.644,0.401939
227.6000,-1.44527,226.258,0.396778
227.5000,2.67892,226.895,0.40528
227.4000,0.454801,226.994,0.406609
227.3000,1.13262,226.626,0.401697
227.2000,0.328619,226.54,0.400548
227.1000,-0.534855,226.917,0.405582
227.0000,1.75716,227.045,0.407289
226.9000,-1.99089,226.56,0.40082
226.8000,-0.344952,226.975,0.406353
226.7000,0.90654,227.025,0.407017
226.6000,2.19524,227.476,0.413023
226.5000,0.332859,227.439,0.41254
226.4000,-0.984565,228.439,0.425817
226.3000,-0.899745,227.4,0.412013
226.2000,1.54538,227.444,0.412601
226.1000,1.03999,228.193,0.422555
226.0000,0.781303,228.086,0.421141
225.9000,0.857786,228.082,0.421081
225.8000,-0.249623,227.93,0.419064
225.7000,2.35736,227.732,0.416429
225.6000,0.5887,227.698,0.415977
225.5000,1.44735,228.43,0.425697
225.4000,0.884324,228.428,0.425666
225.3000,1.55226,228.13,0.421713
225.2000,2.68956,229.214,0.43608
225.1000,1.3208,228.946,0.432542
225.0000,1.4792,228.149,0.421968
224.9000,2.01827,228.729,0.429661
224.8000,0.421827,229.484,0.439644
224.7000,1.30349,229.098,0.434551
224.6000,0.708907,229.222,0.436184
224.5000,1.52911,229.165,0.435435
224.4000,2.39279,229.663,0.442008
224.3000,2.84117,228.603,0.427995
224.2000,0.959081,229.158,0.435345
224.1000,1.3928,229.868,0.444715
224.0000,0.742623,229.456,0.439285
223.9000,0.411792,229.554,0.440572
223.8000,1.23018,230.6,0.454359
223.7000,-0.121509,230.134,0.448226
223.6000,2.42196,230.613,0.454538
223.5000,2.89777,230.86,0.457786
223.4000,0.826241,230.213,0.449271
223.3000,0.960427,230.023,0.446762
223.2000,0.138502,230.812,0.457146
223.1000,2.30745,230.163,0.448614
223.0000,2.28046,230.095,0.447718
222.9000,1.32725,230.926,0.45865
222.8000,-0.263622,231.656,0.468228
222.7000,1.53047,231.13,0.461329
222.6000,-1.18933,230.68,0.455417
222.5000,2.4367,232.448,0.478595
222.4000,1.2618,231.557,0.466935
222.3000,2.49893,231.542,0.466742
222.2000,1.03179,231.406,0.464958
222.1000,1.56198,230.774,0.456654
222.0000,2.64601,231.239,0.462758
221.9000,1.47381,232.22,0.475617
221.8000,0.839428,232.244,0.475928
221.7000,1.43404,232.527,0.479632
221.6000,1.58475,232.286,0.476476
221.5000,1.89816,232.904,0.484559
221.4000,0.295231,231.822,0.47041
221.3000,0.889098,233.086,0.486924
221.2000,3.48857,232.022,0.473022
221.1000,1.83451,232.674,0.481556
221.0000,0.468119,233.347,0.490336
220.9000,0.537107,232.984,0.485594
220.8000,0.0751476,232.558,0.480031
220.7000,2.45544,233.108,0.48722
220.6000,-0.642697,233.761,0.495721
220.5000,1.73479,233.29,0.489583
220.4000,1.42278,234.195,0.501363
220.3000,-0.283347,233.622,0.493907
220.2000,1.9142,233.726,0.495264
220.1000,0.888988,233.465,0.491871
220.0000,0.0321477,233.557,0.493067
219.9000,2.86253,233.67,0.494542
219.8000,0.989649,233.623,0.493922
219.7000,2.83983,234.463,0.50485
219.6000,1.23045,233.956,0.498256
219.5000,0.894328,234.579,0.50635
219.4000,0.591056,235.177,0.514103
219.3000,0.841366,233.277,0.489421
219.2000,3.43797,235.053,0.512489
219.1000,-0.415,235.133,0.513531
219.0000,-0.773817,234.641,0.507158
218.9000,1.0318,234.208,0.50154
218.8000,1.97369,235.198,0.514367
218.7000,1.71936,234.426,0.504365
218.6000,1.54477,236.282,0.528377
218.5000,0.757149,236.379,0.529634
218.4000,1.53256,235.792,0.522059
218.3000,2.30312,233.51,0.492461
218.2000,0.883697,236.756,0.53448
218.1000,3.95532,236.666,0.533327
218.0000,0.52111,234.612,0.506776
217.9000,0.320035,235.77,0.521767
217.8000,-0.557312,235.038,0.512298
217.7000,3.06278,237.459,0.543528
217.6000,-0.486169,235.332,0.516112
217.5000,1.5718,236.166,0.526886
217.4000,0.58424,236.646,0.533065
217.3000,2.81148,235.411,0.517123
217.2000,2.74374,236.864,0.53588
217.1000,0.32718,236.187,0.52715
217.0000,1.86813,237.324,0.541796
216.9000,2.3098,237.049,0.538256
216.8000,2.19789,236.53,0.531576
216.7000,0.187903,238.059,0.551218
216.6000,2.14832,238.173,0.552684
216.5000,0.467247,237.66,0.546103
216.4000,-0.341699,236.963,0.537149
216.3000,2.27626,237.705,0.546685
216.2000,1.06261,237.497,0.544008
216.1000,1.40905,239.525,0.569962
216.0000,0.781259,237.697,0.546583
215.9000,3.09156,239.176,0.565509
215.8000,0.892236,237.024,0.537936
215.7000,4.19598,237.33,0.541869
215.6000,0.939891,238.695,0.559371
215.5000,0.647957,238.114,0.55193
215.4000,0.904999,238.283,0.554092
215.3000,1.81087,238.557,0.557602
215.2000,2.68905,240.006,0.576097
215.1000,1.84385,239.903,0.574785
215.0000,2.51526,238.145,0.552322
214.9000,2.87905,239.015,0.563454
214.8000,0.818647,240.01,0.576141
214.7000,0.45815,238.67,0.559052
214.6000,3.08919,238.627,0.558501
214.5000,1.51984,239.106,0.564612
214.4000,2.01006,239.166,0.565379
214.3000,1.3224,238.907,0.562079
214.2000,-0.839431,240.182,0.578332
214.1000,2.2865,239.97,0.575636
214.0000,2.23155,238.996,0.563208
213.9000,2.63479,239.963,0.575549
213.8000,-1.20898,238.497,0.556834
213.7000,0.310898,239.946,0.575333
213.6000,0.989928,240.225,0.57888
213.5000,0.408123,240.311,0.579975
213.4000,3.26369,240.236,0.579024
213.3000,2.81617,240.141,0.577813
213.2000,1.63878,240.006,0.576097
213.1000,1.8237,241.605,0.596394
213.0000,1.39271,241.085,0.589804
212.9000,-0.370604,240.954,0.588136
212.8000,3.13549,241.921,0.600395
212.7000,2.34519,240.58,0.583389
212.6000,-1.6973,241.636,0.596782
212.5000,-1.32135,241.113,0.590163
212.4000,1.16162,240.698,0.584886
212.3000,-0.330088,240.85,0.586828
212.2000,1.76397,241.542,0.595591
212.1000,2.52172,241.282,0.592304
212.0000,-0.778456,241.839,0.599348
211.9000,4.40236,242.614,0.60914
211.8000,-0.39358,241.831,0.599248
211.7000,2.55946,242.52,0.607953
211.6000,1.0556,242.825,0.611812
211.5000,0.471522,241.497,0.595031
211.4000,1.58013,242.151,0.603302
211.3000,1.42571,243.504,0.620359
211.2000,2.26724,242.137,0.603116
211.1000,2.21875,243.586,0.621386
211.0000,0.0114705,242.822,0.611769
210.9000,1.783,242.73,0.610612
210.8000,0.296467,243.048,0.614611
210.7000,2.3773,243.519,0.620545
210.6000,1.82378,242.736,0.610683
210.5000,1.20239,243.251,0.61718
210.4000,0.162034,244.025,0.62691
210.3000,4.83782,243.908,0.62543
210.2000,1.31402,244.25,0.629726
210.1000,0.279083,243.761,0.623594
210.0000,-0.939579,245.018,0.639353
209.9000,0.759262,244.352,0.631005
209.8000,-0.725337,243.913,0.625501
209.7000,1.63398,244.292,0.630252
209.6000,3.3446,244.252,0.629754
209.5000,2.39195,245.509,0.645487
209.4000,6.011,245.019,0.639367
209.3000,1.37385,245.703,0.647921
209.2000,0.672294,245.314,0.643052
209.1000,1.95398,245.659,0.64737
209.0000,1.50526,244.425,0.631929
208.9000,0.458511,245.612,0.646775
208.8000,4.50337,245.003,0.639168
208.7000,2.72132,245.572,0.64628
208.6000,0.337401,245.965,0.651188
208.5000,1.13255,245.059,0.639863
208.4000,1.21588,246.212,0.654268
208.3000,3.36816,246.214,0.654296
208.2000,2.38923,245.092,0.640274
208.1000,-1.5675,246.073,0.652531
208.0000,1.98904,247.207,0.666647
207.9000,5.60627,246.469,0.657473
207.8000,2.9598,247.445,0.669602
207.7000,1.34179,246.882,0.662605
207.6000,-0.3903,246.528,0.658206
207.5000,4.48322,248.129,0.678087
207.4000,0.0468688,247.921,0.675505
207.3000,3.66705,247.965,0.676052
207.2000,1.70557,248.434,0.68186
207.1000,0.757429,248.526,0.682996
207.0000,3.7583,248.578,0.68364
206.9000,2.65134,248.747,0.685727
206.8000,0.431026,249.022,0.689129
206.7000,3.31084,248.624,0.684215
206.6000,2.0921,248.611,0.684047
206.5000,1.51281,248.573,0.683584
206.4000,3.76841,249.026,0.689171
206.3000,3.02935,248.143,0.678256
206.2000,0.432914,249.622,0.696522
206.1000,1.88027,250.08,0.702173
206.0000,0.02099,249.918,0.700179
205.9000,1.39591,248.526,0.682996
205.8000,3.09959,249.295,0.692499
205.7000,3.97423,251.115,0.71488
205.6000,2.60244,250.607,0.70865
205.5000,2.10467,251.02,0.713713
205.4000,1.99244,250.297,0.704835
205.3000,1.28869,252.501,0.731834
205.2000,2.41173,251.279,0.716895
205.1000,1.71918,252.171,0.727807
205.0000,-0.449167,251.951,0.72512
204.9000,4.93846,252.063,0.726492
204.8000,-0.873241,250.537,0.707788
204.7000,2.22915,252.545,0.732374
204.6000,1.82624,252.935,0.737128
204.5000,1.1412,252.245,0.728707
204.4000,2.91127,251.533,0.720004
204.3000,4.03321,252.428,0.730949
204.2000,1.31279,253.042,0.73844
204.1000,1.17338,252.334,0.729801
204.0000,3.63916,252.309,0.729496
203.9000,0.448563,253.696,0.746398
203.8000,3.38623,252.719,0.734503
203.7000,1.77972,254.411,0.755081
203.6000,2.59572,253.851,0.748285
203.5000,1.19813,254.552,0.756785
203.4000,1.87614,253.514,0.744179
203.3000,4.0229,254.119,0.751533
203.2000,-2.02043,254.868,0.760616
203.1000,0.796947,255.574,0.769157
203.0000,1.43497,255.555,0.768938
202.9000,-1.59205,255.059,0.762935
202.8000,0.358195,254.155,0.751973
202.7000,-0.941285,255.261,0.765375
202.6000,-0.527376,256.168,0.776339
202.5000,2.24361,257.415,0.791342
202.4000,0.81265,256.74,0.78322
202.3000,-1.33138,256.163,0.77627
202.2000,0.267374,256.572,0.781201
202.1000,-3.13541,256.57,0.781174
202.0000,0.641216,256.566,0.781133
201.9000,1.82697,257.314,0.79013
201.8000,0.797301,256.692,0.782647
201.7000,4.06351,257.337,0.790402
201.6000,1.77191,258.009,0.798468
201.5000,0.491834,257.209,0.788863
201.4000,0.939464,258.156,0.800233
201.3000,0.237317,259.062,0.811081
201.2000,0.191094,259.091,0.81142
201.1000,2.54854,259.19,0.812611
201.0000,-0.606048,258.168,0.800383
200.9000,0.251225,259.919,0.821304
200.8000,0.20752,259.162,0.812272
200.7000,2.00008,258.921,0.809388
200.6000,2.1993,259.433,0.815506
200.5000,2.59903,260.377,0.826755
200.4000,0.94224,259.615,0.817683
200.3000,4.00458,260.926,0.833289
200.2000,0.736215,260.538,0.828669
200.1000,2.89528,261.122,0.835616
200.0000,1.55925,260.73,0.830959
199.9000,-0.146531,260.272,0.825514
199.8000,1.8381,261.302,0.837755
199.7000,1.40867,260.887,0.832817
199.6000,1.28625,260.579,0.829167
199.5000,0.924462,261.876,0.844551
199.4000,2.54679,261.428,0.839246
199.3000,1.96457,262.546,0.852487
199.2000,3.65668,262.2,0.848387
199.1000,-0.508242,261.907,0.844927
199.0000,1.82693,260.714,0.830771
198.9000,-1.82003,263.547,0.864292
198.8000,0.848015,263.02,0.85808
198.7000,1.38928,262.756,0.854963
198.6000,1.00502,262.698,0.854281
198.5000,2.81409,263.702,0.866121
198.4000,4.50951,263.135,0.85943
198.3000,2.55413,263.324,0.861662
198.2000,1.62664,263.369,0.862196
198.1000,0.438771,263.002,0.857866
198.0000,1.35986,263.014,0.858013
197.9000,5.14266,263.635,0.865333
197.8000,0.728304,262.687,0.854147
197.7000,2.0627,262.298,0.849553
197.6000,1.24679,265.154,0.883173
197.5000,1.15201,264.704,0.877896
197.4000,-0.00997644,264.502,0.875528
197.3000,0.346095,263.38,0.86233
197.2000,4.67592,264.444,0.87485
197.1000,1.82398,264.861,0.879745
197.0000,2.95068,264.623,0.876952
196.9000,6.9547,264.69,0.877737
196.8000,-0.0274155,264.476,0.875222
196.7000,-4.39094,264.276,0.872866
196.6000,0.891401,265.917,0.892114
196.5000,0.597807,265.826,0.891041
196.4000,4.02346,265.518,0.887447
196.3000,1.20933,264.723,0.878123
196.2000,-1.23947,265.509,0.887341
196.1000,5.28822,265.192,0.883625
196.0000,2.94172,265.333,0.885271
195.9000,3.46307,265.998,0.893055
195.8000,-0.0846844,265.376,0.885775
195.7000,-0.349957,265.241,0.884196
195.6000,1.31526,266.364,0.897331
195.5000,1.5205,266.239,0.895875
195.4000,1.92955,266.18,0.895187
195.3000,0.490517,265.658,0.889079
195.2000,2.13508,266.484,0.898733
195.1000,1.81205,265.841,0.891226
195.0000,3.92901,266.49,0.898799
194.9000,3.43509,266.465,0.898508
194.8000,2.72593,266.092,0.894154
194.7000,2.00856,266.929,0.903928
194.6000,1.104,266.104,0.8943
194.5000,3.10995,266.314,0.896749
194.4000,0.389471,266.942,0.904073
194.3000,-1.79741,267.063,0.905486
194.2000,1.84135,266.925,0.903875
194.1000,1.22889,266.724,0.901536
194.0000,1.79974,267.018,0.904958
193.9000,3.87275,267.02,0.904984
193.8000,3.2677,266.781,0.902197
193.7000,3.56955,266.792,0.902329
193.6000,1.55721,267.327,0.908561
193.5000,4.54838,267.458,0.910091
193.4000,5.18028,267.192,0.906991
193.3000,4.41667,267.555,0.911212
193.2000,4.22804,267.251,0.907677
193.1000,3.38078,267.883,0.915033
193.0000,1.17285,268.267,0.919494
192.9000,-0.98671,267.6,0.911739
192.8000,-1.63583,267.678,0.912648
192.7000,-0.228746,268.204,0.918757
192.6000,-1.30702,267.397,0.909379
192.5000,2.09749,266.944,0.904099
192.4000,-0.323937,267.601,0.911752
192.3000,0.827706,267.653,0.912358
192.2000,-2.47737,267.591,0.911633
192.1000,4.87782,267.7,0.912898
192.0000,-2.58371,268.074,0.917244
191.9000,4.19371,268.775,0.925382
191.8000,0.220451,268.534,0.922584
191.7000,-1.06707,269.598,0.934905
191.6000,-0.130066,267.662,0.912464
191.5000,-2.14076,267.49,0.91046
191.4000,1.34653,268.148,0.918113
191.3000,1.74614,269.186,0.930147
191.2000,2.17471,267.716,0.913083
191.1000,2.03738,268.953,0.927444
191.0000,0.168173,267.982,0.916178
190.9000,-1.55987,268.826,0.925973
190.8000,-0.363193,268.694,0.92445
190.7000,1.81333,268.671,0.924174
190.6000,1.12081,269.322,0.93172
190.5000,2.0054,268.981,0.927772
190.4000,-0.313358,268.528,0.922518
190.3000,1.04723,268.41,0.921151
190.2000,3.22995,268.468,0.921822
190.1000,0.129471,269.388,0.93248
190.0000,0.0703329,269.646,0.935468

##### Extended Information
[Comments]
Sample name,CC.SJ.9_28_22_PHOSPHATEBUFFER_CONTROL
Comment,CONTROL
User,CARYN CARHART
Division
Company,Saint Mary's College

[Detailed Information]
Creation date,9/28/2022 2:00 PM

Data array type,Linear data array * 3
Horizontal axis,Wavelength [nm]
Vertical axis(1),CD [mdeg]
Vertical axis(2),HT [V]
Vertical axis(3),Abs
Start,320 nm
End,190 nm
Data interval,0.1 nm
Data points,1301    

[Measurement Information]
Instrument name,J-1500
Model name,J-1500
Serial No.,B051061638

Detector,PM-539
Detector S/N,B051061638
  Lock-in amp.,X mode
  HT volt,Auto

Accessory,PTC-517
Accessory S/N,B026561646
  Temperature,25.16 C
  Control sensor,Holder
  Monitor sensor,Holder

Measurement date,9/28/2022 2:00 PM

Photometric mode,CD, HT, Abs
Measure range,320 - 190 nm
Data pitch,0.1 nm
CD scale,20 mdeg/0.05 dOD
FL scale,20 mdeg/0.05 dOD
D.I.T.,8 msec
Bandwidth,2.00 nm
Start mode,Immediately
Scanning mode,Continuous
Scanning speed,200 nm/min
Baseline correction,None
Shutter control,Auto
No. of cycle,1/1
N2 Flowmeter,Manual

Solvent,NaPO4 buffer

