TITLE,CC.SJ.9_28_22_ADDITIVE_KCL_PROTEIN
DATA TYPE,
ORIGIN,JASCO
OWNER,
DATE,22/09/28
TIME,14:21:11
SPECTROMETER/DATA SYSTEM,
LOCALE,1033
RESOLUTION,
DELTAX,-0.1
XUNITS,NANOMETERS
YUNITS,CD [mdeg]
Y2UNITS,HT [V]
Y3UNITS,ABSORBANCE
FIRSTX,  320.0000
LASTX,  190.0000
NPOINTS,    1301
FIRSTY,     1.05716
MAXY,    63.33990
MINY,   -41.84982
XYDATA
320.0000,1.05716,208.431,0.150377
319.9000,2.57658,208.535,0.151868
319.8000,5.00337,209.045,0.159149
319.7000,1.22365,208.815,0.155866
319.6000,-0.000155361,208.347,0.149178
319.5000,1.01917,209.133,0.160393
319.4000,-0.314215,208.375,0.149567
319.3000,0.583494,208.428,0.150329
319.2000,2.05274,208.554,0.152127
319.1000,3.50592,208.507,0.151463
319.0000,0.746408,208.997,0.158454
318.9000,1.53938,208.564,0.152273
318.8000,2.75342,208.636,0.153309
318.7000,1.69724,208.364,0.149421
318.6000,-0.0219959,209.197,0.161315
318.5000,1.6957,209.05,0.159214
318.4000,2.39432,208.951,0.157807
318.3000,1.46986,208.13,0.146064
318.2000,-1.01794,209.048,0.159181
318.1000,0.874583,208.598,0.152758
318.0000,2.18126,208.429,0.150345
317.9000,1.14809,208.731,0.154669
317.8000,0.130123,208.863,0.156546
317.7000,2.20157,208.385,0.149713
317.6000,1.60191,208.91,0.157225
317.5000,2.78423,208.58,0.152499
317.4000,2.3405,208.35,0.14921
317.3000,0.580476,208.559,0.152208
317.2000,0.67562,207.487,0.136854
317.1000,2.47852,208.674,0.153843
317.0000,0.700859,207.776,0.140999
316.9000,2.02263,207.87,0.142347
316.8000,2.2633,208.818,0.155899
316.7000,2.01079,208.521,0.151657
316.6000,-0.838725,208.841,0.156238
316.5000,0.609493,208.882,0.156821
316.4000,1.93693,207.9,0.14277
316.3000,-0.491587,207.851,0.142071
316.2000,1.7402,208.61,0.152936
316.1000,1.77777,208.324,0.148838
316.0000,0.606566,208.055,0.144993
315.9000,2.50127,208.056,0.14501
315.8000,1.50325,207.563,0.137943
315.7000,1.144,207.933,0.14324
315.6000,-0.468303,208.697,0.154183
315.5000,1.51531,208.934,0.157565
315.4000,-0.474972,208.106,0.145724
315.3000,2.31875,207.058,0.130684
315.2000,2.62415,209.28,0.162494
315.1000,0.831828,208.727,0.154604
315.0000,2.18707,208.447,0.150604
314.9000,1.58011,207.822,0.141649
314.8000,0.901135,208.431,0.150377
314.7000,-0.461887,208.668,0.153762
314.6000,2.66808,207.76,0.140772
314.5000,1.35381,208.006,0.144296
314.4000,1.43625,207.955,0.143565
314.3000,1.70288,208.402,0.149956
314.2000,1.55915,207.879,0.142477
314.1000,0.593396,208.134,0.146129
314.0000,1.17151,208.565,0.152289
313.9000,2.56352,207.475,0.136675
313.8000,1.68104,207.301,0.134186
313.7000,0.612321,208.052,0.144945
313.6000,1.03039,208.433,0.15041
313.5000,0.482921,207.59,0.138334
313.4000,0.53327,208.222,0.147378
313.3000,0.734388,207.928,0.143175
313.2000,0.793501,208.544,0.151997
313.1000,2.17235,207.173,0.132346
313.0000,2.71405,208.029,0.14462
312.9000,2.02897,207.707,0.140008
312.8000,-0.862088,207.654,0.139244
312.7000,0.455982,208.12,0.145918
312.6000,0.0458696,207.536,0.137553
312.5000,2.31925,207.384,0.135374
312.4000,2.71713,207.166,0.132232
312.3000,1.13295,208.131,0.146081
312.2000,1.32673,207.758,0.140739
312.1000,0.755115,207.732,0.140365
312.0000,1.77095,208.776,0.1553
311.9000,0.72301,207.801,0.141356
311.8000,1.59058,208.192,0.146956
311.7000,0.888957,207.465,0.136529
311.6000,-0.0209055,207.976,0.143857
311.5000,1.38625,207.546,0.1377
311.4000,1.83889,207.241,0.133323
311.3000,2.14735,208.146,0.146291
311.2000,0.925822,208.512,0.151528
311.1000,0.0471388,207.871,0.142364
311.0000,1.58113,207.303,0.134202
310.9000,0.864823,208.033,0.144685
310.8000,-0.52743,207.929,0.143192
310.7000,0.114005,207.829,0.141762
310.6000,1.13033,208.296,0.148448
310.5000,-0.652466,207.908,0.142883
310.4000,1.23337,207.929,0.143192
310.3000,1.77677,207.607,0.138578
310.2000,-0.0589964,208.571,0.15237
310.1000,1.62022,208.444,0.150555
310.0000,1.87818,207.919,0.143045
309.9000,2.12628,208.225,0.147427
309.8000,1.57961,207.537,0.13757
309.7000,0.62837,207.862,0.142234
309.6000,2.00717,208.228,0.147476
309.5000,1.04443,207.987,0.14402
309.4000,2.37845,208.027,0.144588
309.3000,1.11891,208.116,0.14587
309.2000,1.07204,207.461,0.13648
309.1000,0.294648,207.995,0.144133
309.0000,0.0297428,207.841,0.141925
308.9000,0.338177,207.789,0.141178
308.8000,1.7158,208.44,0.150507
308.7000,0.908781,208.002,0.144231
308.6000,0.661921,208.225,0.147427
308.5000,2.6628,208.156,0.146437
308.4000,1.53026,207.623,0.138805
308.3000,-0.177441,208.125,0.146
308.2000,1.53446,208.231,0.147508
308.1000,1.20874,208.995,0.158438
308.0000,1.27392,207.465,0.136529
307.9000,0.431397,207.227,0.133111
307.8000,1.50462,208.404,0.149988
307.7000,-0.333173,207.638,0.139017
307.6000,1.72928,207.368,0.135146
307.5000,0.33734,207.707,0.140008
307.4000,2.62363,207.723,0.140236
307.3000,0.646186,208.291,0.148367
307.2000,1.35452,208.478,0.151042
307.1000,1.39952,207.875,0.142412
307.0000,0.744933,208.004,0.144263
306.9000,1.05449,207.941,0.143354
306.8000,1.03872,207.914,0.14298
306.7000,0.625405,208.243,0.147686
306.6000,1.94228,208.488,0.151187
306.5000,-0.134499,208.441,0.150523
306.4000,1.13567,208.277,0.148173
306.3000,0.246464,207.863,0.14225
306.2000,1.10594,208.398,0.149907
306.1000,2.64027,207.619,0.13874
306.0000,0.972987,207.9,0.14277
305.9000,1.52729,207.584,0.138236
305.8000,1.36049,208.48,0.151074
305.7000,2.05154,207.955,0.143565
305.6000,1.33726,207.807,0.141438
305.5000,1.08692,208.067,0.145172
305.4000,2.6311,207.93,0.143208
305.3000,2.0031,208.254,0.147848
305.2000,0.688219,208.702,0.154248
305.1000,0.7994,207.755,0.14069
305.0000,1.40942,207.981,0.143938
304.9000,0.814979,207.921,0.143078
304.8000,0.989492,208.274,0.148124
304.7000,1.1617,207.891,0.14264
304.6000,-0.0506133,208.009,0.144328
304.5000,0.498865,207.901,0.142786
304.4000,0.605112,207.946,0.143435
304.3000,0.771991,207.324,0.134511
304.2000,0.556587,207.784,0.141113
304.1000,-0.496579,208.369,0.149486
304.0000,0.752032,207.535,0.137537
303.9000,1.55027,207.726,0.140284
303.8000,1.01424,207.577,0.138139
303.7000,1.5442,207.707,0.140008
303.6000,1.82694,207.559,0.137879
303.5000,0.320699,207.246,0.133388
303.4000,0.727095,207.722,0.140219
303.3000,1.13431,208.354,0.149275
303.2000,0.74126,207.979,0.143906
303.1000,2.39081,208.184,0.146843
303.0000,1.58337,207.605,0.138545
302.9000,2.6211,207.686,0.139699
302.8000,0.45921,207.834,0.141827
302.7000,0.987263,207.59,0.138334
302.6000,-0.392548,207.623,0.138805
302.5000,0.146678,207.145,0.131939
302.4000,1.02943,207.907,0.142867
302.3000,1.77792,207.166,0.132232
302.2000,0.741612,207.96,0.14363
302.1000,1.31384,208.186,0.146875
302.0000,0.270904,208.415,0.15015
301.9000,1.37929,207.737,0.14043
301.8000,1.49326,207.93,0.143208
301.7000,1.15197,208.073,0.145253
301.6000,-0.537459,207.376,0.13526
301.5000,0.137993,206.951,0.129152
301.4000,1.46472,207.535,0.137537
301.3000,0.670873,207.547,0.137716
301.2000,0.977676,207.043,0.130473
301.1000,0.240087,207.313,0.134348
301.0000,1.58558,207.627,0.138854
300.9000,2.78533,207.612,0.138643
300.8000,0.668186,207.897,0.142737
300.7000,0.619099,208.023,0.144539
300.6000,0.972091,207.734,0.140398
300.5000,1.35906,207.507,0.13713
300.4000,-0.0483301,207.837,0.141876
300.3000,0.0918143,207.222,0.133046
300.2000,1.60311,208.101,0.145659
300.1000,0.611306,207.485,0.136822
300.0000,1.55391,207.513,0.137228
299.9000,0.0950567,207.918,0.143029
299.8000,1.88052,207.042,0.130456
299.7000,-1.17037,207.537,0.13757
299.6000,1.48643,206.175,0.11797
299.5000,0.111178,207.98,0.143922
299.4000,2.46993,206.941,0.129006
299.3000,1.63599,206.189,0.118167
299.2000,0.680882,207.291,0.134039
299.1000,1.43538,207.603,0.138512
299.0000,0.439674,206.798,0.126951
298.9000,1.23043,207.321,0.134462
298.8000,0.802473,207.493,0.136935
298.7000,-0.426722,207.471,0.136626
298.6000,3.37677,207.535,0.137537
298.5000,1.28066,207.159,0.132134
298.4000,0.910768,207.505,0.137114
298.3000,0.309559,207.605,0.138545
298.2000,1.37909,207.771,0.140918
298.1000,1.05554,207.43,0.136024
298.0000,1.88334,207.039,0.130408
297.9000,1.48164,207.47,0.13661
297.8000,1.54235,207.457,0.136415
297.7000,0.985282,207.423,0.135927
297.6000,1.96297,207.212,0.132899
297.5000,0.663507,207.019,0.13013
297.4000,-0.14035,207.185,0.132509
297.3000,1.12984,207.673,0.13952
297.2000,0.032685,206.63,0.124521
297.1000,0.310296,206.955,0.129202
297.0000,0.82757,207.239,0.13329
296.9000,1.24465,206.819,0.127245
296.8000,0.804717,206.841,0.127571
296.7000,1.28107,207.103,0.131336
296.6000,0.575493,206.768,0.126511
296.5000,0.0150378,206.55,0.123378
296.4000,1.22032,207.053,0.130619
296.3000,0.270197,207.008,0.129967
296.2000,-0.262208,207.391,0.135471
296.1000,1.34439,207.152,0.132037
296.0000,0.464793,207.766,0.140853
295.9000,1.02351,207.108,0.131401
295.8000,0.431459,207.017,0.130098
295.7000,1.23114,207.453,0.136366
295.6000,1.85159,207.43,0.136024
295.5000,0.740403,207.054,0.130636
295.4000,1.40942,206.56,0.123525
295.3000,1.8151,206.379,0.120912
295.2000,0.711063,207.571,0.138057
295.1000,0.547984,207.357,0.134983
295.0000,0.290344,207.288,0.13399
294.9000,3.24316,207.161,0.132167
294.8000,1.03423,207.019,0.13013
294.7000,0.839494,207.237,0.133258
294.6000,1.93082,207.042,0.130456
294.5000,0.496135,207.437,0.136138
294.4000,0.79521,207.568,0.138009
294.3000,1.16902,207.309,0.1343
294.2000,1.36363,207.171,0.132313
294.1000,1.52689,207.746,0.140561
294.0000,2.23588,206.692,0.125418
293.9000,1.50516,207.544,0.137667
293.8000,1.68421,207.465,0.136529
293.7000,0.524305,206.548,0.123345
293.6000,-0.0850923,207.546,0.1377
293.5000,1.3338,207.592,0.13835
293.4000,0.35109,206.972,0.129446
293.3000,2.44329,206.573,0.123705
293.2000,1.65756,206.806,0.127066
293.1000,1.11368,207.41,0.135748
293.0000,-0.101625,206.973,0.129462
292.9000,0.590155,207.553,0.137797
292.8000,1.68981,206.639,0.124651
292.7000,0.944649,207.479,0.13674
292.6000,0.0235238,207.121,0.131597
292.5000,0.0988613,207.63,0.138903
292.4000,-0.64097,206.83,0.127408
292.3000,4.47046,207.077,0.130962
292.2000,0.597014,205.975,0.115075
292.1000,-0.213509,207.357,0.134983
292.0000,2.43706,206.639,0.124651
291.9000,-0.470843,206.742,0.126136
291.8000,1.88035,205.64,0.110245
291.7000,0.727336,208.018,0.144458
291.6000,3.4193,206.221,0.118624
291.5000,0.960221,206.787,0.126788
291.4000,1.13718,206.743,0.126152
291.3000,2.97661,206.257,0.119147
291.2000,1.25154,207.437,0.136138
291.1000,2.42509,207.095,0.131222
291.0000,-0.418351,206.184,0.118101
290.9000,1.25653,206.966,0.129365
290.8000,2.60714,206.97,0.129414
290.7000,1.32795,206.541,0.123247
290.6000,1.83526,206.82,0.127261
290.5000,2.12478,205.689,0.11095
290.4000,0.999249,207.196,0.132672
290.3000,1.14105,206.955,0.129202
290.2000,1.40766,206.647,0.124766
290.1000,0.236883,205.801,0.112571
290.0000,2.17543,206.71,0.125679
289.9000,1.15238,207.422,0.13591
289.8000,-0.624975,206.655,0.12488
289.7000,2.26639,207.203,0.132769
289.6000,-0.486786,206.034,0.115926
289.5000,0.695261,207.535,0.137537
289.4000,1.4193,207.202,0.132753
289.3000,2.33958,206.843,0.127587
289.2000,2.68156,207.304,0.134218
289.1000,1.50808,207.095,0.131222
289.0000,2.45702,205.901,0.114012
288.9000,0.252939,208.488,0.151187
288.8000,1.68369,206.327,0.12016
288.7000,0.540426,206.529,0.123068
288.6000,0.967528,206.615,0.124308
288.5000,0.976557,207.494,0.136952
288.4000,-0.151476,206.421,0.121517
288.3000,1.61878,206.934,0.128908
288.2000,0.623314,207.656,0.139277
288.1000,0.199876,207.146,0.131955
288.0000,-0.0277413,206.58,0.123803
287.9000,0.192882,207.793,0.141243
287.8000,2.24362,207.328,0.13456
287.7000,1.32461,206.744,0.126169
287.6000,1.04386,206.21,0.118477
287.5000,1.19034,207.86,0.142201
287.4000,1.27372,206.055,0.116237
287.3000,0.69261,207.397,0.135553
287.2000,1.92821,207.262,0.133616
287.1000,0.293341,207.602,0.138496
287.0000,0.0129069,207.632,0.138935
286.9000,0.994891,205.501,0.108229
286.8000,2.04742,207.722,0.140219
286.7000,0.317922,207.13,0.131727
286.6000,1.43009,206.413,0.121402
286.5000,1.51316,207.718,0.140171
286.4000,0.956447,207.29,0.134023
286.3000,1.49081,206.712,0.125712
286.2000,-0.0999491,206.362,0.120667
286.1000,1.14428,207.97,0.143776
286.0000,1.31531,207.305,0.134234
285.9000,-0.356026,207.159,0.132134
285.8000,1.47219,207.764,0.14082
285.7000,1.62094,207.286,0.133958
285.6000,0.295011,207.152,0.132037
285.5000,1.01173,205.795,0.112473
285.4000,1.49659,206.48,0.122366
285.3000,2.93961,206.933,0.128892
285.2000,0.412983,206.255,0.119115
285.1000,0.649551,207.3,0.134169
285.0000,1.92618,208.918,0.157338
284.9000,-1.04335,207.375,0.135243
284.8000,1.19112,208.311,0.148659
284.7000,1.88027,206.662,0.124994
284.6000,2.43048,207.766,0.140853
284.5000,0.42341,206.772,0.126576
284.4000,1.02209,206.364,0.1207
284.3000,1.22737,206.991,0.129723
284.2000,-0.463924,206.236,0.118853
284.1000,0.964609,206.655,0.12488
284.0000,-1.01825,207.513,0.137228
283.9000,-0.709394,207.987,0.14402
283.8000,0.578596,207.534,0.137521
283.7000,1.48731,208.546,0.152013
283.6000,1.67485,207.681,0.139634
283.5000,0.897411,206.721,0.125842
283.4000,-0.839817,206.001,0.115452
283.3000,0.106066,206.023,0.115779
283.2000,1.27782,208.523,0.15169
283.1000,2.42145,204.695,0.0965543
283.0000,0.297111,207.823,0.141665
282.9000,0.473359,207.478,0.136724
282.8000,1.3765,207.419,0.135878
282.7000,2.53888,208.105,0.145707
282.6000,1.69687,208.011,0.14436
282.5000,-0.294212,207.666,0.139423
282.4000,0.953803,207.563,0.137943
282.3000,1.00669,208.377,0.149599
282.2000,0.529386,208.021,0.144506
282.1000,2.72884,206.336,0.120291
282.0000,2.42283,208.402,0.149956
281.9000,1.18646,207.4,0.135602
281.8000,0.920547,207.609,0.138594
281.7000,1.2341,206.999,0.129837
281.6000,0.531969,207.347,0.134837
281.5000,-1.06253,206.097,0.116842
281.4000,0.602112,207.705,0.139975
281.3000,0.583067,207.552,0.137781
281.2000,1.06441,207.628,0.13887
281.1000,1.07983,207.163,0.132199
281.0000,1.73716,207.851,0.142071
280.9000,-0.00436612,207.78,0.141048
280.8000,2.07927,207.189,0.132574
280.7000,0.0672132,207.681,0.139634
280.6000,1.59905,206.735,0.126038
280.5000,1.37393,206.226,0.118706
280.4000,1.71218,207.788,0.141162
280.3000,1.75607,207.322,0.134479
280.2000,-0.149201,207.026,0.130228
280.1000,2.00353,206.761,0.126413
280.0000,0.484089,206.576,0.123753
279.9000,1.03948,206.998,0.129821
279.8000,0.988951,206.933,0.128892
279.7000,0.284284,207.303,0.134202
279.6000,3.32139,206.911,0.128566
279.5000,-1.14769,207.127,0.131678
279.4000,3.52117,207.068,0.130831
279.3000,3.77764,206.965,0.129348
279.2000,0.476716,207.284,0.133941
279.1000,0.532938,207.258,0.133567
279.0000,0.683663,207.628,0.13887
278.9000,0.827822,207.791,0.14121
278.8000,0.553571,208.491,0.151236
278.7000,-0.377145,206.325,0.120128
278.6000,-0.70468,207.476,0.136691
278.5000,1.26241,206.818,0.127229
278.4000,0.548991,207.283,0.133925
278.3000,2.32934,207.24,0.133306
278.2000,0.548027,207.41,0.135748
278.1000,-1.16618,207.484,0.136805
278.0000,2.36132,207.483,0.136789
277.9000,1.20156,207.209,0.132851
277.8000,0.995269,206.911,0.128566
277.7000,0.765994,207.38,0.135309
277.6000,-0.849666,207.173,0.132346
277.5000,1.39064,208.122,0.145951
277.4000,-0.447138,207.828,0.141746
277.3000,-0.220986,206.949,0.12912
277.2000,0.919066,207.373,0.135211
277.1000,1.62535,208.228,0.147476
277.0000,0.682919,206.633,0.12457
276.9000,-0.634046,207.231,0.133176
276.8000,1.54968,206.933,0.128892
276.7000,1.49818,207.576,0.138123
276.6000,1.29716,206.754,0.126316
276.5000,0.801197,207.04,0.130424
276.4000,-0.629098,207.248,0.133421
276.3000,1.14223,207.68,0.139618
276.2000,1.29419,206.957,0.129234
276.1000,0.878274,207.092,0.131173
276.0000,2.53746,208.024,0.144555
275.9000,0.328473,207.065,0.130782
275.8000,-0.419239,207.522,0.137358
275.7000,1.51775,207.178,0.132411
275.6000,0.905078,207.168,0.132265
275.5000,1.96973,207.759,0.140755
275.4000,1.4622,207.13,0.131727
275.3000,-0.446428,207.565,0.137976
275.2000,1.089,208.164,0.146551
275.1000,0.717142,207.614,0.138675
275.0000,0.907422,207.878,0.142461
274.9000,-0.578661,207.552,0.137781
274.8000,1.42738,207.698,0.139878
274.7000,0.610209,207.542,0.137635
274.6000,0.403645,207.584,0.138236
274.5000,1.01484,207.09,0.131141
274.4000,0.992629,207.451,0.136334
274.3000,-1.1134,207.398,0.135569
274.2000,2.56242,208.615,0.153001
274.1000,0.550303,207.256,0.133534
274.0000,0.0182411,207.281,0.133893
273.9000,1.15557,207.286,0.133958
273.8000,0.948879,207.045,0.130505
273.7000,-0.112442,207.431,0.136041
273.6000,0.605942,207.368,0.135146
273.5000,0.74523,207.757,0.140723
273.4000,-0.164429,207.67,0.139472
273.3000,0.63299,207.585,0.138252
273.2000,0.790364,207.68,0.139618
273.1000,2.89205,207.698,0.139878
273.0000,0.494244,207.782,0.14108
272.9000,1.14946,207.445,0.136252
272.8000,0.821644,207.723,0.140236
272.7000,0.525896,207.73,0.140333
272.6000,-0.409577,208.089,0.14548
272.5000,1.34638,208.44,0.150507
272.4000,1.74913,207.691,0.13978
272.3000,0.442659,208.421,0.150231
272.2000,1.59642,207.661,0.139342
272.1000,2.62366,207.849,0.142039
272.0000,0.950038,208.154,0.146405
271.9000,-0.11936,207.605,0.138545
271.8000,-0.946945,206.811,0.127131
271.7000,-0.352407,207.672,0.139504
271.6000,1.2002,207.653,0.139228
271.5000,-0.381376,207.52,0.137326
271.4000,1.96061,207.229,0.133144
271.3000,2.3367,207.397,0.135553
271.2000,0.947862,207.707,0.140008
271.1000,0.0871438,207.416,0.135829
271.0000,1.36982,207.364,0.135081
270.9000,-0.923328,208.246,0.147735
270.8000,-1.31916,207.698,0.139878
270.7000,0.00483036,207.734,0.140398
270.6000,0.160503,207.888,0.142607
270.5000,1.01308,207.801,0.141356
270.4000,2.22923,208.603,0.152839
270.3000,1.8766,208.044,0.144831
270.2000,-1.08902,207.735,0.140414
270.1000,0.262768,208.967,0.158034
270.0000,1.10391,208.135,0.146145
269.9000,0.274436,208.02,0.14449
269.8000,0.55821,207.672,0.139504
269.7000,1.53248,208.037,0.144734
269.6000,0.3792,207.682,0.13965
269.5000,0.763857,207.927,0.143159
269.4000,1.9707,207.903,0.142818
269.3000,0.650143,207.681,0.139634
269.2000,0.763276,207.976,0.143857
269.1000,3.06679,207.936,0.143289
269.0000,1.39313,207.7,0.139911
268.9000,0.31324,208.987,0.158325
268.8000,1.14883,208.399,0.149923
268.7000,-0.115661,208.198,0.147037
268.6000,0.910576,208.345,0.149145
268.5000,0.544969,208.27,0.148075
268.4000,1.95734,207.464,0.136512
268.3000,0.53273,208.58,0.152499
268.2000,0.275629,207.665,0.139407
268.1000,0.112432,208.312,0.148675
268.0000,1.88581,208.215,0.147281
267.9000,-1.74372,208.361,0.149372
267.8000,0.944394,208.344,0.149129
267.7000,1.68869,208.932,0.157532
267.6000,-0.962026,208.566,0.152305
267.5000,1.53073,208.112,0.145805
267.4000,0.64348,207.994,0.144117
267.3000,-0.286087,208.41,0.150069
267.2000,1.83422,209.191,0.161234
267.1000,0.29167,207.799,0.141324
267.0000,1.60528,208.177,0.146746
266.9000,0.20155,209.432,0.164657
266.8000,0.0602362,208.846,0.156303
266.7000,-0.532652,208.419,0.150199
266.6000,1.77968,208.554,0.152127
266.5000,1.51515,208.875,0.156724
266.4000,0.00820336,208.711,0.154377
266.3000,2.03451,208.618,0.15305
266.2000,1.63049,208.168,0.146616
266.1000,1.3222,208.438,0.150474
266.0000,0.598849,208.82,0.155931
265.9000,-0.168196,209.35,0.163495
265.8000,0.900179,208.971,0.158082
265.7000,0.312591,209.398,0.164173
265.6000,1.18823,209.46,0.165061
265.5000,0.324756,209.185,0.161137
265.4000,-0.482743,207.552,0.137781
265.3000,0.771742,208.286,0.148302
265.2000,0.169326,208.673,0.153827
265.1000,1.08585,209.415,0.164415
265.0000,0.52143,208.351,0.149226
264.9000,0.605871,209.309,0.162914
264.8000,0.974054,208.994,0.158422
264.7000,0.754417,209.137,0.160458
264.6000,-0.24107,208.816,0.155882
264.5000,2.77569,208.27,0.148075
264.4000,1.64555,208.748,0.154912
264.3000,-0.135335,208.888,0.156901
264.2000,0.0835407,208.961,0.157953
264.1000,0.762301,209.484,0.165399
264.0000,1.6655,208.83,0.156077
263.9000,0.907395,209.423,0.164528
263.8000,0.529427,209.099,0.159909
263.7000,1.54046,208.944,0.15771
263.6000,0.70665,209.534,0.166109
263.5000,1.16349,208.855,0.156432
263.4000,-0.194403,209.477,0.165303
263.3000,0.789412,209.156,0.160733
263.2000,-1.2567,209.568,0.166593
263.1000,1.92508,209.889,0.171172
263.0000,-0.193593,209.864,0.170818
262.9000,-1.16961,209.678,0.168158
262.8000,1.03645,209.542,0.166223
262.7000,0.365044,211.066,0.187857
262.6000,1.21046,210.051,0.173475
262.5000,0.697224,210.477,0.179524
262.4000,1.63256,209.866,0.170834
262.3000,0.381154,210.148,0.174844
262.2000,0.503684,209.471,0.165222
262.1000,0.978448,210.161,0.175037
262.0000,-0.00479459,209.834,0.170382
261.9000,0.646398,209.548,0.166319
261.8000,-0.514455,209.65,0.167771
261.7000,0.543617,209.597,0.167013
261.6000,0.766704,209.712,0.168642
261.5000,1.1102,209.901,0.171333
261.4000,0.203289,209.517,0.165867
261.3000,1.49092,209.753,0.169238
261.2000,1.21581,210.562,0.18073
261.1000,0.246734,210.377,0.178093
261.0000,1.70124,209.862,0.170785
260.9000,-0.187576,209.792,0.169786
260.8000,-0.408114,209.619,0.167319
260.7000,2.33717,210.621,0.181565
260.6000,0.190947,210.016,0.172976
260.5000,1.31901,209.687,0.168287
260.4000,-1.19727,209.452,0.164948
260.3000,2.44663,209.972,0.172348
260.2000,-0.232381,210.507,0.179942
260.1000,2.45553,210.186,0.175391
260.0000,-0.573979,210.369,0.177981
259.9000,0.711964,210.694,0.182593
259.8000,0.639354,209.887,0.17114
259.7000,1.66277,209.705,0.168545
259.6000,0.724794,210.244,0.176211
259.5000,0.266269,209.91,0.171462
259.4000,1.95038,211.086,0.188146
259.3000,0.649391,210.245,0.176228
259.2000,1.00137,210.369,0.177981
259.1000,-0.404162,209.835,0.170398
259.0000,2.29736,209.88,0.171043
258.9000,0.599366,210.161,0.175037
258.8000,0.284452,210.788,0.183926
258.7000,1.28635,210.027,0.173121
258.6000,0.462938,211.053,0.187681
258.5000,0.57006,211.078,0.188034
258.4000,-1.10027,210.773,0.183717
258.3000,0.876755,210.261,0.176453
258.2000,1.68563,211.89,0.199514
258.1000,0.19941,210.951,0.186237
258.0000,-0.185099,211.034,0.187408
257.9000,0.377028,211.118,0.188595
257.8000,1.52942,210.839,0.184648
257.7000,0.393294,210.752,0.183412
257.6000,1.41043,211.991,0.200936
257.5000,-0.294812,210.906,0.185595
257.4000,1.5763,210.593,0.181163
257.3000,0.281812,210.758,0.183508
257.2000,-1.52547,211.111,0.188499
257.1000,2.27817,211.126,0.188707
257.0000,-0.184635,210.925,0.185868
256.9000,3.19744,210.752,0.183412
256.8000,0.145225,211.611,0.195563
256.7000,-1.15105,211.859,0.199066
256.6000,1.58881,212.115,0.202678
256.5000,-0.600797,211.367,0.192121
256.4000,1.43495,210.684,0.182448
256.3000,1.62601,211.102,0.18837
256.2000,-1.07975,211.548,0.194683
256.1000,1.8749,211.102,0.18837
256.0000,0.902998,210.89,0.185371
255.9000,-0.632749,210.977,0.186606
255.8000,1.29857,210.754,0.183444
255.7000,-0.301008,211.144,0.188963
255.6000,-0.699443,211.493,0.193898
255.5000,2.03516,211.365,0.192088
255.4000,1.23614,211.681,0.196555
255.3000,-0.0521406,211.608,0.195531
255.2000,0.0611595,211.86,0.199082
255.1000,0.230039,211.489,0.19385
255.0000,-0.184004,211.272,0.190775
254.9000,-0.000956615,211.836,0.198746
254.8000,2.38498,212.306,0.205376
254.7000,-0.41285,211.689,0.196667
254.6000,0.362389,211.81,0.198379
254.5000,1.00677,211.709,0.196955
254.4000,0.109014,211.879,0.199354
254.3000,0.977868,211.956,0.200441
254.2000,1.09855,212.577,0.209188
254.1000,-0.0830834,212.511,0.208264
254.0000,0.755508,211.986,0.200856
253.9000,0.0948332,211.811,0.198394
253.8000,-0.367923,211.913,0.199833
253.7000,0.191658,211.872,0.199258
253.6000,2.71486,212.464,0.207594
253.5000,0.693582,212.218,0.204131
253.4000,1.0857,211.52,0.194283
253.3000,1.0671,211.922,0.199961
253.2000,-1.54296,212.77,0.211898
253.1000,0.518456,211.631,0.195851
253.0000,-1.57457,212.222,0.204195
252.9000,-0.28036,212.383,0.206461
252.8000,1.44043,212.561,0.208965
252.7000,-0.780339,212.595,0.209444
252.6000,1.15035,212.694,0.21083
252.5000,0.35588,213.127,0.216913
252.4000,-0.230518,212.62,0.209794
252.3000,3.31557,213.425,0.221095
252.2000,1.47145,212.934,0.214207
252.1000,1.11131,211.842,0.198826
252.0000,0.488486,213.012,0.215305
251.9000,-0.445788,212.838,0.212853
251.8000,-0.845148,212.646,0.210161
251.7000,1.34816,212.684,0.210687
251.6000,-0.430375,212.039,0.201607
251.5000,1.21701,212.264,0.204785
251.4000,1.36472,212.535,0.208598
251.3000,-0.779348,212.727,0.211292
251.2000,0.581413,213.121,0.216833
251.1000,2.8271,212.529,0.208519
251.0000,1.66394,212.299,0.20528
250.9000,-1.20615,212.637,0.210033
250.8000,0.317108,213.197,0.217899
250.7000,-0.0721902,212.911,0.213889
250.6000,0.0138725,213.565,0.223065
250.5000,1.02594,213.746,0.225605
250.4000,-0.423253,213.267,0.218885
250.3000,1.20187,213.751,0.225669
250.2000,2.0625,213.912,0.227922
250.1000,-0.408961,213.791,0.226224
250.0000,0.645568,213.119,0.216801
249.9000,-0.313594,213.684,0.224732
249.8000,1.24805,213.191,0.21782
249.7000,1.67526,213.953,0.228492
249.6000,1.45331,213.374,0.220379
249.5000,0.961012,213.259,0.218774
249.4000,0.870089,213.653,0.224303
249.3000,0.566024,214.034,0.229634
249.2000,-0.423739,213.227,0.218328
249.1000,0.92068,214.229,0.23236
249.0000,1.67101,213.828,0.226747
248.9000,0.969133,213.895,0.227684
248.8000,1.30452,213.259,0.218774
248.7000,1.40873,214.069,0.230126
248.6000,0.711498,214.134,0.231029
248.5000,1.16295,213.068,0.216085
248.4000,0.0920057,213.801,0.226367
248.3000,-1.02463,213.692,0.224843
248.2000,1.3871,213.957,0.228556
248.1000,0.552279,213.69,0.224811
248.0000,0.773938,214.191,0.231821
247.9000,-0.352595,214.231,0.232392
247.8000,-0.115889,214.188,0.23179
247.7000,-1.40606,213.418,0.220999
247.6000,0.48148,214.159,0.231378
247.5000,0.559451,214.5,0.236144
247.4000,0.114674,214.394,0.234672
247.3000,-0.533443,213.98,0.228873
247.2000,1.53161,214.237,0.232471
247.1000,0.4282,214.008,0.22927
247.0000,-1.46561,214.759,0.239767
246.9000,0.365861,214.61,0.237679
246.8000,-0.56234,214.485,0.235939
246.7000,-0.0606241,214.252,0.232677
246.6000,1.64291,214.623,0.237869
246.5000,-0.065714,214.901,0.241743
246.4000,-0.481103,214.998,0.243101
246.3000,-1.39892,214.918,0.24198
246.2000,0.770454,214.681,0.238676
246.1000,0.465473,215.154,0.245264
246.0000,0.00294797,214.903,0.241774
245.9000,0.238834,214.77,0.239909
245.8000,-1.2579,214.777,0.24002
245.7000,-0.332793,215.13,0.244933
245.6000,-0.532062,215.026,0.24348
245.5000,0.991374,215.377,0.248373
245.4000,-1.67958,214.838,0.240857
245.3000,0.0945553,215.052,0.243843
245.2000,0.102582,214.987,0.242943
245.1000,-1.01223,215.821,0.254551
245.0000,1.09325,214.949,0.242406
244.9000,-0.0669523,215.027,0.243496
244.8000,0.330447,215.507,0.250186
244.7000,-1.87598,215.371,0.248294
244.6000,-0.206364,216.228,0.260199
244.5000,-0.052617,215.942,0.256235
244.4000,-2.15452,215.798,0.254236
244.3000,-2.49908,215.312,0.247474
244.2000,-2.12671,215.755,0.253637
244.1000,0.248139,216.143,0.25902
244.0000,-1.25388,216.364,0.262085
243.9000,-1.27815,216.337,0.261708
243.8000,-0.974642,215.86,0.255086
243.7000,-3.1756,216.084,0.258202
243.6000,-2.50219,215.799,0.254251
243.5000,-0.81638,216.471,0.263578
243.4000,-2.04555,216.505,0.264049
243.3000,0.997995,216.585,0.265148
243.2000,-2.78993,216.165,0.259334
243.1000,-4.07328,216.337,0.261708
243.0000,-1.36261,216.175,0.25946
242.9000,-1.53317,215.624,0.25181
242.8000,-1.62404,216.47,0.263562
242.7000,0.124036,216.547,0.26463
242.6000,-0.765924,216.989,0.270749
242.5000,-1.69737,216.462,0.263452
242.4000,-1.80926,216.84,0.268679
242.3000,-2.5445,216.956,0.270294
242.2000,-3.47119,216.524,0.2643
242.1000,-2.95836,216.601,0.265368
242.0000,-1.33667,216.47,0.263562
241.9000,-2.15994,217.303,0.275088
241.8000,-3.52244,217.58,0.278907
241.7000,-3.4296,217.558,0.27861
241.6000,-1.83799,217.929,0.283721
241.5000,-2.56508,217.684,0.280345
241.4000,-3.35673,217.428,0.27681
241.3000,-3.36938,217.041,0.27147
241.2000,-2.68681,217.908,0.28344
241.1000,-4.3898,216.826,0.26849
241.0000,-2.06564,218.392,0.290104
240.9000,-2.58805,217.692,0.280455
240.8000,-2.39554,218.2,0.287468
240.7000,-3.10319,218.137,0.286594
240.6000,-1.63643,218.038,0.285236
240.5000,-5.43508,218.087,0.285907
240.4000,-3.04801,218.849,0.296383
240.3000,-1.78621,218.236,0.287952
240.2000,-4.28244,218.378,0.289917
240.1000,-2.41288,218.812,0.295885
240.0000,-6.0163,218.492,0.291476
239.9000,-3.25267,218.738,0.294857
239.8000,-2.47962,218.707,0.294436
239.7000,-4.61532,219.319,0.302837
239.6000,-5.37277,218.85,0.296398
239.5000,-4.63772,218.653,0.293689
239.4000,-5.41594,218.919,0.297348
239.3000,-3.94727,219.879,0.310505
239.2000,-5.9139,219.787,0.309249
239.1000,-5.8154,219.973,0.311792
239.0000,-6.11492,219.876,0.310474
238.9000,-4.53467,220.306,0.316346
238.8000,-3.79407,220.213,0.315076
238.7000,-5.0676,219.758,0.308861
238.6000,-5.75382,220.024,0.312489
238.5000,-6.68726,220.228,0.315278
238.4000,-4.71567,221.007,0.325916
238.3000,-7.10693,220.328,0.316656
238.2000,-6.79596,220.983,0.325592
238.1000,-5.07486,220.928,0.324835
238.0000,-4.95629,221.227,0.328911
237.9000,-5.95192,221.272,0.329528
237.8000,-7.94625,221.098,0.327152
237.7000,-6.87932,221.536,0.33312
237.6000,-7.73414,221.08,0.326905
237.5000,-6.58617,221.42,0.331533
237.4000,-8.77588,221.225,0.32888
237.3000,-7.92058,221.929,0.338464
237.2000,-7.69509,221.508,0.332735
237.1000,-7.57247,221.568,0.333552
237.0000,-7.53335,222.519,0.346457
236.9000,-7.96906,222.386,0.34466
236.8000,-9.20443,222.367,0.344399
236.7000,-7.09885,222.325,0.34383
236.6000,-7.56946,222.195,0.342063
236.5000,-8.04361,222.234,0.342601
236.4000,-9.65723,222.727,0.349281
236.3000,-8.37717,223.123,0.354632
236.2000,-8.34695,222.176,0.341817
236.1000,-8.92652,223.597,0.361045
236.0000,-9.27468,222.734,0.349373
235.9000,-11.6092,224.139,0.368348
235.8000,-8.26798,223.476,0.359408
235.7000,-8.82207,223.919,0.365386
235.6000,-10.2767,223.776,0.36346
235.5000,-8.21042,223.7,0.362436
235.4000,-11.3527,224.373,0.371506
235.3000,-10.423,223.63,0.361488
235.2000,-11.8606,224.552,0.373914
235.1000,-11.2252,224.677,0.37559
235.0000,-11.2172,224.235,0.369645
234.9000,-10.7129,224.905,0.378651
234.8000,-10.6504,225.569,0.387559
234.7000,-12.542,225.228,0.382986
234.6000,-11.7454,225.875,0.391656
234.5000,-11.5853,225.247,0.383244
234.4000,-12.2647,225.946,0.392611
234.3000,-12.543,226.08,0.3944
234.2000,-11.8269,226.501,0.400033
234.1000,-12.3271,226.097,0.394627
234.0000,-14.1851,226.141,0.395218
233.9000,-13.2968,226.685,0.402484
233.8000,-14.247,226.173,0.395642
233.7000,-13.9556,226.581,0.401092
233.6000,-14.5386,227.157,0.408784
233.5000,-14.9613,227.829,0.417724
233.4000,-16.711,227.48,0.413083
233.3000,-14.8348,228.202,0.422675
233.2000,-12.7242,227.894,0.418582
233.1000,-15.0192,227.071,0.407636
233.0000,-17.0408,227.901,0.418673
232.9000,-15.3343,228.411,0.425441
232.8000,-13.0687,228.57,0.427559
232.7000,-15.4535,228.128,0.421697
232.6000,-18.4547,228.586,0.427769
232.5000,-17.7234,228.739,0.429796
232.4000,-15.2919,228.492,0.426523
232.3000,-17.776,229.461,0.439345
232.2000,-16.1979,229.099,0.434566
232.1000,-18.4717,229.076,0.434251
232.0000,-18.7216,229.711,0.442651
231.9000,-18.4519,230.276,0.450092
231.8000,-21.6473,229.958,0.44591
231.7000,-20.6217,230.035,0.446926
231.6000,-16.9138,230.24,0.449629
231.5000,-19.6387,230.562,0.453867
231.4000,-18.1174,230.901,0.458322
231.3000,-18.3517,230.756,0.456415
231.2000,-21.593,230.787,0.456818
231.1000,-19.2269,231.087,0.460764
231.0000,-21.6938,231.813,0.470292
230.9000,-22.0475,231.563,0.46701
230.8000,-19.4739,231.611,0.467648
230.7000,-21.1112,230.729,0.456058
230.6000,-22.1934,231.444,0.465449
230.5000,-19.0634,231.323,0.463858
230.4000,-22.5313,231.42,0.465137
230.3000,-21.2751,231.982,0.472503
230.2000,-23.8194,231.638,0.46799
230.1000,-21.6842,232.001,0.472755
230.0000,-21.275,231.505,0.466251
229.9000,-24.1559,231.645,0.468094
229.8000,-21.9322,232.091,0.473927
229.7000,-21.5905,233.079,0.486835
229.6000,-23.0339,232.773,0.482843
229.5000,-24.9414,232.488,0.479128
229.4000,-24.3004,233.14,0.487633
229.3000,-25.7392,233.258,0.48917
229.2000,-23.8483,233.649,0.494261
229.1000,-24.1076,233.772,0.495869
229.0000,-24.3766,234.617,0.506849
228.9000,-22.6937,234.048,0.499449
228.8000,-24.6133,234.101,0.500141
228.7000,-27.2449,234.228,0.50179
228.6000,-25.8079,234.332,0.503143
228.5000,-24.3965,234.672,0.507555
228.4000,-26.391,234.639,0.507129
228.3000,-27.6059,235.152,0.51378
228.2000,-27.123,235.43,0.517372
228.1000,-28.4596,236.056,0.525468
228.0000,-26.307,236.021,0.525015
227.9000,-24.83,236.225,0.527647
227.8000,-28.937,235.441,0.517519
227.7000,-26.0517,236.673,0.533415
227.6000,-25.8885,235.959,0.524211
227.5000,-31.2681,236.936,0.536799
227.4000,-29.2141,237.134,0.539349
227.3000,-28.2803,237.028,0.537979
227.2000,-27.2903,237.435,0.543222
227.1000,-29.7789,237.45,0.543412
227.0000,-28.9738,237.9,0.549184
226.9000,-27.3526,237.568,0.544925
226.8000,-29.0347,237.946,0.54978
226.7000,-28.2296,237.441,0.543295
226.6000,-30.3335,238.07,0.551363
226.5000,-28.5244,238.012,0.550623
226.4000,-28.6196,238.835,0.561152
226.3000,-29.9514,238.775,0.560385
226.2000,-31.8893,239.061,0.564048
226.1000,-29.2831,238.736,0.559892
226.0000,-29.2276,239.349,0.567722
225.9000,-30.885,239.406,0.568444
225.8000,-29.9682,239.694,0.572114
225.7000,-31.8728,240.041,0.576544
225.6000,-32.9463,240.396,0.581056
225.5000,-29.494,240.702,0.584943
225.4000,-30.5821,239.968,0.575607
225.3000,-32.8173,240.541,0.582899
225.2000,-30.4051,241.099,0.589976
225.1000,-29.1423,240.732,0.585317
225.0000,-31.8387,242.106,0.60273
224.9000,-31.2694,241.493,0.594974
224.8000,-34.3669,242.445,0.607009
224.7000,-31.6622,242.142,0.603188
224.6000,-33.6913,242.141,0.603174
224.5000,-34.1484,242.233,0.604333
224.4000,-30.9754,242.861,0.612255
224.3000,-32.9528,242.822,0.611769
224.2000,-33.8018,242.853,0.612155
224.1000,-33.4075,242.538,0.608182
224.0000,-33.4834,242.822,0.611769
223.9000,-30.9831,242.496,0.607653
223.8000,-32.1438,242.949,0.613369
223.7000,-32.7882,243.411,0.619191
223.6000,-32.1997,243.373,0.618706
223.5000,-35.2322,244.157,0.62856
223.4000,-34.3298,244.019,0.626825
223.3000,-36.1139,244.27,0.629982
223.2000,-35.1104,244.638,0.634599
223.1000,-33.5471,244.906,0.637948
223.0000,-32.6135,244.408,0.631716
222.9000,-32.2488,245.071,0.640019
222.8000,-35.6475,245.717,0.648091
222.7000,-33.1508,245.014,0.63931
222.6000,-34.9747,245.57,0.646252
222.5000,-33.1592,246.15,0.653491
222.4000,-33.251,245.444,0.64468
222.3000,-31.6418,246.907,0.662915
222.2000,-33.4981,245.862,0.649902
222.1000,-33.8907,246.446,0.657176
222.0000,-32.533,246.449,0.657218
221.9000,-32.2035,246.966,0.663648
221.8000,-33.3862,247.103,0.665352
221.7000,-31.595,247.163,0.666098
221.6000,-32.8429,247.804,0.674058
221.5000,-31.0191,247.883,0.675041
221.4000,-35.4371,247.406,0.669124
221.3000,-33.5081,248.133,0.678129
221.2000,-33.8169,247.977,0.676207
221.1000,-31.8492,248.857,0.687085
221.0000,-32.0209,249.385,0.693603
220.9000,-34.3858,248.894,0.687547
220.8000,-34.3302,249.191,0.691213
220.7000,-32.6033,249.737,0.697947
220.6000,-33.2994,250.346,0.705434
220.5000,-34.0032,249.175,0.691017
220.4000,-33.3599,250.418,0.706326
220.3000,-33.9678,250.153,0.703065
220.2000,-36.219,250.661,0.709305
220.1000,-29.9343,249.829,0.699077
220.0000,-34.354,250.682,0.709569
219.9000,-35.1647,250.62,0.708804
219.8000,-33.6812,251.098,0.714672
219.7000,-33.7542,251.529,0.719948
219.6000,-33.3605,250.821,0.71128
219.5000,-33.6423,251.028,0.71381
219.4000,-32.2742,252.158,0.727655
219.3000,-33.5728,252.341,0.729884
219.2000,-35.6058,251.591,0.720711
219.1000,-32.8691,252.285,0.729205
219.0000,-34.266,253.744,0.746976
218.9000,-34.7769,252.231,0.728541
218.8000,-31.1812,252.587,0.732886
218.7000,-34.6133,253.099,0.73913
218.6000,-35.5546,254.046,0.750652
218.5000,-33.871,253.5,0.744013
218.4000,-33.2603,254.71,0.758708
218.3000,-35.9839,254.507,0.756249
218.2000,-32.5874,254.019,0.750322
218.1000,-33.9374,255.17,0.764279
218.0000,-30.919,254.724,0.758873
217.9000,-33.4714,254.882,0.760794
217.8000,-32.9129,255.429,0.767403
217.7000,-33.3431,255.494,0.768198
217.6000,-33.933,256.289,0.777787
217.5000,-32.8107,255.561,0.769006
217.4000,-36.8343,255.865,0.772674
217.3000,-32.3709,256.449,0.779726
217.2000,-32.9657,256.786,0.78378
217.1000,-32.4618,257.149,0.788142
217.0000,-32.0242,257.096,0.787515
216.9000,-34.1788,256.614,0.781706
216.8000,-30.986,257.375,0.790865
216.7000,-34.5673,257.538,0.792825
216.6000,-30.495,258.141,0.800057
216.5000,-33.2753,258.052,0.798984
216.4000,-34.8615,258.533,0.804753
216.3000,-33.4309,258.537,0.804793
216.2000,-34.1354,258.939,0.809605
216.1000,-32.5224,258.372,0.802826
216.0000,-32.144,259.358,0.814614
215.9000,-35.6317,260.09,0.823342
215.8000,-33.0652,259.665,0.818278
215.7000,-32.906,260.211,0.824786
215.6000,-31.7493,259.494,0.816236
215.5000,-32.9781,259.961,0.821803
215.4000,-29.0942,259.809,0.819993
215.3000,-29.3343,259.927,0.821398
215.2000,-33.8133,261.021,0.834419
215.1000,-33.7961,260.775,0.831498
215.0000,-33.2631,261.361,0.838453
214.9000,-34.9809,261.147,0.835912
214.8000,-31.232,261.669,0.842108
214.7000,-32.3805,261.584,0.841101
214.6000,-36.72,262.04,0.846496
214.5000,-29.8496,262.387,0.850598
214.4000,-28.7239,262.956,0.857318
214.3000,-36.4436,262.243,0.848896
214.2000,-32.1262,263.061,0.858561
214.1000,-31.5773,264.095,0.870747
214.0000,-30.6367,263.308,0.861475
213.9000,-33.3023,263.419,0.862784
213.8000,-33.9618,263.742,0.866588
213.7000,-34.8369,264.442,0.874823
213.6000,-38.0329,264.44,0.874796
213.5000,-32.7428,264.672,0.877524
213.4000,-30.7715,264.76,0.878561
213.3000,-34.1365,265.028,0.881699
213.2000,-33.0022,265.232,0.884089
213.1000,-31.835,265.614,0.888561
213.0000,-31.5728,266.15,0.89483
212.9000,-36.255,265.898,0.891889
212.8000,-34.6058,265.581,0.888177
212.7000,-31.1124,266.017,0.89328
212.6000,-33.6447,266.835,0.902831
212.5000,-35.8857,267.161,0.906634
212.4000,-33.3965,267.714,0.91307
212.3000,-35.0411,268.068,0.917178
212.2000,-33.421,268.176,0.918429
212.1000,-33.7993,268.535,0.922597
212.0000,-33.2705,269.104,0.929189
211.9000,-35.2764,269.408,0.932716
211.8000,-33.1795,270.246,0.94239
211.7000,-33.1412,269.559,0.934459
211.6000,-34.1112,269.687,0.935939
211.5000,-34.6051,270.899,0.949926
211.4000,-34.2555,270.94,0.950396
211.3000,-34.1808,270.991,0.950983
211.2000,-34.8905,270.932,0.950304
211.1000,-41.8498,271.159,0.952913
211.0000,-39.2893,272.212,0.965005
210.9000,-36.8914,271.41,0.955806
210.8000,-33.9083,273.187,0.976177
210.7000,-31.3148,272.84,0.97221
210.6000,-35.139,273.733,0.982416
210.5000,-35.5093,273.884,0.984136
210.4000,-32.885,273.849,0.983736
210.3000,-38.2414,274.107,0.986683
210.2000,-38.6876,274.652,0.992892
210.1000,-34.7168,275.577,1.0034
210.0000,-38.1199,275.129,0.998319
209.9000,-37.7911,275.046,0.997378
209.8000,-34.3291,275.827,1.00624
209.7000,-40.8646,276.521,1.0141
209.6000,-40.4148,277.435,1.02444
209.5000,-35.3849,277.367,1.02367
209.4000,-35.5412,277.961,1.03037
209.3000,-37.471,278.384,1.03514
209.2000,-34.311,279.085,1.04302
209.1000,-38.8715,278.618,1.03777
209.0000,-38.9313,278.413,1.03546
208.9000,-38.6122,279.009,1.04217
208.8000,-35.339,280.128,1.05472
208.7000,-36.4074,280.08,1.05418
208.6000,-38.1023,281.531,1.0704
208.5000,-34.9862,282.249,1.0784
208.4000,-39.6625,281.841,1.07386
208.3000,-34.6955,281.869,1.07416
208.2000,-35.8232,282.894,1.08557
208.1000,-36.6453,283.173,1.08867
208.0000,-34.08,284.099,1.09893
207.9000,-36.5883,283.65,1.09396
207.8000,-34.6688,284.573,1.10418
207.7000,-38.5407,285.579,1.11528
207.6000,-32.2958,285.099,1.10998
207.5000,-33.3727,286.875,1.12953
207.4000,-33.1613,286.853,1.12929
207.3000,-35.5009,287.761,1.13924
207.2000,-35.3067,287.961,1.14144
207.1000,-41.6618,287.994,1.1418
207.0000,-33.1111,288.537,1.14773
206.9000,-37.0218,288.842,1.15106
206.8000,-33.3782,289.325,1.15634
206.7000,-26.8421,290.975,1.17428
206.6000,-30.9042,290.77,1.17206
206.5000,-31.881,291.91,1.18441
206.4000,-30.1066,291.701,1.18216
206.3000,-32.6348,292.576,1.19162
206.2000,-28.785,292.476,1.19054
206.1000,-34.4295,293.376,1.20025
206.0000,-30.4211,294.128,1.20835
205.9000,-25.8456,294.68,1.21428
205.8000,-30.0808,295.356,1.22152
205.7000,-29.5621,296.226,1.23083
205.6000,-28.2511,296.917,1.23821
205.5000,-27.2272,298.111,1.25093
205.4000,-30.1209,297.872,1.24839
205.3000,-25.4359,298.631,1.25646
205.2000,-31.4103,299.312,1.26369
205.1000,-25.0968,300.198,1.27306
205.0000,-25.5784,300.015,1.27112
204.9000,-27.6561,300.717,1.27855
204.8000,-27.3721,302.236,1.29454
204.7000,-19.4892,302.154,1.29368
204.6000,-17.1713,302.777,1.30023
204.5000,-18.4509,303.638,1.30926
204.4000,-25.0797,304.809,1.3215
204.3000,-14.8286,305.921,1.33309
204.2000,-18.8779,306.325,1.33729
204.1000,-20.523,306.553,1.33966
204.0000,-19.4997,307.099,1.34533
203.9000,-13.2589,308.402,1.35882
203.8000,-19.967,310.249,1.37786
203.7000,-17.6888,310.449,1.37993
203.6000,-15.2742,311.28,1.38845
203.5000,-12.1493,311.516,1.39088
203.4000,-11.1984,312.366,1.39958
203.3000,-13.0333,313.027,1.40633
203.2000,-13.5992,314.838,1.42478
203.1000,-11.2183,314.787,1.42426
203.0000,-11.2883,315.121,1.42765
202.9000,-14.2248,315.872,1.43527
202.8000,-10.4252,317.568,1.45242
202.7000,-10.0361,317.44,1.45113
202.6000,-11.6482,319.016,1.467
202.5000,-7.60973,318.633,1.46315
202.4000,-13.7419,320.518,1.48206
202.3000,-12.9455,320.831,1.4852
202.2000,-4.51285,322.7,1.50384
202.1000,-4.72429,322.457,1.50143
202.0000,-5.40301,325.312,1.52975
201.9000,-1.04534,325.167,1.52831
201.8000,1.48147,326.464,1.54112
201.7000,4.24436,327.137,1.54775
201.6000,-2.43606,328.37,1.55986
201.5000,-0.540241,329.143,1.56744
201.4000,-0.14017,330.175,1.57753
201.3000,7.76814,331.483,1.59029
201.2000,10.1765,331.647,1.59188
201.1000,5.03031,333.164,1.60661
201.0000,3.9446,333.958,1.6143
200.9000,9.88484,335.074,1.62508
200.8000,8.03531,335.809,1.63216
200.7000,11.7155,336.947,1.6431
200.6000,10.2027,337.826,1.65153
200.5000,9.97856,338.928,1.66207
200.4000,20.7331,340.156,1.67378
200.3000,21.737,341.127,1.68302
200.2000,13.5121,342.425,1.69534
200.1000,18.1089,343.748,1.70784
200.0000,25.8385,344.94,1.71908
199.9000,24.07,345.655,1.72581
199.8000,24.5218,347.311,1.74134
199.7000,23.0012,348.409,1.75161
199.6000,14.6457,349.915,1.76564
199.5000,25.4868,349.756,1.76416
199.4000,19.2911,350.987,1.77559
199.3000,21.2579,352.037,1.78533
199.2000,24.6965,352.828,1.79264
199.1000,27.6837,353.983,1.80329
199.0000,27.5774,354.717,1.81005
198.9000,24.4524,356.111,1.82284
198.8000,28.697,357.147,1.83233
198.7000,21.4992,358.053,1.8406
198.6000,26.4324,359.461,1.85343
198.5000,28.0866,361.083,1.86815
198.4000,28.3474,362.102,1.87738
198.3000,37.0533,363.623,1.8911
198.2000,43.1054,365.38,1.90689
198.1000,29.5712,365.797,1.91063
198.0000,38.1963,366.627,1.91806
197.9000,39.4854,367.859,1.92907
197.8000,34.4504,369.311,1.942
197.7000,42.906,370.25,1.95034
197.6000,43.8995,371.493,1.96135
197.5000,45.6025,372.306,1.96853
197.4000,43.9353,373.246,1.97683
197.3000,40.363,374.984,1.99211
197.2000,45.0779,375.32,1.99505
197.1000,48.929,377.17,2.01125
197.0000,30.3423,379.276,2.0296
196.9000,40.1634,380.005,2.03593
196.8000,51.9268,379.566,2.03212
196.7000,52.0349,381.956,2.05283
196.6000,52.3559,383.351,2.06487
196.5000,36.8079,385.181,2.0806
196.4000,50.655,385.303,2.08165
196.3000,42.0262,387.04,2.09653
196.2000,37.0143,388.001,2.10473
196.1000,47.2944,389.681,2.11904
196.0000,47.6801,390.358,2.12478
195.9000,51.4764,391.752,2.1366
195.8000,42.8262,392.436,2.14238
195.7000,44.7334,394.836,2.1626
195.6000,57.1864,395.096,2.16479
195.5000,55.3423,396.018,2.17253
195.4000,51.7368,397.344,2.18363
195.3000,52.2776,398.339,2.19194
195.2000,48.3692,399.291,2.19987
195.1000,46.2728,399.96,2.20544
195.0000,45.6551,401.398,2.21738
194.9000,48.9239,401.743,2.22023
194.8000,51.9425,402.907,2.22987
194.7000,53.6779,404.672,2.24442
194.6000,40.3361,404.963,2.24682
194.5000,40.2483,406.563,2.25996
194.4000,51.6947,406.512,2.25954
194.3000,49.5415,408.105,2.27259
194.2000,43.8429,408.466,2.27554
194.1000,43.9524,410.123,2.28905
194.0000,50.2462,410.653,2.29336
193.9000,45.0785,411.408,2.29949
193.8000,50.2161,412.335,2.30701
193.7000,46.2128,414.583,2.32519
193.6000,47.6714,415.563,2.33309
193.5000,46.2313,415.922,2.33598
193.4000,42.3945,417.116,2.34558
193.3000,57.4932,417.504,2.34868
193.2000,63.3399,418.234,2.35454
193.1000,56.9296,419.187,2.36216
193.0000,42.99,420.342,2.37138
192.9000,44.7938,420.63,2.37368
192.8000,52.5066,421.066,2.37715
192.7000,53.5194,423.41,2.39577
192.6000,35.114,423.951,2.40005
192.5000,51.7482,425.576,2.4129
192.4000,47.64,425.136,2.40943
192.3000,56.7737,426.82,2.4227
192.2000,57.2384,427.912,2.43129
192.1000,38.2047,428.745,2.43783
192.0000,38.0931,429.724,2.4455
191.9000,42.0783,430.08,2.44828
191.8000,48.7922,430.762,2.45361
191.7000,47.3523,432.342,2.46594
191.6000,54.234,433.194,2.47257
191.5000,35.5579,433.812,2.47737
191.4000,45.2325,434.401,2.48194
191.3000,35.9995,435.22,2.48829
191.2000,44.3753,436.861,2.50097
191.1000,52.2805,438.816,2.51603
191.0000,34.8788,439.672,2.52261
190.9000,46.3853,440.272,2.52721
190.8000,42.5219,440.483,2.52884
190.7000,35.2271,442.89,2.54724
190.6000,43.5763,444.296,2.55796
190.5000,44.103,444.27,2.55776
190.4000,43.8121,445.915,2.57026
190.3000,46.685,447.785,2.58442
190.2000,46.416,447.738,2.58407
190.1000,37.459,449.101,2.59436
190.0000,39.25,450.212,2.60272

##### Extended Information
[Comments]
Sample name,CC.SJ.9_28_22_ADDITIVE_KCL_PROTEIN
Comment,TEST 1 TUBE 3
User,CARYN CARHART
Division
Company,Saint Mary's College

[Detailed Information]
Creation date,9/28/2022 2:21 PM

Data array type,Linear data array * 3
Horizontal axis,Wavelength [nm]
Vertical axis(1),CD [mdeg]
Vertical axis(2),HT [V]
Vertical axis(3),Abs
Start,320 nm
End,190 nm
Data interval,0.1 nm
Data points,1301    

[Measurement Information]
Instrument name,J-1500
Model name,J-1500
Serial No.,B051061638

Detector,PM-539
Detector S/N,B051061638
  Lock-in amp.,X mode
  HT volt,Auto

Accessory,PTC-517
Accessory S/N,B026561646
  Temperature,27.00 C
  Control sensor,Holder
  Monitor sensor,Holder

Measurement date,9/28/2022 2:21 PM

CD Overload detect,1094
Photometric mode,CD, HT, Abs
Measure range,320 - 190 nm
Data pitch,0.1 nm
CD scale,20 mdeg/0.05 dOD
FL scale,20 mdeg/0.05 dOD
D.I.T.,8 msec
Bandwidth,2.00 nm
Start mode,Immediately
Scanning mode,Continuous
Scanning speed,200 nm/min
Baseline correction,None
Shutter control,Auto
No. of cycle,1/1
N2 Flowmeter,Manual

Solvent,NaPO4 buffer

