TITLE,DS+JL Buffer
DATA TYPE,
ORIGIN,JASCO
OWNER,
DATE,22/09/29
TIME,14:57:45
SPECTROMETER/DATA SYSTEM,
LOCALE,1033
RESOLUTION,
DELTAX,-0.1
XUNITS,NANOMETERS
YUNITS,CD [mdeg]
Y2UNITS,HT [V]
Y3UNITS,ABSORBANCE
FIRSTX,  320.0000
LASTX,  190.0000
NPOINTS,    1301
FIRSTY,     1.31118
MAXY,    12.42632
MINY,    -2.86013
XYDATA
320.0000,1.31118,208.712,0.154393
319.9000,2.20923,208.405,0.150004
319.8000,2.00528,208.743,0.154831
319.7000,2.10119,208.028,0.144604
319.6000,1.98903,209.1,0.159925
319.5000,2.41228,208.727,0.154604
319.4000,1.73403,208.389,0.149778
319.3000,1.04245,208.946,0.157726
319.2000,1.37745,209.172,0.160959
319.1000,0.602258,208.932,0.157532
319.0000,0.971713,208.397,0.149891
318.9000,1.2959,208.662,0.153681
318.8000,1.27294,209.117,0.160168
318.7000,0.537697,208.793,0.155542
318.6000,1.74581,208.576,0.152451
318.5000,2.4804,207.998,0.144182
318.4000,1.03329,208.53,0.151787
318.3000,2.63728,208.335,0.149
318.2000,0.351576,209.339,0.163333
318.1000,1.66853,208.83,0.156077
318.0000,1.65149,208.804,0.155704
317.9000,2.96891,209.317,0.163027
317.8000,1.87154,209.334,0.163269
317.7000,0.680385,208.211,0.147232
317.6000,0.92008,208.747,0.154895
317.5000,3.2409,208.171,0.146648
317.4000,0.937439,208.237,0.147605
317.3000,1.43877,208.716,0.154442
317.2000,0.707129,209.335,0.163285
317.1000,2.09946,209.233,0.161831
317.0000,1.25938,209.043,0.159117
316.9000,1.13788,207.82,0.141633
316.8000,1.25334,208.41,0.150069
316.7000,1.97483,208.993,0.158406
316.6000,0.280084,209.326,0.163156
316.5000,0.513591,208.369,0.149486
316.4000,2.08539,208.71,0.154361
316.3000,3.21629,208.665,0.153714
316.2000,-0.154223,208.301,0.148513
316.1000,1.4932,208.736,0.154733
316.0000,1.92421,208.464,0.150847
315.9000,2.9522,208.564,0.152273
315.8000,2.30627,208.812,0.155818
315.7000,2.92598,208.712,0.154393
315.6000,0.755251,208.745,0.154863
315.5000,1.46356,208.139,0.146194
315.4000,3.16636,208.605,0.152855
315.3000,1.83447,208.358,0.149324
315.2000,0.732152,209.008,0.158616
315.1000,1.3246,208.838,0.15619
315.0000,0.342717,208.25,0.147784
314.9000,1.97143,208.362,0.149388
314.8000,2.32844,208.35,0.14921
314.7000,2.96119,208.472,0.150961
314.6000,1.34654,207.884,0.142542
314.5000,3.26966,208.057,0.145026
314.4000,2.71499,208.412,0.150102
314.3000,1.32191,207.43,0.136024
314.2000,0.841799,208.346,0.149162
314.1000,1.99567,207.909,0.142899
314.0000,0.178406,208.865,0.156578
313.9000,0.48219,207.981,0.143938
313.8000,-0.0242349,208.352,0.149243
313.7000,3.3618,208.435,0.150426
313.6000,2.50227,208.234,0.147557
313.5000,1.44963,207.962,0.143663
313.4000,2.81573,207.986,0.144003
313.3000,1.41278,208.393,0.149826
313.2000,3.43277,207.846,0.142006
313.1000,2.42754,207.584,0.138236
313.0000,1.81978,208.871,0.156659
312.9000,3.37235,207.669,0.139455
312.8000,1.40908,208.509,0.151495
312.7000,0.721789,208.026,0.144571
312.6000,1.07263,207.829,0.141762
312.5000,1.65562,207.585,0.138252
312.4000,1.92405,207.247,0.133404
312.3000,1.44977,208.427,0.150312
312.2000,1.99693,207.86,0.142201
312.1000,2.34292,208.232,0.147524
312.0000,2.45206,207.85,0.142055
311.9000,2.34634,207.862,0.142234
311.8000,2.88183,208.913,0.157257
311.7000,1.70402,208.184,0.146843
311.6000,1.8692,208.01,0.144344
311.5000,1.94673,208.199,0.147054
311.4000,2.50388,208.917,0.157322
311.3000,0.692608,207.528,0.137439
311.2000,1.72926,208.506,0.151447
311.1000,2.09714,207.865,0.142266
311.0000,0.840215,207.402,0.135634
310.9000,1.78154,207.848,0.142023
310.8000,2.84895,208.267,0.148027
310.7000,1.17807,208.3,0.148497
310.6000,-0.601576,207.017,0.130098
310.5000,2.02523,208.06,0.145058
310.4000,0.346699,207.624,0.138821
310.3000,2.29863,208.299,0.148481
310.2000,1.63631,207.388,0.135422
310.1000,2.02218,207.068,0.130831
310.0000,1.64882,207.068,0.130831
309.9000,1.18128,208.293,0.1484
309.8000,1.26926,208.811,0.155802
309.7000,-0.182373,208.419,0.150199
309.6000,1.45816,207.972,0.143809
309.5000,2.3947,208.101,0.145659
309.4000,3.04582,208.929,0.157484
309.3000,2.02949,207.878,0.142461
309.2000,2.0214,208.825,0.156012
309.1000,1.15198,207.893,0.142672
309.0000,0.508171,208.04,0.144783
308.9000,3.22945,208.571,0.15237
308.8000,0.657147,207.224,0.133079
308.7000,2.10995,208.833,0.156125
308.6000,1.51286,208.36,0.149356
308.5000,2.01567,208.276,0.148156
308.4000,2.67496,208.058,0.145042
308.3000,0.759655,208.123,0.145967
308.2000,1.46673,207.713,0.140089
308.1000,1.88286,208.486,0.151155
308.0000,0.684255,208.461,0.150798
307.9000,1.18466,208.27,0.148075
307.8000,2.47916,208.432,0.150393
307.7000,2.47959,208.45,0.150653
307.6000,1.65533,207.992,0.144085
307.5000,1.10128,207.977,0.143873
307.4000,0.97337,208.27,0.148075
307.3000,2.28593,208.581,0.152515
307.2000,2.50414,207.704,0.139959
307.1000,1.61441,208.248,0.147751
307.0000,3.44368,207.871,0.142364
306.9000,1.42722,207.852,0.142087
306.8000,1.96599,207.857,0.142152
306.7000,1.33157,208.014,0.144409
306.6000,1.33719,207.381,0.135325
306.5000,2.38752,207.627,0.138854
306.4000,2.58067,208.02,0.14449
306.3000,1.84396,208.159,0.146486
306.2000,0.240214,207.969,0.14376
306.1000,1.0086,207.718,0.140171
306.0000,0.673502,207.746,0.140561
305.9000,1.23402,207.502,0.137066
305.8000,1.25816,207.578,0.138155
305.7000,3.15718,208.044,0.144831
305.6000,1.50657,208.643,0.153406
305.5000,0.0091541,207.965,0.143711
305.4000,2.0777,208.578,0.152483
305.3000,2.71248,207.767,0.140869
305.2000,1.66471,207.627,0.138854
305.1000,1.99615,208.073,0.145253
305.0000,1.67473,207.95,0.143484
304.9000,3.24246,208.481,0.15109
304.8000,0.779002,207.815,0.141551
304.7000,2.38034,206.823,0.12731
304.6000,0.020756,207.437,0.136138
304.5000,2.18513,207.66,0.139325
304.4000,2.88988,208.046,0.144864
304.3000,0.758802,207.914,0.14298
304.2000,0.655393,207.734,0.140398
304.1000,1.05406,208.343,0.149113
304.0000,1.61571,207.976,0.143857
303.9000,1.95,207.636,0.138984
303.8000,1.69396,207.457,0.136415
303.7000,2.62373,207.333,0.134641
303.6000,1.38221,208.25,0.147784
303.5000,1.6878,207.654,0.139244
303.4000,0.603266,208.056,0.14501
303.3000,0.119714,207.909,0.142899
303.2000,0.034982,208.073,0.145253
303.1000,3.39802,207.681,0.139634
303.0000,1.85552,207.604,0.138529
302.9000,1.12996,208.2,0.14707
302.8000,2.93493,207.893,0.142672
302.7000,2.1101,207.192,0.132606
302.6000,1.10626,208.052,0.144945
302.5000,3.79396,207.784,0.141113
302.4000,2.56479,207.645,0.139114
302.3000,3.12764,207.928,0.143175
302.2000,1.30297,207.828,0.141746
302.1000,0.25457,208.016,0.144442
302.0000,0.181102,207.756,0.140707
301.9000,2.76016,207.641,0.139065
301.8000,0.596346,207.122,0.131613
301.7000,2.21813,207.548,0.137732
301.6000,1.58445,207.274,0.133795
301.5000,1.03873,207.721,0.140203
301.4000,0.483827,208.203,0.147119
301.3000,1.86048,208.113,0.145821
301.2000,0.777117,207.494,0.136952
301.1000,1.64796,207.577,0.138139
301.0000,1.33301,208.322,0.148821
300.9000,1.8709,207.379,0.135292
300.8000,1.52177,207.323,0.134495
300.7000,1.13684,207.788,0.141162
300.6000,0.715206,207.042,0.130456
300.5000,2.20416,207.508,0.137147
300.4000,1.94012,207.72,0.140187
300.3000,0.342898,207.687,0.139715
300.2000,0.930647,206.741,0.12612
300.1000,3.20997,206.862,0.127865
300.0000,1.1329,207.953,0.143533
299.9000,-0.828032,206.871,0.127995
299.8000,2.02132,207.085,0.131075
299.7000,2.26152,207.371,0.135178
299.6000,0.400974,207.145,0.131939
299.5000,1.73341,207.86,0.142201
299.4000,1.76137,206.962,0.129299
299.3000,1.30305,207.444,0.136236
299.2000,2.11774,207.411,0.135764
299.1000,0.0364919,206.928,0.12881
299.0000,1.9933,207.733,0.140382
298.9000,1.13322,207.536,0.137553
298.8000,2.75671,207.621,0.138773
298.7000,0.368898,207.555,0.13783
298.6000,2.52733,206.981,0.129577
298.5000,2.47496,207.649,0.139179
298.4000,-1.2116,207.674,0.139537
298.3000,1.12305,207.188,0.132557
298.2000,2.17144,207.083,0.131043
298.1000,0.901587,207.124,0.131629
298.0000,2.38863,207.854,0.14212
297.9000,1.2892,208.035,0.144701
297.8000,2.55489,207.44,0.136171
297.7000,2.1736,207.261,0.1336
297.6000,0.801697,208.125,0.146
297.5000,1.52064,206.649,0.124798
297.4000,2.88295,207.619,0.13874
297.3000,1.54127,207.286,0.133958
297.2000,2.20576,207.533,0.137505
297.1000,1.2391,207.286,0.133958
297.0000,1.17088,207.154,0.132069
296.9000,1.67463,207.469,0.136594
296.8000,0.599971,207.059,0.130701
296.7000,2.67878,207.002,0.129886
296.6000,2.22778,206.909,0.128549
296.5000,-0.570499,206.846,0.127637
296.4000,2.92788,206.792,0.126854
296.3000,3.12398,208.249,0.147767
296.2000,0.85116,207.968,0.143744
296.1000,2.26997,207.204,0.132786
296.0000,0.262719,207.771,0.140918
295.9000,2.33413,206.993,0.129756
295.8000,0.462694,207.35,0.134885
295.7000,0.902174,206.085,0.116662
295.6000,2.51736,207.017,0.130098
295.5000,2.1792,208.053,0.144961
295.4000,0.504239,207.619,0.13874
295.3000,1.82959,207.462,0.136496
295.2000,3.0865,207.074,0.130913
295.1000,4.1165,207.721,0.140203
295.0000,1.07469,206.734,0.126022
294.9000,2.19151,206.802,0.127
294.8000,2.67332,207.542,0.137635
294.7000,2.29238,207.198,0.132704
294.6000,1.99666,207.186,0.132525
294.5000,1.08619,207.402,0.135634
294.4000,0.594649,206.922,0.128729
294.3000,-0.205231,206.481,0.122382
294.2000,1.41525,207.72,0.140187
294.1000,0.894819,207.205,0.132802
294.0000,1.46774,207.008,0.129967
293.9000,0.172993,206.885,0.128191
293.8000,-0.524168,206.971,0.12943
293.7000,0.602418,206.621,0.12439
293.6000,1.8316,207.06,0.130717
293.5000,2.60318,207.206,0.132818
293.4000,1.94358,207.166,0.132232
293.3000,2.02087,205.877,0.113668
293.2000,1.35414,207.054,0.130636
293.1000,1.80562,206.44,0.121794
293.0000,3.74866,206.772,0.126576
292.9000,1.09078,206.558,0.123492
292.8000,3.1077,206.415,0.121435
292.7000,3.50443,206.771,0.12656
292.6000,2.61926,206.872,0.128011
292.5000,0.852522,207.048,0.130538
292.4000,1.14233,206.847,0.127653
292.3000,1.69915,206.37,0.120781
292.2000,0.700721,206.487,0.122464
292.1000,2.37682,206.372,0.120814
292.0000,1.81991,206.329,0.120193
291.9000,0.918718,207.64,0.139049
291.8000,1.58258,206.081,0.116613
291.7000,0.354546,205.887,0.113815
291.6000,1.19976,206.397,0.121174
291.5000,0.569316,206.872,0.128011
291.4000,1.69495,206.381,0.120945
291.3000,2.313,206.512,0.122823
291.2000,2.75975,206.54,0.123231
291.1000,2.63505,206.975,0.129495
291.0000,0.687543,206.463,0.122121
290.9000,2.35167,205.995,0.11537
290.8000,2.57004,206.725,0.125891
290.7000,1.24092,206.829,0.127392
290.6000,0.299823,206.31,0.119915
290.5000,2.17395,206.849,0.127685
290.4000,1.5063,206.313,0.119965
290.3000,1.79342,206.772,0.126576
290.2000,0.509279,206.735,0.126038
290.1000,2.65603,206.093,0.116777
290.0000,2.29662,206.3,0.119768
289.9000,2.04931,206.998,0.129821
289.8000,1.52627,207.28,0.133876
289.7000,3.01134,206.64,0.124667
289.6000,0.885089,206.875,0.12806
289.5000,1.33144,207.043,0.130473
289.4000,0.665428,205.45,0.107491
289.3000,0.303396,205.96,0.114862
289.2000,1.78593,207.09,0.131141
289.1000,1.40544,206.668,0.125075
289.0000,1.1842,206.597,0.124047
288.9000,0.865019,206.645,0.124749
288.8000,1.28519,206.477,0.122317
288.7000,1.60562,206.336,0.120291
288.6000,-0.153521,207.334,0.134658
288.5000,1.49925,206.404,0.121272
288.4000,1.90329,206.469,0.122202
288.3000,3.30729,205.991,0.115304
288.2000,1.15615,207.103,0.131336
288.1000,1.39834,206.42,0.1215
288.0000,3.17144,207.145,0.131939
287.9000,0.77268,207.934,0.143257
287.8000,2.37373,207.079,0.130994
287.7000,1.60397,205.483,0.107967
287.6000,0.987631,207.316,0.134397
287.5000,1.66433,207.424,0.135943
287.4000,0.653729,206.939,0.128973
287.3000,1.40107,206.436,0.121729
287.2000,1.60218,206.991,0.129723
287.1000,2.87326,206.976,0.129511
287.0000,0.453815,205.932,0.114453
286.9000,1.67615,207.371,0.135178
286.8000,2.57739,206.503,0.122692
286.7000,3.17688,207.206,0.132818
286.6000,2.79473,206.035,0.115943
286.5000,3.68057,207.071,0.13088
286.4000,3.36878,206.525,0.123019
286.3000,-0.924172,206.16,0.117758
286.2000,1.89908,206.388,0.121043
286.1000,1.4522,206.704,0.125598
286.0000,1.07469,207.708,0.140024
285.9000,1.25638,206.647,0.124766
285.8000,2.01022,206.562,0.123541
285.7000,1.00619,206.96,0.129283
285.6000,3.10247,207.019,0.13013
285.5000,1.93645,206.959,0.129267
285.4000,1.07743,206.948,0.129104
285.3000,0.333226,206.972,0.129446
285.2000,1.09539,206.378,0.120896
285.1000,2.97333,207.624,0.138821
285.0000,1.32877,207.88,0.142493
284.9000,2.04657,206.845,0.12762
284.8000,2.46621,207.129,0.131711
284.7000,1.1565,207.013,0.130033
284.6000,1.1728,206.461,0.122088
284.5000,1.88948,206.716,0.125761
284.4000,1.5748,206.607,0.124194
284.3000,0.508456,207.504,0.137098
284.2000,0.726723,207.219,0.132997
284.1000,1.29355,206.074,0.116515
284.0000,1.58041,206.932,0.128876
283.9000,1.75206,206.293,0.11967
283.8000,1.80574,207.271,0.133746
283.7000,0.897857,205.257,0.104703
283.6000,1.39248,207.074,0.130913
283.5000,0.194876,206.623,0.124423
283.4000,0.604204,206.336,0.120291
283.3000,1.42385,205.515,0.108426
283.2000,1.2028,205.941,0.114584
283.1000,1.88358,206.764,0.126462
283.0000,1.57322,206.954,0.129185
282.9000,3.66843,207.045,0.130505
282.8000,2.35092,205.604,0.109721
282.7000,2.44792,206.504,0.122709
282.6000,0.583102,206.272,0.11936
282.5000,0.901262,206.749,0.126234
282.4000,2.66322,207.047,0.130521
282.3000,2.91379,207.934,0.143257
282.2000,1.09399,206.27,0.119343
282.1000,-0.416981,206.193,0.118232
282.0000,0.485785,207.009,0.129984
281.9000,1.16019,206.543,0.12328
281.8000,2.6359,207.768,0.140886
281.7000,2.41143,206.214,0.118526
281.6000,3.40311,206.559,0.123509
281.5000,1.43643,206.815,0.127196
281.4000,2.64587,207.518,0.137293
281.3000,0.861738,206.422,0.121533
281.2000,2.3673,206.959,0.129267
281.1000,4.32081,206.597,0.124047
281.0000,2.4369,207.083,0.131043
280.9000,2.9777,206.515,0.122872
280.8000,2.05828,206.036,0.115959
280.7000,1.3659,205.359,0.106179
280.6000,-0.0464037,206.454,0.12199
280.5000,0.241738,206.538,0.123198
280.4000,2.23129,205.523,0.108541
280.3000,1.16232,206.103,0.116924
280.2000,0.185396,206.491,0.122529
280.1000,1.83848,207.104,0.131352
280.0000,0.84532,206.191,0.118199
279.9000,0.415594,206.767,0.126495
279.8000,0.756067,206.881,0.128142
279.7000,2.68872,206.281,0.119491
279.6000,0.511743,206.517,0.122905
279.5000,0.605569,206.323,0.120095
279.4000,0.183604,206.397,0.121174
279.3000,0.086938,206.669,0.125092
279.2000,0.525451,206.78,0.126691
279.1000,1.51042,206.327,0.12016
279.0000,0.30489,206.642,0.1247
278.9000,0.485977,204.674,0.0962417
278.8000,1.37234,205.579,0.10936
278.7000,-0.723067,206.057,0.11627
278.6000,0.531037,207.099,0.131271
278.5000,0.699577,206.608,0.124211
278.4000,1.77448,206.214,0.118526
278.3000,-0.498422,206.938,0.128957
278.2000,3.27411,206.929,0.128826
278.1000,0.863657,206.88,0.128126
278.0000,2.64223,206.69,0.125385
277.9000,0.744335,206.282,0.119507
277.8000,2.35436,206.992,0.129739
277.7000,2.42262,207.226,0.133095
277.6000,0.96572,206.31,0.119915
277.5000,0.895847,206.778,0.126658
277.4000,1.69725,206.783,0.126723
277.3000,1.24628,207.401,0.135618
277.2000,1.93301,206.975,0.129495
277.1000,1.842,207.61,0.13861
277.0000,1.94445,206.409,0.121337
276.9000,0.783204,206.746,0.126201
276.8000,0.530437,206.954,0.129185
276.7000,0.166936,206.764,0.126462
276.6000,0.640133,207.016,0.130082
276.5000,2.40452,206.843,0.127587
276.4000,2.61682,205.907,0.114093
276.3000,1.58871,206.641,0.124684
276.2000,0.978386,206.31,0.119915
276.1000,0.782477,207.117,0.131532
276.0000,1.80975,206.625,0.124455
275.9000,0.0125382,206.574,0.123721
275.8000,0.652239,206.84,0.127555
275.7000,-0.460287,206.78,0.126691
275.6000,0.52653,206.591,0.123966
275.5000,-0.0233292,206.775,0.126609
275.4000,-0.0619649,206.275,0.119409
275.3000,1.06723,207.408,0.135715
275.2000,1.96222,207.55,0.137748
275.1000,0.579317,206.894,0.128321
275.0000,2.57386,206.989,0.12969
274.9000,1.89557,206.789,0.126821
274.8000,0.518478,206.513,0.122839
274.7000,1.82157,207.031,0.130293
274.6000,1.16792,207.938,0.143322
274.5000,0.525021,206.856,0.127783
274.4000,-0.128404,206.986,0.129658
274.3000,3.75359,207.29,0.134023
274.2000,1.86646,206.436,0.121729
274.1000,0.549154,206.95,0.129136
274.0000,0.0434848,206.866,0.12793
273.9000,1.87292,206.998,0.129821
273.8000,1.2441,206.734,0.126022
273.7000,1.73849,206.932,0.128876
273.6000,-0.11048,206.904,0.128468
273.5000,1.37681,206.844,0.127604
273.4000,1.29641,206.669,0.125092
273.3000,0.472883,207.239,0.13329
273.2000,2.28097,205.519,0.108492
273.1000,1.12258,207.534,0.137521
273.0000,0.166252,207.815,0.141551
272.9000,0.628109,207.153,0.132053
272.8000,0.938215,206.232,0.118788
272.7000,0.195249,207.236,0.133242
272.6000,3.22028,206.997,0.129804
272.5000,1.02588,206.849,0.127685
272.4000,1.90773,206.187,0.118134
272.3000,1.21008,207.835,0.141844
272.2000,0.730073,207.493,0.136935
272.1000,0.0928401,207.423,0.135927
272.0000,1.76405,207.058,0.130684
271.9000,1.06382,206.556,0.12346
271.8000,2.94638,207.093,0.131189
271.7000,1.39038,206.543,0.12328
271.6000,0.217764,206.977,0.129527
271.5000,2.01649,206.562,0.123541
271.4000,1.53207,207.686,0.139699
271.3000,2.43608,207.142,0.13189
271.2000,1.98583,205.785,0.112342
271.1000,0.972224,205.389,0.106606
271.0000,1.59089,207.488,0.13687
270.9000,0.0272911,208.314,0.148708
270.8000,-0.011533,206.198,0.118297
270.7000,1.8798,207.286,0.133958
270.6000,2.05823,206.979,0.129544
270.5000,2.16395,207.703,0.139943
270.4000,1.81423,207.322,0.134479
270.3000,-0.243011,207.407,0.135699
270.2000,1.24309,207.442,0.136203
270.1000,0.414486,207.679,0.139602
270.0000,1.18263,207.128,0.131695
269.9000,3.22109,207.521,0.137342
269.8000,0.599183,207.939,0.143338
269.7000,1.83896,207.721,0.140203
269.6000,0.559145,207.98,0.143922
269.5000,1.32335,207.194,0.132639
269.4000,1.01095,208.06,0.145058
269.3000,-0.938457,207.507,0.13713
269.2000,2.12325,207.571,0.138057
269.1000,-0.694573,208.037,0.144734
269.0000,-0.722069,207.578,0.138155
268.9000,1.39091,207.614,0.138675
268.8000,-0.821498,207.107,0.131385
268.7000,3.2785,207.888,0.142607
268.6000,2.98286,207.194,0.132639
268.5000,-0.00463283,207.333,0.134641
268.4000,1.68011,207.493,0.136935
268.3000,-0.108188,208.722,0.154539
268.2000,2.06331,207.383,0.135357
268.1000,0.683273,208.036,0.144718
268.0000,1.05322,207.926,0.143143
267.9000,1.00743,207.96,0.14363
267.8000,2.15855,207.929,0.143192
267.7000,0.766511,207.376,0.13526
267.6000,-0.323206,208.279,0.148205
267.5000,1.08316,207.499,0.137017
267.4000,0.677145,208.422,0.150248
267.3000,0.657296,207.996,0.14415
267.2000,1.77953,208.027,0.144588
267.1000,1.29271,207.814,0.141535
267.0000,0.846664,208.682,0.153957
266.9000,-0.0606151,207.569,0.138025
266.8000,2.59029,208.845,0.156287
266.7000,0.454959,208.75,0.154928
266.6000,2.04108,208.752,0.15496
266.5000,2.52387,207.63,0.138903
266.4000,1.64323,207.781,0.141064
266.3000,1.34671,209.246,0.162009
266.2000,1.52081,207.728,0.1403
266.1000,0.369338,208.112,0.145805
266.0000,3.02036,208.409,0.150053
265.9000,0.898584,208.146,0.146291
265.8000,0.351447,208.771,0.155235
265.7000,0.561593,208.716,0.154442
265.6000,1.69744,208.208,0.147183
265.5000,1.04577,208.771,0.155235
265.4000,0.741406,207.994,0.144117
265.3000,0.21781,207.299,0.134153
265.2000,1.57328,208.881,0.156804
265.1000,0.583397,209.164,0.160846
265.0000,2.05818,209.476,0.165287
264.9000,0.848308,207.773,0.14095
264.8000,0.345703,208.694,0.154135
264.7000,1.10689,208.016,0.144442
264.6000,1.71546,208.495,0.151285
264.5000,1.62273,208.654,0.153568
264.4000,1.26481,208.526,0.151738
264.3000,1.47746,208.42,0.150215
264.2000,3.57519,208.259,0.147913
264.1000,2.00463,210.02,0.173024
264.0000,0.36337,208.714,0.154426
263.9000,2.74301,208.779,0.155348
263.8000,2.32408,209.168,0.160895
263.7000,1.66401,208.167,0.1466
263.6000,1.38778,210.357,0.17782
263.5000,0.238922,208.772,0.155251
263.4000,0.803721,209.365,0.163705
263.3000,0.900642,208.392,0.14981
263.2000,0.590134,208.781,0.155381
263.1000,0.351272,208.72,0.154507
263.0000,0.484466,208.682,0.153957
262.9000,0.10346,209.216,0.161589
262.8000,0.816587,208.774,0.155284
262.7000,1.08283,208.863,0.156546
262.6000,1.36817,208.808,0.155769
262.5000,2.07049,209.302,0.162817
262.4000,1.23016,209.485,0.165416
262.3000,0.574833,208.989,0.158341
262.2000,2.3073,210.218,0.175841
262.1000,2.25673,209.312,0.162946
262.0000,-0.425471,209.061,0.159376
261.9000,2.49209,208.629,0.153212
261.8000,1.14284,209.298,0.162752
261.7000,2.82544,209.493,0.165529
261.6000,1.1239,209.704,0.168529
261.5000,2.13819,209.299,0.162768
261.4000,1.20445,209.512,0.165803
261.3000,1.5406,210.768,0.183637
261.2000,-0.164614,209.682,0.168222
261.1000,1.05759,209.231,0.161799
261.0000,-0.227253,209.591,0.166932
260.9000,2.56544,209.783,0.169657
260.8000,0.902379,209.222,0.16167
260.7000,-0.681603,209.255,0.162138
260.6000,0.739136,210.138,0.174699
260.5000,-1.15509,209.8,0.169899
260.4000,0.700551,209.366,0.163721
260.3000,1.94524,209.402,0.164237
260.2000,2.75675,210.025,0.173105
260.1000,-0.890975,210.002,0.172767
260.0000,2.27905,209.336,0.163301
259.9000,2.23226,209.233,0.161831
259.8000,2.69223,209.41,0.16435
259.7000,-1.01854,209.831,0.170334
259.6000,1.3211,209.971,0.172332
259.5000,1.10862,209.684,0.168255
259.4000,-0.433614,209.981,0.172477
259.3000,1.937,210.738,0.183219
259.2000,-0.0807936,209.834,0.170382
259.1000,0.813917,209.829,0.170318
259.0000,-0.364923,210.191,0.175455
258.9000,1.70602,210.072,0.173765
258.8000,2.17733,210.698,0.182657
258.7000,1.02487,210.506,0.179926
258.6000,-0.00689149,211.025,0.18728
258.5000,1.01166,209.765,0.169399
258.4000,2.56919,210.251,0.176308
258.3000,1.09757,210.108,0.17428
258.2000,2.28585,210.617,0.181501
258.1000,1.89992,210.565,0.180762
258.0000,0.918616,210.826,0.184472
257.9000,1.63511,210.734,0.183155
257.8000,-0.469941,210.915,0.185724
257.7000,2.39671,210.914,0.185708
257.6000,2.59698,210.692,0.182561
257.5000,1.70007,211.007,0.187023
257.4000,0.783165,210.263,0.176485
257.3000,1.45087,210.659,0.182095
257.2000,1.40314,211.017,0.187168
257.1000,0.748349,210.918,0.185772
257.0000,2.09315,210.62,0.181549
256.9000,0.79346,210.944,0.186141
256.8000,2.14048,210.441,0.17901
256.7000,-0.0339278,210.423,0.178752
256.6000,1.60054,211.026,0.187296
256.5000,1.18796,211.317,0.191416
256.4000,2.01915,210.789,0.183942
256.3000,-0.0609113,211.535,0.194491
256.2000,0.690699,210.894,0.185435
256.1000,2.09532,211.08,0.188066
256.0000,1.42642,211.326,0.191544
255.9000,1.33487,211.719,0.197099
255.8000,-0.0651569,210.96,0.186365
255.7000,0.256057,211.331,0.191608
255.6000,0.040647,211.48,0.193722
255.5000,1.35879,210.74,0.183251
255.4000,0.819404,211.616,0.195643
255.3000,0.585884,211.004,0.186991
255.2000,2.68345,211.422,0.192906
255.1000,1.24474,211.177,0.189428
255.0000,0.214938,211.197,0.189717
254.9000,0.930359,211.049,0.187617
254.8000,0.384684,212.174,0.203508
254.7000,0.389689,211.932,0.200105
254.6000,1.28888,211.689,0.196667
254.5000,2.22441,210.944,0.186141
254.4000,0.938607,211.171,0.189348
254.3000,1.59907,212.236,0.204386
254.2000,2.13131,211.817,0.198474
254.1000,4.30099,211.49,0.193866
254.0000,1.55013,211.808,0.198347
253.9000,1.28608,212.384,0.206477
253.8000,-0.143149,211.748,0.197499
253.7000,1.32982,211.702,0.196859
253.6000,-0.472775,211.85,0.198938
253.5000,1.69013,212.076,0.202134
253.4000,-0.105691,211.65,0.196123
253.3000,-1.78906,212.21,0.204019
253.2000,1.46287,211.82,0.198523
253.1000,1.83206,212.309,0.205408
253.0000,0.695641,212.109,0.202598
252.9000,1.93355,212.251,0.204594
252.8000,0.688151,212.609,0.209635
252.7000,1.6397,212.89,0.213586
252.6000,-0.0288642,212.663,0.2104
252.5000,2.37468,211.634,0.195899
252.4000,1.10521,212.846,0.212965
252.3000,0.601112,212.646,0.210161
252.2000,-0.167297,212.396,0.206636
252.1000,-0.251288,211.669,0.196395
252.0000,1.91452,213.205,0.21801
251.9000,0.429456,212.034,0.201544
251.8000,2.14743,212.837,0.212838
251.7000,0.874694,212.244,0.204498
251.6000,0.159046,212.625,0.209858
251.5000,0.196413,213.239,0.218487
251.4000,2.31533,213.012,0.215305
251.3000,1.48477,213.112,0.216706
251.2000,0.972089,213.416,0.220967
251.1000,-0.570734,213.533,0.22262
251.0000,0.929426,211.311,0.191336
250.9000,1.59639,213.098,0.216515
250.8000,1.68834,212.665,0.210432
250.7000,2.30502,212.86,0.213172
250.6000,-0.0142897,212.406,0.20678
250.5000,2.33069,212.858,0.21314
250.4000,-0.852301,213.027,0.215513
250.3000,2.57485,212.769,0.211882
250.2000,-1.00755,213.131,0.216976
250.1000,-0.173158,213.383,0.220507
250.0000,0.398077,213.37,0.220332
249.9000,1.5244,213.63,0.22397
249.8000,-0.654066,212.893,0.213634
249.7000,0.322538,212.516,0.208327
249.6000,1.22055,213.281,0.219076
249.5000,0.271602,212.499,0.208088
249.4000,2.12186,213.379,0.220459
249.3000,1.60267,213.956,0.22854
249.2000,1.37473,213.005,0.21521
249.1000,1.41651,213.893,0.227652
249.0000,0.667792,213.571,0.223144
248.9000,2.1944,213.144,0.217151
248.8000,1.3874,213.025,0.215481
248.7000,-0.260895,212.997,0.215099
248.6000,2.54915,213.332,0.219791
248.5000,0.945081,213.386,0.220554
248.4000,2.76967,213.197,0.217899
248.3000,0.736175,213.593,0.223462
248.2000,1.21556,213.446,0.221397
248.1000,0.61504,213.162,0.217406
248.0000,1.39812,213.384,0.220523
247.9000,0.819901,213.291,0.219219
247.8000,1.27472,213.095,0.216467
247.7000,0.535357,213.896,0.227699
247.6000,2.30534,213.911,0.227906
247.5000,0.652628,213.614,0.223747
247.4000,2.66052,213.515,0.222366
247.3000,2.11334,213.993,0.229063
247.2000,1.76457,214.347,0.234007
247.1000,1.62816,214.553,0.236888
247.0000,-0.111991,214.189,0.231806
246.9000,0.281918,214.069,0.230126
246.8000,3.02267,213.861,0.227208
246.7000,1.77399,214.367,0.234292
246.6000,1.46841,214.417,0.234989
246.5000,0.565452,213.766,0.225875
246.4000,0.492311,214.831,0.240763
246.3000,2.08099,214.903,0.241774
246.2000,0.975949,214.445,0.235385
246.1000,0.267312,214.501,0.23616
246.0000,1.95079,214.197,0.231916
245.9000,1.69045,214.055,0.229919
245.8000,-0.988492,214.23,0.232376
245.7000,0.165561,214.489,0.235986
245.6000,2.45054,214.883,0.241489
245.5000,2.17666,213.749,0.225637
245.4000,1.62805,214.229,0.23236
245.3000,1.26836,214.555,0.23692
245.2000,0.497957,214.892,0.241616
245.1000,-0.0241075,215.312,0.247474
245.0000,-0.647505,215.22,0.246196
244.9000,1.05782,213.277,0.219028
244.8000,1.3747,215.313,0.247489
244.7000,0.714311,214.57,0.237125
244.6000,1.24197,215.103,0.244554
244.5000,0.774666,215.073,0.244143
244.4000,1.7886,215.29,0.247158
244.3000,1.1725,215.316,0.247521
244.2000,-0.0973864,215.518,0.250344
244.1000,1.56447,214.677,0.238612
244.0000,0.969796,215.756,0.253653
243.9000,1.03996,215.327,0.247679
243.8000,1.64641,215.644,0.252093
243.7000,2.57058,214.867,0.241268
243.6000,1.40949,215.31,0.247442
243.5000,0.169812,215.33,0.247726
243.4000,2.84635,215.179,0.245612
243.3000,2.60496,214.993,0.243022
243.2000,1.46901,215.49,0.24995
243.1000,0.30739,215.396,0.248641
243.0000,-0.621311,215.284,0.247079
242.9000,2.77686,215.727,0.253243
242.8000,0.238896,215.486,0.249887
242.7000,0.75239,215.691,0.252739
242.6000,-0.0371949,215.336,0.247805
242.5000,1.45515,216.077,0.258107
242.4000,2.62951,216.562,0.264834
242.3000,1.96865,216.224,0.260152
242.2000,1.42994,216.237,0.260325
242.1000,0.815753,216.086,0.258233
242.0000,2.14011,215.736,0.253369
241.9000,1.55722,216.405,0.262651
241.8000,1.19822,216.592,0.265242
241.7000,1.84482,215.577,0.251164
241.6000,0.260346,215.041,0.243701
241.5000,3.2101,217.2,0.273663
241.4000,1.92484,217.241,0.274227
241.3000,1.1671,216.322,0.261504
241.2000,3.60354,216.801,0.268145
241.1000,-0.842387,216.397,0.262541
241.0000,2.65096,217.002,0.270921
240.9000,1.37371,217.075,0.27194
240.8000,-0.401168,217.378,0.276122
240.7000,0.725082,215.913,0.255826
240.6000,0.717416,215.854,0.255007
240.5000,1.14512,216.792,0.26802
240.4000,2.14096,217.133,0.272739
240.3000,2.10888,217.572,0.278797
240.2000,0.0738327,216.851,0.268836
240.1000,0.355027,217.953,0.284064
240.0000,0.692582,217.164,0.273162
239.9000,0.466108,217.336,0.275542
239.8000,0.0714843,217.373,0.276059
239.7000,0.448712,217.948,0.283986
239.6000,3.45202,218.529,0.29199
239.5000,1.06875,217.641,0.279751
239.4000,0.827884,217.861,0.282784
239.3000,1.23277,218.717,0.294576
239.2000,-0.0336367,217.469,0.277374
239.1000,0.492603,217.644,0.279798
239.0000,1.988,217.636,0.279689
238.9000,1.61693,217.981,0.284439
238.8000,0.706542,218.097,0.286048
238.7000,0.822387,217.59,0.279047
238.6000,1.72065,218.121,0.286375
238.5000,1.17332,218.287,0.288654
238.4000,2.17804,218.573,0.292598
238.3000,1.44501,218.41,0.290354
238.2000,0.0897924,219.125,0.300179
238.1000,3.17751,219.245,0.301827
238.0000,1.20271,218.77,0.295309
237.9000,1.16542,218.231,0.287889
237.8000,1.45099,219.61,0.306828
237.7000,1.13007,219.122,0.300132
237.6000,1.28505,218.698,0.294312
237.5000,2.31594,219.096,0.299775
237.4000,0.0346809,219.997,0.312133
237.3000,0.490029,219.355,0.303334
237.2000,0.291007,220.082,0.313295
237.1000,0.75099,219.247,0.301858
237.0000,0.422459,220.567,0.319921
236.9000,1.27553,219.439,0.304484
236.8000,0.563341,219.396,0.303893
236.7000,2.24258,220.02,0.312443
236.6000,0.804945,219.59,0.306549
236.5000,1.66503,220.35,0.31695
236.4000,1.39676,219.85,0.310117
236.3000,2.00295,220.276,0.315944
236.2000,1.79651,220.068,0.313094
236.1000,0.507105,219.649,0.307356
236.0000,0.836467,219.779,0.30914
235.9000,-1.19002,220.2,0.314906
235.8000,1.1294,221.072,0.326797
235.7000,1.45691,220.66,0.321189
235.6000,0.527542,220.484,0.318776
235.5000,1.07317,220.656,0.321127
235.4000,-0.253478,220.48,0.318729
235.3000,0.422965,221.289,0.329759
235.2000,2.44748,221.519,0.332889
235.1000,0.870641,221.461,0.332103
235.0000,2.44454,220.761,0.322564
234.9000,0.972604,220.745,0.322348
234.8000,2.5579,220.81,0.323229
234.7000,0.57491,221.188,0.328386
234.6000,3.06863,220.904,0.324511
234.5000,0.628834,221.558,0.333413
234.4000,0.776969,222.243,0.342724
234.3000,0.964675,221.265,0.329435
234.2000,1.11959,221.451,0.331964
234.1000,0.631944,221.103,0.327229
234.0000,1.19523,221.814,0.336894
233.9000,1.04976,221.83,0.33711
233.8000,1.64538,222.437,0.345351
233.7000,1.53523,221.281,0.329651
233.6000,0.999749,221.622,0.334291
233.5000,2.01451,222.06,0.340233
233.4000,3.21955,222.857,0.351045
233.3000,0.770697,222.66,0.348376
233.2000,1.34736,222.201,0.342155
233.1000,2.50486,222.296,0.343446
233.0000,-0.240959,223.145,0.354938
232.9000,0.910173,224.5,0.373213
232.8000,0.478451,222.655,0.348299
232.7000,0.585236,222.238,0.342647
232.6000,-0.397252,224.146,0.368439
232.5000,1.27102,222.303,0.343538
232.4000,1.84712,223.388,0.358215
232.3000,1.46861,223.205,0.35575
232.2000,0.490189,223.578,0.360785
232.1000,-0.423242,224.034,0.366928
232.0000,-0.784847,222.7,0.348913
231.9000,0.895951,224.155,0.368562
231.8000,0.935816,224.08,0.367554
231.7000,1.69847,224.234,0.36963
231.6000,1.50034,224.099,0.367814
231.5000,4.26139,223.712,0.362589
231.4000,2.28165,223.159,0.355122
231.3000,1.46637,224.482,0.37297
231.2000,-0.877273,224.492,0.373107
231.1000,-0.417251,224.03,0.366882
231.0000,-0.222724,224.898,0.37856
230.9000,2.2484,224.637,0.375057
230.8000,1.01648,223.775,0.363445
230.7000,2.53155,224.207,0.369263
230.6000,2.02088,224.388,0.371704
230.5000,0.553019,224.087,0.367646
230.4000,1.79534,224.295,0.370454
230.3000,1.21391,224.946,0.379199
230.2000,1.31517,225.382,0.385053
230.1000,1.78314,224.606,0.374631
230.0000,1.70147,224.717,0.376124
229.9000,3.27309,224.35,0.371186
229.8000,0.52931,224.503,0.373244
229.7000,0.606372,224.326,0.370865
229.6000,0.358826,224.949,0.379244
229.5000,0.81032,225.36,0.384764
229.4000,1.79845,225.676,0.389001
229.3000,2.10107,225.093,0.381177
229.2000,2.51328,225.824,0.390974
229.1000,0.729366,225.376,0.384977
229.0000,2.76296,225.067,0.380827
228.9000,1.36637,226.155,0.3954
228.8000,1.01382,225.494,0.386557
228.7000,-1.56238,225.317,0.384187
228.6000,0.0120286,225.972,0.39296
228.5000,0.753123,225.817,0.390882
228.4000,1.36921,226.837,0.404509
228.3000,-0.181859,226.891,0.405235
228.2000,1.31508,226.636,0.401833
228.1000,0.122193,225.972,0.39296
228.0000,1.03069,227.197,0.409312
227.9000,0.774304,226.96,0.406156
227.8000,-0.347098,227.294,0.41061
227.7000,3.08416,226.967,0.406247
227.6000,1.92459,227.1,0.408014
227.5000,-0.595792,227.224,0.409674
227.4000,1.40658,227.938,0.41917
227.3000,4.48115,226.798,0.403995
227.2000,0.553423,228.622,0.42825
227.1000,0.78139,227.769,0.416926
227.0000,2.01098,228.58,0.427694
226.9000,1.31541,227.907,0.418763
226.8000,-0.94153,228.118,0.421562
226.7000,0.787567,228.115,0.421517
226.6000,0.74826,227.498,0.413324
226.5000,2.03317,228.228,0.423021
226.4000,-0.346922,228.277,0.423668
226.3000,0.638276,229.221,0.436169
226.2000,2.62658,229.367,0.438102
226.1000,-0.0803227,228.534,0.427079
226.0000,-1.62905,229.289,0.437068
225.9000,1.22838,228.761,0.430081
225.8000,1.26616,228.476,0.426313
225.7000,-1.60709,229.354,0.437937
225.6000,-1.15853,230.118,0.448017
225.5000,1.62761,229.674,0.442158
225.4000,1.35474,229.711,0.442651
225.3000,-1.41106,229.337,0.437712
225.2000,1.47108,230.03,0.446852
225.1000,2.56506,229.844,0.444401
225.0000,0.755436,229.697,0.442457
224.9000,0.561491,230.225,0.44942
224.8000,4.57779,230.415,0.451928
224.7000,1.77366,229.68,0.442233
224.6000,2.84985,230.924,0.45862
224.5000,0.889083,230.356,0.451152
224.4000,2.19646,231.919,0.471672
224.3000,3.96982,230.374,0.451391
224.2000,4.20525,231.097,0.460898
224.1000,0.931351,231.396,0.464825
224.0000,-2.304,230.858,0.457756
223.9000,1.8784,230.221,0.449376
223.8000,-0.278694,230.859,0.457771
223.7000,3.32124,231.227,0.462609
223.6000,0.340028,230.491,0.452927
223.5000,0.570029,230.899,0.458292
223.4000,1.56957,231.99,0.472607
223.3000,0.0187677,231.76,0.469594
223.2000,1.50307,230.887,0.458143
223.1000,0.704512,231.707,0.468896
223.0000,0.924833,232.733,0.482325
222.9000,2.30497,231.909,0.471553
222.8000,1.56328,232.539,0.479795
222.7000,0.280875,232.348,0.477291
222.6000,1.5982,232.039,0.473244
222.5000,-0.229063,232.179,0.475083
222.4000,0.968389,233.32,0.489982
222.3000,2.71082,232.569,0.480179
222.2000,-0.879596,232.571,0.480209
222.1000,0.797621,232.266,0.476225
222.0000,-0.349694,232.986,0.485624
221.9000,2.05362,233.381,0.490779
221.8000,-1.22286,233.172,0.488047
221.7000,0.0162408,233.222,0.488697
221.6000,-0.219313,233.552,0.493007
221.5000,0.856239,233.804,0.496281
221.4000,0.0326467,233.6,0.493627
221.3000,0.773878,234.476,0.505012
221.2000,1.3848,233.731,0.495338
221.1000,0.690803,234.068,0.499714
221.0000,1.29279,234.082,0.499891
220.9000,0.554754,234.363,0.503541
220.8000,1.01687,234.306,0.502805
220.7000,-0.254953,235,0.511814
220.6000,1.60281,234.538,0.50582
220.5000,-2.27587,234.433,0.504453
220.4000,1.41285,234.239,0.501937
220.3000,1.29384,234.905,0.510581
220.2000,0.18814,235.388,0.51683
220.1000,0.16457,235.281,0.515452
220.0000,1.19284,234.732,0.508333
219.9000,0.44771,235.499,0.518266
219.8000,1.26487,236.101,0.526039
219.7000,0.565115,235.457,0.517724
219.6000,0.771777,234.563,0.506144
219.5000,1.59266,235.798,0.522133
219.4000,0.510148,235.349,0.516332
219.3000,1.08923,236.282,0.528377
219.2000,0.896521,236.145,0.526609
219.1000,1.02695,236.655,0.533181
219.0000,0.626087,235.845,0.522732
218.9000,1.95014,236.752,0.534436
218.8000,4.01655,237.063,0.538431
218.7000,2.58724,236.795,0.53499
218.6000,1.38344,237.395,0.542698
218.5000,2.11023,236.391,0.52978
218.4000,-1.30908,236.577,0.532175
218.3000,0.762774,236.69,0.533634
218.2000,0.41584,236.817,0.535268
218.1000,-0.727832,237.194,0.540121
218.0000,1.33754,236.764,0.534582
217.9000,2.8377,238.192,0.552931
217.8000,1.02967,237.245,0.540777
217.7000,3.90127,237.473,0.543703
217.6000,1.38239,237.729,0.54699
217.5000,-0.916863,238.182,0.552801
217.4000,2.47218,238.204,0.553077
217.3000,2.62523,238.363,0.555122
217.2000,-0.303315,238.525,0.557196
217.1000,2.62281,237.66,0.546103
217.0000,1.80681,238.285,0.554121
216.9000,0.868848,238.519,0.557109
216.8000,1.46857,238.738,0.559921
216.7000,4.04678,238.506,0.55695
216.6000,1.59712,238.768,0.560298
216.5000,0.473819,238.914,0.562166
216.4000,2.48727,239.026,0.563599
216.3000,1.75757,239.466,0.569211
216.2000,2.38134,239.093,0.564453
216.1000,-0.332891,239.294,0.567013
216.0000,-0.609471,239.934,0.575174
215.9000,3.20811,239.306,0.567172
215.8000,0.703091,239.731,0.57259
215.7000,-0.500704,239.387,0.568199
215.6000,4.51538,239.853,0.574149
215.5000,-1.47292,240.253,0.579241
215.4000,0.368067,240.911,0.58759
215.3000,0.197,239.587,0.570756
215.2000,2.2381,240.063,0.576818
215.1000,2.10191,240.301,0.579846
215.0000,0.85415,241.218,0.591485
214.9000,0.45041,241.363,0.593323
214.8000,1.97077,240.413,0.581272
214.7000,-1.55756,240.695,0.584857
214.6000,2.75081,240.823,0.586483
214.5000,2.2591,241.121,0.590264
214.4000,-2.86013,240.955,0.588151
214.3000,5.68601,240.745,0.58549
214.2000,2.17806,240.796,0.586137
214.1000,2.21286,241.005,0.588783
214.0000,1.62839,241.284,0.592332
213.9000,2.44803,241.812,0.599019
213.8000,3.19045,241.576,0.596021
213.7000,0.307108,241.895,0.600065
213.6000,3.82307,241.534,0.595491
213.5000,2.16716,241.675,0.597284
213.4000,0.666041,241.62,0.596581
213.3000,2.1965,242.98,0.613755
213.2000,2.81889,241.86,0.599621
213.1000,0.933407,241.649,0.596954
213.0000,-1.05227,241.969,0.600996
212.9000,0.151701,242.466,0.607281
212.8000,0.0296035,242.585,0.608782
212.7000,0.604289,242.694,0.610155
212.6000,3.81448,242.776,0.611184
212.5000,-0.804399,243.553,0.620972
212.4000,2.38274,243.159,0.61601
212.3000,1.45418,243.236,0.61698
212.2000,1.7164,243.41,0.619176
212.1000,1.08288,243.632,0.62197
212.0000,-2.64957,244.178,0.62883
211.9000,1.6433,243.236,0.61698
211.8000,2.52502,243.563,0.621101
211.7000,0.858286,243.811,0.62422
211.6000,4.9226,243.902,0.625359
211.5000,-0.937662,244.809,0.636742
211.4000,0.297087,243.491,0.620188
211.3000,-1.24894,244.993,0.63904
211.2000,2.61126,243.995,0.626526
211.1000,3.15336,244.175,0.628788
211.0000,2.3042,245.138,0.640855
210.9000,0.991374,244.314,0.630536
210.8000,-1.22103,245.692,0.64778
210.7000,3.84038,245.635,0.647073
210.6000,-0.607844,244.846,0.637196
210.5000,0.843442,245.069,0.639991
210.4000,-0.104157,245.186,0.64145
210.3000,1.3691,246.485,0.65767
210.2000,3.10623,245.969,0.65123
210.1000,2.2023,246.236,0.654565
210.0000,0.547079,246.702,0.660364
209.9000,3.28653,246.136,0.653322
209.8000,2.64909,246.14,0.653364
209.7000,-0.728894,246.421,0.656866
209.6000,1.46591,246.523,0.658136
209.5000,2.01852,245.967,0.651216
209.4000,0.811746,246.88,0.662577
209.3000,1.42054,246.963,0.66362
209.2000,0.234059,247.549,0.670896
209.1000,1.57693,247.091,0.665211
209.0000,1.23277,247.53,0.670657
208.9000,1.97235,247.49,0.670165
208.8000,4.25717,248.669,0.684761
208.7000,0.882221,248.332,0.680598
208.6000,2.93316,247.948,0.675842
208.5000,-1.90363,248.484,0.682477
208.4000,0.681994,248.994,0.688779
208.3000,1.91296,249.248,0.691912
208.2000,1.18754,248.63,0.684285
208.1000,3.24942,248.766,0.685965
208.0000,2.55736,249.379,0.693533
207.9000,3.14334,249.253,0.691982
207.8000,2.49806,250.7,0.709792
207.7000,-0.662155,249.785,0.698533
207.6000,0.401862,250.105,0.70248
207.5000,0.0171045,250.306,0.704947
207.4000,4.39751,250.11,0.702536
207.3000,0.126876,250.408,0.7062
207.2000,-0.271751,250.638,0.709026
207.1000,1.81817,250.81,0.711141
207.0000,1.10742,250.236,0.704083
206.9000,6.18159,250.726,0.710112
206.8000,1.12239,250.888,0.712101
206.7000,2.48131,251.313,0.717311
206.6000,-0.722878,251.642,0.721336
206.5000,1.03443,251.438,0.718838
206.4000,-1.78509,252.111,0.727074
206.3000,2.3678,251.773,0.722944
206.2000,1.5338,252.292,0.729289
206.1000,1.01618,252.223,0.728444
206.0000,1.22576,252.132,0.727336
205.9000,3.92985,252.185,0.727974
205.8000,4.09392,252.541,0.732332
205.7000,2.37123,253.281,0.741352
205.6000,-2.66176,253.447,0.743365
205.5000,2.77874,253.365,0.742373
205.4000,0.744069,253.278,0.741311
205.3000,0.89976,253.971,0.749744
205.2000,1.62222,253.812,0.747803
205.1000,2.86509,254.318,0.753954
205.0000,0.987025,254.865,0.760589
204.9000,0.922267,254.465,0.755741
204.8000,0.0951654,254.886,0.760835
204.7000,0.0317549,254.742,0.759092
204.6000,3.39971,255.111,0.763566
204.5000,3.18062,256.239,0.777186
204.4000,-0.659971,255.954,0.773755
204.3000,1.70184,255.766,0.771484
204.2000,2.49928,255.8,0.771894
204.1000,1.87175,255.715,0.770868
204.0000,0.435759,255.928,0.77344
203.9000,5.09926,256.827,0.784271
203.8000,0.496767,257.019,0.786588
203.7000,0.564064,257.893,0.797082
203.6000,1.69524,257.714,0.794934
203.5000,3.17865,257.643,0.794077
203.4000,4.76236,257.499,0.792349
203.3000,0.383046,257.829,0.79632
203.2000,2.91325,258.363,0.802718
203.1000,0.918497,257.631,0.793941
203.0000,4.30093,258.583,0.805349
202.9000,2.48997,258.909,0.809253
202.8000,1.90879,259.17,0.812367
202.7000,-1.93414,259.134,0.811934
202.6000,5.67824,259.886,0.820912
202.5000,1.56479,259.667,0.818305
202.4000,4.4465,259.179,0.812476
202.3000,1.68094,260.172,0.824313
202.2000,1.22732,259.914,0.82125
202.1000,3.94833,260.148,0.82403
202.0000,4.49284,261.25,0.837136
201.9000,2.40928,261.062,0.834903
201.8000,2.82769,261.509,0.8402
201.7000,-0.0651101,261.259,0.837244
201.6000,2.66256,261.873,0.844524
201.5000,-1.6629,262.361,0.85029
201.4000,4.19258,262.201,0.8484
201.3000,4.62856,261.842,0.844148
201.2000,3.91322,261.869,0.84447
201.1000,0.71308,263.405,0.862623
201.0000,4.37284,262.398,0.850732
200.9000,3.07714,263.636,0.865347
200.8000,3.64011,263.046,0.858388
200.7000,3.71233,263.745,0.866628
200.6000,3.68093,263.802,0.867294
200.5000,1.91968,264.529,0.875848
200.4000,5.69026,264.733,0.878242
200.3000,4.33038,264.637,0.877112
200.2000,3.07689,265.009,0.881473
200.1000,1.77534,266.013,0.893227
200.0000,6.69541,265.404,0.886107
199.9000,1.57717,266.231,0.895783
199.8000,1.15748,265.948,0.892472
199.7000,2.08207,265.938,0.892353
199.6000,5.35781,266.764,0.901999
199.5000,3.90791,266.793,0.902342
199.4000,3.34917,266.65,0.900677
199.3000,0.199854,266.972,0.90443
199.2000,-1.00344,267.675,0.912609
199.1000,1.45685,267.824,0.914348
199.0000,4.09776,267.202,0.907109
198.9000,4.3993,268.129,0.917889
198.8000,3.11206,268.898,0.926814
198.7000,3.63575,269.357,0.932127
198.6000,4.64305,269.618,0.935141
198.5000,5.50367,269.221,0.930553
198.4000,7.90387,269.873,0.938087
198.3000,3.98707,270.087,0.94056
198.2000,4.90575,269.448,0.933175
198.1000,0.91846,270.55,0.945905
198.0000,3.68552,270.897,0.9499
197.9000,4.63936,270.03,0.939906
197.8000,3.11318,271.177,0.953121
197.7000,2.51595,271.366,0.955298
197.6000,5.85856,271.697,0.9591
197.5000,5.42783,271.477,0.956574
197.4000,4.63686,272.146,0.964251
197.3000,3.59492,273.082,0.974971
197.2000,4.97699,272.314,0.966174
197.1000,5.40855,272.115,0.9639
197.0000,2.47288,273.648,0.981446
196.9000,2.42212,273.466,0.979363
196.8000,4.58264,273.796,0.983128
196.7000,5.44719,274.03,0.985804
196.6000,3.50303,274.506,0.991228
196.5000,3.98335,274.753,0.99404
196.4000,3.31487,274.73,0.993782
196.3000,2.12566,274.88,0.995484
196.2000,4.23119,275.449,1.00195
196.1000,7.80302,275.681,1.00459
196.0000,-0.0312919,275.095,0.997932
195.9000,4.35024,276.791,1.01717
195.8000,4.98247,277.458,1.0247
195.7000,6.43324,276.045,1.00871
195.6000,5.21961,277.958,1.03034
195.5000,0.217906,278.421,1.03555
195.4000,5.09067,278.803,1.03985
195.3000,6.08342,279.13,1.04353
195.2000,3.77189,278.298,1.03417
195.1000,-0.540932,278.26,1.03374
195.0000,7.03726,279.45,1.04711
194.9000,5.8837,280.256,1.05616
194.8000,3.93863,280.636,1.0604
194.7000,2.09285,281.312,1.06796
194.6000,7.60503,281.029,1.0648
194.5000,3.93069,281.468,1.06969
194.4000,5.13215,282.047,1.07614
194.3000,3.84613,281.659,1.07183
194.2000,5.37313,282.308,1.07906
194.1000,1.47099,282.559,1.08184
194.0000,4.5325,283.934,1.09711
193.9000,3.71754,284.942,1.10825
193.8000,4.84981,285.11,1.11011
193.7000,5.36374,286.119,1.12122
193.6000,4.92628,286.691,1.12751
193.5000,2.63617,287.54,1.13682
193.4000,2.10976,287.727,1.13887
193.3000,3.03417,287.925,1.14104
193.2000,3.39391,288.196,1.14401
193.1000,1.86728,288.772,1.15031
193.0000,1.6555,290.109,1.16488
192.9000,6.14833,290.258,1.16649
192.8000,1.5609,290.676,1.17104
192.7000,6.64641,291.47,1.17965
192.6000,6.10107,292.321,1.18886
192.5000,5.63957,293.301,1.19944
192.4000,3.27768,294.417,1.21145
192.3000,3.95413,295.241,1.22029
192.2000,-0.0360612,295.794,1.22622
192.1000,2.93611,295.896,1.22731
192.0000,6.70542,297.154,1.24074
191.9000,4.07577,297.726,1.24684
191.8000,5.67025,299.149,1.26196
191.7000,1.08706,300.121,1.27225
191.6000,4.58275,300.324,1.27439
191.5000,5.71492,301.504,1.28684
191.4000,9.60454,302.638,1.29877
191.3000,3.37247,304.035,1.31341
191.2000,-2.77358,304.868,1.32211
191.1000,6.35286,305.626,1.33002
191.0000,2.82719,307.484,1.34932
190.9000,6.69409,308.18,1.35652
190.8000,5.62411,309.604,1.37123
190.7000,2.15413,311.198,1.38762
190.6000,4.70797,313.895,1.41519
190.5000,4.59321,314.195,1.41824
190.4000,0.257997,316.067,1.43725
190.3000,12.4263,317.711,1.45386
190.2000,-0.694104,318.341,1.46021
190.1000,11.3849,319.237,1.46922
190.0000,7.05169,320.035,1.47722

##### Extended Information
[Comments]
Sample name,DS+JL Buffer
Comment,Buffer
User,Drew Seitzman and Julia Linthicum
Division
Company,Saint Mary's College

[Detailed Information]
Creation date,9/29/2022 1:57 PM

Data array type,Linear data array * 3
Horizontal axis,Wavelength [nm]
Vertical axis(1),CD [mdeg]
Vertical axis(2),HT [V]
Vertical axis(3),Abs
Start,320 nm
End,190 nm
Data interval,0.1 nm
Data points,1301    

[Measurement Information]
Instrument name,J-1500
Model name,J-1500
Serial No.,B051061638

Detector,PM-539
Detector S/N,B051061638
  Lock-in amp.,X mode
  HT volt,Auto

Accessory,PTC-517
Accessory S/N,B026561646
  Temperature,22.72 C
  Control sensor,Holder
  Monitor sensor,Holder

Measurement date,9/29/2022 1:57 PM

CD Overload detect,1256
Photometric mode,CD, HT, Abs
Measure range,320 - 190 nm
Data pitch,0.1 nm
CD scale,20 mdeg/0.05 dOD
FL scale,20 mdeg/0.05 dOD
D.I.T.,8 msec
Bandwidth,2.00 nm
Start mode,Immediately
Scanning mode,Continuous
Scanning speed,200 nm/min
Baseline correction,None
Shutter control,Auto
No. of cycle,1/1
N2 Flowmeter,Manual

Solvent,NaPO4 buffer

