TITLE,class,,
DATA TYPE,,,
ORIGIN,JASCO,,
OWNER,,,
DATE,21/09/29,,
TIME,17:43:57,,
SPECTROMETER/DATA SYSTEM,,,
LOCALE,1033,,
RESOLUTION,,,
DELTAX,-0.1,,
XUNITS,NANOMETERS,,
YUNITS,CD [mdeg],,
Y2UNITS,HT [V],,
Y3UNITS,ABSORBANCE,,
FIRSTX,290,,
LASTX,190,,
NPOINTS,1001,,
FIRSTY,0.91337,,
MAXY,14.06129,,
MINY,-4.54784,,
XYDATA,,,
290,0.913369,253.226,0.740674
289.9,1.56009,253.407,0.742878
289.8,1.39452,253.153,0.739784
289.7,1.36896,253.31,0.741699
289.6,1.73141,253.221,0.740619
289.5,1.49408,252.91,0.736833
289.4,1.14916,253.258,0.741069
289.3,1.30131,253.209,0.740471
289.2,0.931092,252.978,0.737658
289.1,1.62769,253.272,0.741233
289,1.32655,253.296,0.741529
288.9,1.61354,253.361,0.742319
288.8,0.43453,252.975,0.737616
288.7,2.12325,253.157,0.739843
288.6,0.927936,252.818,0.735702
288.5,2.90875,253.592,0.745126
288.4,1.76947,253.127,0.739475
288.3,2.36653,253.171,0.740012
288.2,2.06371,253.14,0.739627
288.1,1.18325,253.401,0.742814
288,1.18822,252.817,0.735696
287.9,0.789634,252.917,0.736914
287.8,1.01194,252.92,0.736947
287.7,2.43095,252.958,0.737408
287.6,1.77148,253.114,0.739313
287.5,1.16176,252.9,0.736708
287.4,1.5812,252.893,0.736624
287.3,1.46327,252.927,0.73704
287.2,1.40336,252.808,0.735582
287.1,1.09028,253.047,0.738497
287,0.741262,252.743,0.734797
286.9,1.49151,253.045,0.738469
286.8,0.729292,253.006,0.738001
286.7,0.486225,252.623,0.733328
286.6,1.85179,252.847,0.736064
286.5,1.71834,252.673,0.733934
286.4,1.00826,252.952,0.737335
286.3,1.17087,252.791,0.73538
286.2,0.606527,252.889,0.736575
286.1,0.870191,252.908,0.736802
286,1.53558,252.892,0.736605
285.9,0.583555,252.933,0.737109
285.8,2.23985,252.82,0.735733
285.7,2.21401,252.683,0.734054
285.6,1.56385,252.812,0.735638
285.5,1.59638,253.026,0.738238
285.4,1.95929,252.686,0.734097
285.3,1.71886,252.988,0.737784
285.2,0.332379,252.948,0.737292
285.1,1.60914,252.595,0.732986
285,1.09081,252.801,0.735501
284.9,1.69928,252.795,0.73542
284.8,2.04487,252.669,0.733893
284.7,2.25623,252.848,0.736071
284.6,2.2955,252.908,0.736809
284.5,1.12037,252.972,0.737587
284.4,1.70711,252.699,0.734257
284.3,0.634662,252.469,0.731444
284.2,0.679434,252.721,0.734529
284.1,1.6193,252.487,0.731672
284,1.19193,252.785,0.735304
283.9,0.745439,252.933,0.737112
283.8,1.194,252.673,0.733938
283.7,1.69294,252.428,0.730951
283.6,1.87871,252.773,0.735158
283.5,0.661888,252.584,0.732854
283.4,0.799557,252.468,0.731439
283.3,1.61664,252.64,0.73353
283.2,1.96701,252.673,0.733934
283.1,2.29003,252.855,0.736156
283,0.555719,252.839,0.735968
282.9,1.2261,252.779,0.735235
282.8,1.57765,252.329,0.729738
282.7,2.15977,252.486,0.731653
282.6,1.47443,252.538,0.732286
282.5,0.526806,252.702,0.734297
282.4,0.647303,252.436,0.731042
282.3,2.12903,252.8,0.73548
282.2,1.8224,252.603,0.733082
282.1,0.326094,252.515,0.732009
282,1.98627,252.408,0.7307
281.9,0.843,252.492,0.731729
281.8,1.81021,252.391,0.730498
281.7,1.45373,252.207,0.728252
281.6,1.46037,252.532,0.732218
281.5,1.46295,252.455,0.731281
281.4,1.97505,252.355,0.730055
281.3,1.13491,252.488,0.731679
281.2,0.5215,252.311,0.729514
281.1,1.22093,252.244,0.728697
281,0.727819,252.431,0.730982
280.9,1.68723,252.1,0.726938
280.8,0.496512,252.56,0.73256
280.7,1.26921,252.205,0.728226
280.6,1.03606,251.953,0.725148
280.5,1.9178,252.124,0.727234
280.4,2.00752,252.339,0.729861
280.3,2.00475,252.408,0.7307
280.2,1.21263,252.405,0.730669
280.1,0.853305,252.313,0.729545
280,1.7455,252.709,0.734378
279.9,1.47269,252.273,0.729048
279.8,2.29102,251.986,0.725546
279.7,1.58573,252.189,0.728031
279.6,1.25024,252.248,0.728744
279.5,0.933869,252.337,0.729834
279.4,2.4032,252.469,0.731451
279.3,1.89754,252.028,0.726064
279.2,1.60703,252.26,0.728896
279.1,1.67729,251.734,0.722466
279,0.83316,252.151,0.727565
278.9,1.91761,252.413,0.730769
278.8,0.934932,251.919,0.724729
278.7,1.33976,251.979,0.72546
278.6,1.29441,252.327,0.729718
278.5,1.53215,252.024,0.726012
278.4,0.826539,252.195,0.728107
278.3,1.72477,252.068,0.726546
278.2,0.665644,252.217,0.728366
278.1,1.80846,252.129,0.7273
278,2.13405,252.394,0.730534
277.9,1.79447,251.922,0.72476
277.8,1.68939,252.363,0.730159
277.7,1.83883,251.556,0.72028
277.6,2.49583,252.223,0.728446
277.5,1.86824,251.876,0.724199
277.4,0.568215,252.05,0.726331
277.3,0.868799,252.246,0.728724
277.2,0.659437,252.224,0.728461
277.1,0.910655,252.149,0.727534
277,0.830337,251.833,0.723676
276.9,1.55176,251.941,0.72499
276.8,1.179,251.834,0.723691
276.7,0.752192,251.624,0.721121
276.6,1.34622,252.443,0.731131
276.5,1.14765,252.04,0.726211
276.4,0.00677645,251.969,0.725344
276.3,1.07091,251.916,0.724694
276.2,1.5664,252.262,0.728918
276.1,0.841742,251.927,0.724829
276,1.78155,252.188,0.72801
275.9,1.34209,251.734,0.722464
275.8,1.1597,251.884,0.724296
275.7,1.0828,251.729,0.722403
275.6,1.04801,252.084,0.72675
275.5,1.52073,251.671,0.721693
275.4,0.967158,251.843,0.723804
275.3,1.89695,251.769,0.722889
275.2,1.34882,251.817,0.723485
275.1,1.88253,251.95,0.725101
275,1.76174,251.821,0.723523
274.9,1.88255,252.067,0.726537
274.8,1.12516,252.068,0.726544
274.7,0.72149,251.642,0.721341
274.6,-0.629467,251.751,0.72267
274.5,2.10585,251.608,0.720918
274.4,1.69498,251.801,0.723284
274.3,1.92885,251.677,0.721767
274.2,1.10844,251.633,0.721227
274.1,0.405102,251.535,0.720032
274,1.27087,251.793,0.723185
273.9,-0.301262,251.852,0.723913
273.8,1.2299,251.646,0.721383
273.7,2.09254,251.599,0.72081
273.6,1.05421,251.521,0.719862
273.5,0.898445,251.613,0.72098
273.4,1.95485,251.85,0.723883
273.3,0.300529,251.741,0.722551
273.2,1.17307,251.522,0.719867
273.1,1.14822,251.79,0.723151
273,1.65554,251.713,0.722204
272.9,2.40933,251.744,0.722587
272.8,1.38707,251.714,0.722216
272.7,1.30436,252.114,0.727106
272.6,0.618354,251.651,0.721448
272.5,1.32551,251.44,0.718869
272.4,2.68925,251.761,0.722795
272.3,1.73602,251.78,0.723022
272.2,1.51904,251.75,0.72266
272.1,1.18942,251.707,0.72213
272,0.0777253,251.71,0.722173
271.9,0.79983,251.576,0.720535
271.8,1.02693,251.514,0.71977
271.7,-0.0966917,251.333,0.717554
271.6,1.66172,251.664,0.72161
271.5,1.29921,251.376,0.718082
271.4,0.805597,251.794,0.723203
271.3,0.647139,251.504,0.719654
271.2,-0.175053,251.077,0.714415
271.1,1.5288,251.557,0.720299
271,0.54419,251.787,0.723118
270.9,1.30123,251.592,0.720729
270.8,0.892394,251.291,0.717037
270.7,1.81297,251.741,0.722549
270.6,1.53279,251.604,0.720871
270.5,0.981436,251.71,0.722168
270.4,1.4221,251.547,0.720176
270.3,1.27974,251.589,0.720694
270.2,1.23654,251.702,0.722069
270.1,0.367749,251.497,0.719565
270,0.0812383,251.629,0.721185
269.9,0.727431,251.673,0.721717
269.8,1.29271,251.693,0.72196
269.7,1.17898,251.752,0.722679
269.6,1.42776,251.73,0.722419
269.5,0.27904,251.415,0.718555
269.4,1.54412,251.769,0.722896
269.3,0.304832,251.624,0.721115
269.2,2.08316,251.653,0.721471
269.1,0.697669,251.674,0.721729
269,1.99262,251.86,0.724001
268.9,1.27491,251.954,0.725153
268.8,1.50434,251.923,0.724776
268.7,1.03728,251.634,0.721245
268.6,0.884056,251.823,0.723549
268.5,1.16343,251.887,0.724337
268.4,0.27357,251.602,0.720848
268.3,1.70389,251.674,0.721724
268.2,0.972289,251.608,0.720926
268.1,1.02822,251.775,0.722963
268,-0.0873028,251.409,0.718488
267.9,0.476527,251.697,0.722013
267.8,1.57924,251.792,0.723177
267.7,0.0366476,251.523,0.719883
267.6,0.189562,251.552,0.720231
267.5,0.798227,252.422,0.730869
267.4,1.38052,252.112,0.727091
267.3,0.953737,251.741,0.722544
267.2,0.0373879,251.964,0.725276
267.1,1.43442,252.223,0.728439
267,1.0905,252.254,0.728816
266.9,1.32705,251.591,0.720717
266.8,1.47471,251.642,0.721334
266.7,0.966762,251.635,0.721258
266.6,1.16083,252.081,0.72671
266.5,0.565337,252.419,0.730835
266.4,1.23132,252.063,0.726488
266.3,0.872838,252.238,0.728629
266.2,1.26599,251.681,0.721816
266.1,1.55856,251.899,0.724485
266,-0.0176544,251.612,0.720972
265.9,0.553381,252.343,0.729904
265.8,1.2504,251.704,0.722098
265.7,0.250865,252.085,0.72676
265.6,0.429497,252.313,0.729546
265.5,0.797154,251.77,0.722908
265.4,1.16925,252.343,0.729906
265.3,1.2546,252.031,0.726101
265.2,0.593515,251.881,0.724258
265.1,1.13533,251.995,0.725655
265,0.105131,252.321,0.729638
264.9,1.00975,252.358,0.730098
264.8,1.08309,252.448,0.731189
264.7,0.918023,252.241,0.728667
264.6,2.63904,251.979,0.725458
264.5,0.0787858,251.915,0.724684
264.4,1.51499,252.551,0.732446
264.3,1.31992,251.995,0.725657
264.2,0.384667,252.261,0.72891
264.1,0.0356868,252.297,0.729349
264,0.481249,252.322,0.729652
263.9,0.636519,252.32,0.729623
263.8,0.721947,252.301,0.729401
263.7,1.66632,252.471,0.731466
263.6,0.678245,252.357,0.730081
263.5,1.40111,252.153,0.727587
263.4,0.684221,252.395,0.730546
263.3,1.23225,252.538,0.732296
263.2,-0.237347,252.537,0.732282
263.1,1.16649,252.074,0.72662
263,0.94893,252.098,0.726919
262.9,0.354582,252.636,0.733487
262.8,0.83826,252.21,0.728285
262.7,0.848114,252.348,0.729975
262.6,0.000771664,252.672,0.733924
262.5,0.752581,252.734,0.734679
262.4,0.559051,252.417,0.730818
262.3,1.28299,252.724,0.734563
262.2,1.11437,252.665,0.733843
262.1,1.48949,252.83,0.735857
262,1.25207,252.896,0.736662
261.9,0.566597,252.868,0.736313
261.8,1.8116,252.448,0.731195
261.7,1.56042,252.871,0.736358
261.6,1.32777,253.015,0.738102
261.5,1.73829,252.797,0.735444
261.4,1.84293,252.113,0.727094
261.3,0.744713,252.258,0.72887
261.2,0.667379,252.739,0.73474
261.1,0.537435,252.955,0.73738
261,1.17726,252.404,0.730657
260.9,-0.405687,252.696,0.734213
260.8,0.836816,252.335,0.729806
260.7,1.04868,253.168,0.739972
260.6,0.640738,253.446,0.74335
260.5,0.782264,253.117,0.739344
260.4,0.599303,252.673,0.73394
260.3,1.17416,252.908,0.736802
260.2,1.55925,253.176,0.740074
260.1,0.931538,252.812,0.735638
260,1.27999,253.137,0.739591
259.9,0.618601,252.905,0.736762
259.8,1.02195,253.29,0.741462
259.7,1.90364,253.004,0.737979
259.6,1.42081,253.355,0.74225
259.5,1.61522,253.066,0.738723
259.4,-0.309896,252.911,0.73684
259.3,0.955127,253.107,0.739228
259.2,1.43311,253.398,0.742774
259.1,0.669175,253.388,0.742654
259,0.505546,253.503,0.744048
258.9,0.044332,253.163,0.739913
258.8,0.590215,253.336,0.742023
258.7,0.916123,253.143,0.739665
258.6,0.671046,253.291,0.741464
258.5,0.741651,253.267,0.741181
258.4,1.19796,253.475,0.743703
258.3,1.14087,253.58,0.744991
258.2,0.518246,253.538,0.74448
258.1,1.7148,253.45,0.743407
258,0.213169,253.666,0.746036
257.9,1.49555,253.275,0.741269
257.8,0.212328,253.32,0.741828
257.7,1.2791,253.842,0.748166
257.6,1.13172,253.472,0.74367
257.5,0.34017,253.818,0.74788
257.4,0.944155,253.682,0.746231
257.3,1.92786,253.446,0.743357
257.2,1.43817,253.47,0.743643
257.1,1.35896,253.701,0.746461
257,0.762569,253.637,0.745678
256.9,0.0577507,253.955,0.749548
256.8,0.405407,253.632,0.745619
256.7,0.74741,254.045,0.750642
256.6,0.740825,253.654,0.745889
256.5,1.28926,253.694,0.74637
256.4,0.908429,253.84,0.748143
256.3,1.09312,254.17,0.752159
256.2,1.84008,254.215,0.752707
256.1,1.01666,253.714,0.746621
256,1.50734,253.65,0.745835
255.9,1.38846,254.562,0.75691
255.8,0.83767,253.981,0.749864
255.7,0.409614,254.331,0.75411
255.6,0.840937,253.869,0.748501
255.5,1.80795,254.269,0.753355
255.4,1.85892,254.161,0.752047
255.3,1.11548,254.174,0.752204
255.2,1.64241,254.225,0.752817
255.1,1.66152,254.11,0.751425
255,0.705681,254.375,0.754644
254.9,0.917584,254.291,0.753625
254.8,0.420412,254.204,0.75257
254.7,1.12898,254.439,0.755421
254.6,0.990461,254.374,0.754626
254.5,-0.296119,254.325,0.754033
254.4,2.06421,254.686,0.758414
254.3,0.629409,254.385,0.75476
254.2,0.0159772,253.959,0.749593
254.1,1.27788,254.148,0.751889
254,1.11436,254.435,0.755373
253.9,1.42566,254.295,0.753677
253.8,0.927544,254.684,0.75839
253.7,2.07254,254.389,0.754811
253.6,1.01195,254.542,0.756668
253.5,0.729675,254.569,0.756998
253.4,0.548569,254.226,0.752841
253.3,1.66436,254.247,0.753087
253.2,0.878452,254.641,0.757867
253.1,1.32171,254.809,0.759909
253,0.00911951,254.53,0.75652
252.9,-0.0923022,254.74,0.75907
252.8,1.97378,254.715,0.758771
252.7,1.23273,254.598,0.757351
252.6,0.739947,254.932,0.761398
252.5,0.790826,254.524,0.756455
252.4,1.16062,254.63,0.757733
252.3,0.524258,255.182,0.764421
252.2,-0.17012,255.135,0.763847
252.1,0.346483,254.714,0.758749
252,1.0414,254.818,0.760014
251.9,0.484119,254.715,0.758761
251.8,1.26738,254.88,0.760762
251.7,0.289184,255.17,0.764275
251.6,1.34672,255.174,0.764322
251.5,0.518027,255.3,0.765845
251.4,0.420862,254.934,0.761422
251.3,0.71049,254.958,0.761716
251.2,1.21484,255.173,0.764316
251.1,0.927435,254.837,0.760247
251,0.140035,255.019,0.762444
250.9,1.72486,255.014,0.762384
250.8,2.13261,254.627,0.7577
250.7,1.199,254.622,0.757642
250.6,1.31266,254.872,0.760672
250.5,0.316664,254.89,0.760884
250.4,1.07011,255.253,0.765286
250.3,1.08758,254.883,0.760805
250.2,0.806779,255.177,0.764363
250.1,0.907164,255.013,0.762381
250,0.343519,255.179,0.764383
249.9,0.0528971,254.883,0.7608
249.8,1.09563,255.055,0.762883
249.7,0.620775,254.948,0.761587
249.6,1.52066,255.059,0.762928
249.5,1.10861,255.157,0.764121
249.4,1.0233,255.078,0.763158
249.3,0.711633,255.212,0.764789
249.2,0.743415,255.02,0.76246
249.1,0.293216,255.181,0.764405
249,0.662494,255.14,0.763908
248.9,1.38707,255.177,0.764364
248.8,1.52465,254.832,0.760182
248.7,0.877487,254.84,0.760281
248.6,0.568687,254.605,0.757437
248.5,1.97309,255.188,0.7645
248.4,0.469873,255.02,0.762456
248.3,0.427264,254.863,0.760556
248.2,0.735195,254.835,0.760226
248.1,-0.847513,255.007,0.762307
248,1.24297,255.01,0.762338
247.9,1.29677,255.018,0.762443
247.8,1.27537,254.987,0.762067
247.7,1.74038,254.797,0.759762
247.6,1.8275,254.655,0.758035
247.5,1.96135,255.237,0.765091
247.4,1.31322,255.35,0.766453
247.3,1.32036,254.941,0.76151
247.2,0.552743,254.781,0.759564
247.1,1.01502,255.484,0.768073
247,1.54536,255.369,0.766681
246.9,0.323342,255.406,0.767136
246.8,-0.486354,255.372,0.766723
246.7,1.14268,255.466,0.767859
246.6,1.24798,255.523,0.768545
246.5,1.4814,255.411,0.767188
246.4,1.87823,255.463,0.767814
246.3,0.81161,255.807,0.771981
246.2,0.900222,255.335,0.766278
246.1,0.946264,255.271,0.765494
246,1.79582,255.471,0.767915
245.9,0.643007,255.299,0.765831
245.8,1.17104,255.538,0.76873
245.7,1.65674,255.666,0.770279
245.6,1.35627,255.484,0.76808
245.5,1.26138,255.29,0.765727
245.4,1.46677,255.081,0.763202
245.3,1.74171,255.6,0.769473
245.2,0.344176,255.434,0.767474
245.1,0.884175,255.421,0.767313
245,2.63123,255.397,0.767025
244.9,0.377093,255.487,0.768116
244.8,0.196945,255.394,0.766986
244.7,1.52194,254.939,0.761482
244.6,1.4542,255.686,0.770519
244.5,0.0583895,255.716,0.770883
244.4,0.00734662,255.896,0.773052
244.3,1.3011,255.669,0.770312
244.2,1.17744,255.335,0.766278
244.1,1.67466,255.711,0.770813
244,1.53358,255.787,0.77174
243.9,0.724398,255.689,0.770546
243.8,0.751557,255.544,0.768804
243.7,0.859964,255.598,0.769454
243.6,1.71797,256.024,0.774601
243.5,1.3069,255.352,0.766479
243.4,1.72698,255.854,0.772542
243.3,0.801724,255.759,0.771393
243.2,0.184584,256.058,0.775004
243.1,1.08025,255.967,0.773908
243,0.985839,255.399,0.767047
242.9,1.47415,255.979,0.774057
242.8,0.902066,256.076,0.775221
242.7,0.851222,255.945,0.773649
242.6,0.826834,256.088,0.77537
242.5,-0.60257,256.204,0.776769
242.4,0.909916,255.872,0.772765
242.3,0.780748,256.112,0.775653
242.2,0.656596,255.993,0.774218
242.1,1.37481,255.837,0.772334
242,0.418188,255.957,0.773787
241.9,0.232951,256.464,0.779899
241.8,0.298487,255.995,0.774249
241.7,0.701665,256.649,0.782127
241.6,-0.283984,256.941,0.785644
241.5,-0.768491,256.188,0.776578
241.4,0.685469,256.065,0.775093
241.3,0.969773,256.621,0.781788
241.2,2.14419,255.895,0.77304
241.1,0.745164,256.786,0.783785
241,0.78107,256.396,0.779088
240.9,-0.00474805,256.224,0.777015
240.8,0.0303327,256.032,0.774688
240.7,0.336402,256.032,0.774696
240.6,-0.160846,256.023,0.774589
240.5,0.854995,256.577,0.781259
240.4,0.114922,256.662,0.782286
240.3,0.781563,256.65,0.782139
240.2,0.09268,256.678,0.78248
240.1,0.126439,256.564,0.781103
240,-0.0707391,256.3,0.77793
239.9,0.496033,256.796,0.783897
239.8,0.164111,256.329,0.778274
239.7,-0.28616,256.879,0.7849
239.6,0.274224,256.886,0.784988
239.5,0.700333,256.944,0.785678
239.4,-0.517091,257.149,0.788148
239.3,0.257589,256.781,0.783725
239.2,-0.00253196,257.233,0.789161
239.1,0.210682,257.019,0.786578
239,0.881761,257.123,0.78784
238.9,1.58079,257.545,0.7929
238.8,0.723662,257.216,0.788949
238.7,0.396348,257.806,0.796033
238.6,0.352476,257.357,0.790644
238.5,0.268677,257.42,0.791401
238.4,-0.000234473,257.678,0.794503
238.3,0.103261,257.635,0.793985
238.2,0.697625,257.674,0.794451
238.1,-0.379339,257.837,0.796412
238,0.36448,257.795,0.795911
237.9,0.255833,257.791,0.795857
237.8,0.751175,258.05,0.798963
237.7,0.607017,258.117,0.799765
237.6,0.512751,258.37,0.802797
237.5,-1.10824,258.267,0.80156
237.4,1.07317,258.107,0.799643
237.3,0.0637165,258.544,0.80488
237.2,-0.518081,258.624,0.805846
237.1,0.146745,258.539,0.804822
237,-0.796908,258.639,0.806015
236.9,0.167333,258.504,0.804408
236.8,-1.15157,258.588,0.80541
236.7,-0.343126,258.417,0.803366
236.6,0.504941,258.509,0.804461
236.5,-0.322504,258.775,0.807642
236.4,-1.63971,258.628,0.805893
236.3,-0.355755,258.781,0.807713
236.2,-0.00641017,258.814,0.808118
236.1,-0.0675205,258.816,0.808135
236,0.411504,258.814,0.808108
235.9,-0.532683,258.916,0.809331
235.8,-0.251012,258.776,0.807662
235.7,0.485279,259.14,0.81201
235.6,0.0999275,259.076,0.811249
235.5,0.172853,259.572,0.817164
235.4,-1.5906,259.531,0.816678
235.3,-0.458064,259.334,0.81433
235.2,0.560629,259.245,0.813264
235.1,0.630729,259.789,0.819755
235,0.0604095,259.969,0.821906
234.9,0.138194,259.612,0.817641
234.8,0.328103,259.696,0.818644
234.7,-0.450746,259.821,0.820142
234.6,0.258423,259.894,0.821005
234.5,-1.01936,259.981,0.822044
234.4,-1.32325,259.993,0.82219
234.3,-0.387065,259.839,0.820353
234.2,0.00889582,259.924,0.821369
234.1,-0.831176,259.789,0.81975
234,-1.10556,260.567,0.829014
233.9,-0.191354,260.606,0.829482
233.8,-2.07575,260.488,0.828079
233.7,-0.942499,260.537,0.828662
233.6,-0.85568,260.948,0.833543
233.5,0.488806,261.228,0.836872
233.4,-0.990305,260.687,0.830446
233.3,-0.206749,261.272,0.837393
233.2,-0.43877,260.759,0.831306
233.1,-2.44438,260.963,0.833723
233,-0.655949,260.466,0.827815
232.9,-0.880597,260.889,0.832846
232.8,-0.30214,261.404,0.838957
232.7,-0.157501,261.177,0.83627
232.6,-1.46206,261.457,0.839593
232.5,-1.67432,261.571,0.840938
232.4,-0.100259,261.59,0.841164
232.3,-0.0969252,261.168,0.836156
232.2,-1.22837,261.321,0.837973
232.1,-0.712266,262.155,0.847857
232,-1.30456,261.256,0.8372
231.9,-0.298785,261.569,0.840912
231.8,-0.78229,261.889,0.844714
231.7,-1.82618,262.449,0.851337
231.6,-1.59007,262.036,0.846444
231.5,-0.509556,261.714,0.842638
231.4,-1.14123,262.573,0.8528
231.3,-0.818017,262.726,0.854607
231.2,-1.84498,262.579,0.852877
231.1,-1.45594,262.399,0.850747
231,-1.22755,262.333,0.849967
230.9,-0.522009,262.58,0.852885
230.8,-2.22976,262.602,0.85314
230.7,-0.764976,262.221,0.848633
230.6,-2.84058,262.372,0.850429
230.5,-1.37358,262.427,0.851075
230.4,-0.0540654,262.647,0.853677
230.3,-2.77048,262.603,0.853151
230.2,-2.57067,262.358,0.850257
230.1,-1.72504,262.876,0.856382
230,-0.622721,262.354,0.850215
229.9,-2.33443,262.305,0.849633
229.8,0.0736716,262.474,0.851628
229.7,-1.56896,262.593,0.853032
229.6,-1.49219,262.691,0.85419
229.5,-1.67189,262.379,0.850506
229.4,-1.79088,262.503,0.851978
229.3,-2.90391,263.04,0.858314
229.2,-1.95337,262.656,0.853782
229.1,-0.526277,263.208,0.860294
229,-1.78025,263.428,0.862895
228.9,-1.68629,263.641,0.865402
228.8,-2.35591,263.931,0.86882
228.7,-0.802833,263.786,0.867103
228.6,-0.552373,264.114,0.870967
228.5,-1.72181,264.147,0.871352
228.4,-2.02637,264.109,0.870906
228.3,-1.93452,264.124,0.871086
228.2,-1.35047,264.073,0.870484
228.1,-1.68655,264.002,0.869651
228,-2.08729,264.911,0.880333
227.9,-2.1338,264.475,0.875214
227.8,-2.53775,264.965,0.880964
227.7,-1.54633,264.992,0.881278
227.6,-1.41297,264.691,0.877742
227.5,-1.95051,265.548,0.887794
227.4,-3.26345,265.82,0.890971
227.3,-1.48587,265.578,0.888139
227.2,-1.20803,265.353,0.885507
227.1,-1.90121,265.541,0.887716
227,-3.22995,265.737,0.890005
226.9,-1.56334,265.382,0.885847
226.8,-1.85397,265.638,0.888848
226.7,-1.74752,265.755,0.89022
226.6,-1.79833,266.03,0.893431
226.5,-2.80839,265.806,0.890807
226.4,-1.3117,266.12,0.894479
226.3,-1.79132,266.097,0.89422
226.2,-2.58386,266.154,0.894886
226.1,-3.26971,266.518,0.899132
226,-1.82863,266.181,0.895194
225.9,-3.2858,267.041,0.905228
225.8,-3.23102,266.585,0.899915
225.7,-1.92532,266.935,0.904
225.6,-2.28398,266.657,0.900748
225.5,-1.54679,266.913,0.903741
225.4,-2.25368,266.786,0.902261
225.3,-2.15939,267.292,0.908154
225.2,-2.12234,267.089,0.905795
225.1,-2.83879,266.629,0.900431
225,-1.3819,267.609,0.911841
224.9,-3.40984,267.739,0.913353
224.8,-2.836,267.005,0.904809
224.7,-4.10283,267.433,0.909792
224.6,-2.52264,267.19,0.906968
224.5,-2.31312,267.33,0.908599
224.4,-2.61166,267.752,0.91351
224.3,-2.44075,268.06,0.917085
224.2,-2.82797,268.151,0.918146
224.1,-2.00143,268.446,0.92157
224,-2.73928,267.974,0.916088
223.9,-3.41051,267.996,0.916346
223.8,-2.30227,267.967,0.916007
223.7,-1.95626,268.09,0.91743
223.6,-2.1627,268.435,0.921436
223.5,-3.8147,268.555,0.922834
223.4,-3.11649,268.756,0.925167
223.3,-2.97396,268.439,0.92149
223.2,-2.46199,268.683,0.92432
223.1,-2.59249,269.084,0.928968
223,-3.07564,268.961,0.927539
222.9,-2.31952,268.8,0.925676
222.8,-3.55363,269.259,0.930988
222.7,-2.6581,269.063,0.928715
222.6,-1.95954,269.293,0.931378
222.5,-2.03604,269.633,0.935311
222.4,-2.74903,269.08,0.928912
222.3,-3.28524,269.139,0.929594
222.2,-1.9717,269.669,0.935735
222.1,-2.54107,269.544,0.934287
222,-2.61882,270.021,0.939801
221.9,-1.56435,270.012,0.939688
221.8,-2.36066,269.498,0.933752
221.7,-2.37255,269.95,0.938978
221.6,-2.25368,270.14,0.941168
221.5,-2.42094,270.396,0.944127
221.4,-4.02428,270.19,0.941751
221.3,-2.13938,270.29,0.942902
221.2,-2.33041,270.246,0.942392
221.1,-1.83838,270.091,0.9406
221,-2.52624,270.125,0.941003
220.9,-3.28467,270.353,0.943627
220.8,-2.09347,270.532,0.945695
220.7,-1.92746,270.957,0.950595
220.6,-2.33487,270.26,0.942552
220.5,-3.47491,270.727,0.947939
220.4,-2.63939,270.668,0.947255
220.3,-2.92067,271.128,0.952562
220.2,-3.27543,270.975,0.950802
220.1,-2.50227,270.855,0.949412
220,-2.00085,270.966,0.950692
219.9,-2.87081,271.083,0.952034
219.8,-2.9169,271.131,0.952595
219.7,-2.95313,271.117,0.952434
219.6,-1.65322,271.48,0.956605
219.5,-2.19888,271.578,0.957728
219.4,-2.92764,271.601,0.957994
219.3,-2.32074,271.321,0.954775
219.2,-1.30187,271.46,0.956379
219.1,-2.33814,271.965,0.962174
219,-3.57147,271.388,0.95555
218.9,-1.90456,272.604,0.969503
218.8,-2.78359,271.917,0.961624
218.7,-3.05128,271.912,0.961566
218.6,-2.59616,272.153,0.964332
218.5,-2.68173,271.99,0.96246
218.4,-3.64186,271.862,0.960995
218.3,-2.02353,271.978,0.962325
218.2,-1.7291,272.096,0.963681
218.1,-2.69507,272.656,0.970095
218,-1.45327,272.493,0.968236
217.9,-2.00578,272.574,0.969156
217.8,-2.75187,272.59,0.969342
217.7,-1.78446,272.816,0.971926
217.6,-2.0472,272.464,0.967903
217.5,-2.97973,272.723,0.970862
217.4,-2.96941,273.152,0.975773
217.3,-2.27101,272.848,0.972294
217.2,-3.40202,272.972,0.973712
217.1,-1.52325,273.259,0.976996
217,-1.15892,273.097,0.97515
216.9,-2.90786,273.949,0.984875
216.8,-2.58033,273.508,0.979841
216.7,-0.846405,273.697,0.982004
216.6,-2.84939,273.625,0.981183
216.5,-2.51805,273.583,0.980697
216.4,-2.5371,273.987,0.985308
216.3,-2.52948,273.941,0.984792
216.2,-3.33176,273.291,0.97737
216.1,-1.09049,273.814,0.983338
216,-1.589,273.835,0.983579
215.9,-3.76285,273.78,0.982945
215.8,-1.14341,274.098,0.986579
215.7,-2.03807,273.819,0.983401
215.6,-2.25672,274.157,0.987251
215.5,-1.48806,274.778,0.99432
215.4,-0.991874,274.289,0.988754
215.3,-2.17364,273.973,0.985155
215.2,-2.35053,274.938,0.996149
215.1,-2.05972,274.165,0.987338
215,-2.34174,274.574,0.991997
214.9,-1.09269,274.697,0.993406
214.8,-1.98815,275.059,0.997517
214.7,-2.3748,275.216,0.99931
214.6,-2.33934,275.011,0.996977
214.5,-1.52783,275.139,0.998426
214.4,-1.88647,275.134,0.99837
214.3,-2.13995,275.214,0.999285
214.2,-2.94476,275.456,1.00203
214.1,-2.39198,275.543,1.00302
214,-2.95161,275.235,0.99952
213.9,-3.07514,275.689,1.00468
213.8,-2.89433,275.642,1.00415
213.7,-1.84376,275.626,1.00396
213.6,-1.86667,275.658,1.00433
213.5,-0.329937,275.863,1.00665
213.4,-3.80816,275.401,1.00141
213.3,-2.40056,276.033,1.00858
213.2,-2.42062,275.905,1.00713
213.1,-1.62521,275.862,1.00664
213,-2.26865,275.961,1.00776
212.9,-4.54784,276.174,1.01018
212.8,-1.72165,276.429,1.01307
212.7,-2.39469,275.864,1.00666
212.6,-2.63147,276.159,1.01001
212.5,-2.1096,276.228,1.01079
212.4,-2.78453,275.972,1.00789
212.3,-3.54649,276.631,1.01536
212.2,-1.28301,277.235,1.02218
212.1,-1.58267,276.854,1.01787
212,-2.49584,277.321,1.02315
211.9,-1.46902,276.853,1.01786
211.8,-1.99718,277.143,1.02115
211.7,-2.36855,277.194,1.02172
211.6,-2.62796,277.574,1.02601
211.5,-1.7845,277.836,1.02896
211.4,-1.93463,277.681,1.02721
211.3,-2.17902,277.906,1.02975
211.2,-3.41764,278.055,1.03144
211.1,-2.17147,277.867,1.02932
211,-2.68174,277.982,1.0306
210.9,-3.46283,278.388,1.03519
210.8,-2.01737,278.212,1.0332
210.7,-3.81605,278.515,1.03661
210.6,-3.42424,278.443,1.0358
210.5,-2.51999,277.946,1.0302
210.4,-3.22501,278.66,1.03825
210.3,-2.25676,278.505,1.0365
210.2,-2.6637,278.822,1.04007
210.1,-3.88013,278.869,1.04059
210,-1.80714,278.838,1.04024
209.9,-1.50075,279.546,1.04819
209.8,-1.77543,279.159,1.04385
209.7,-2.26368,278.958,1.0416
209.6,-2.87713,279.208,1.04441
209.5,-2.62742,279.286,1.04527
209.4,-2.58945,279.811,1.05116
209.3,-2.52736,279.642,1.04927
209.2,-3.06351,279.968,1.05293
209.1,-2.27917,280.344,1.05714
209,-1.67989,280.219,1.05573
208.9,-2.95875,280.051,1.05386
208.8,-1.30822,280.412,1.0579
208.7,-2.85476,280.339,1.05708
208.6,-1.79462,280.459,1.05843
208.5,-0.819947,281.023,1.06473
208.4,-2.26989,281.012,1.06461
208.3,-2.59361,280.984,1.06429
208.2,-2.94404,281.336,1.06822
208.1,-2.68215,281.436,1.06934
208,-2.55926,281.561,1.07074
207.9,-2.72189,281.497,1.07002
207.8,-3.9388,281.863,1.0741
207.7,-2.5055,282.452,1.08065
207.6,-2.57115,282.067,1.07638
207.5,-1.73896,282.37,1.07975
207.4,-1.9189,282.398,1.08006
207.3,-3.88706,282.768,1.08417
207.2,-1.25385,282.338,1.07939
207.1,-4.52574,282.899,1.08563
207,-3.32514,282.724,1.08368
206.9,-3.16191,282.99,1.08663
206.8,-1.15109,283.392,1.0911
206.7,-1.86925,283.551,1.09286
206.6,-1.46742,282.984,1.08657
206.5,-2.65518,283.733,1.09487
206.4,-2.22938,283.723,1.09477
206.3,-1.06434,283.522,1.09254
206.2,-2.21159,284.491,1.10327
206.1,-1.24189,284.094,1.09888
206,-1.26481,284.494,1.1033
205.9,-2.20713,284.015,1.098
205.8,-1.31607,284.613,1.10462
205.7,-1.13736,285.031,1.10923
205.6,-1.4908,284.938,1.1082
205.5,-1.68908,284.826,1.10697
205.4,-0.852532,285.492,1.11432
205.3,0.197945,285.556,1.11502
205.2,-0.654035,285.668,1.11625
205.1,-0.160588,285.917,1.119
205,0.443516,286.053,1.1205
204.9,-1.7449,286.465,1.12503
204.8,-0.933681,286.554,1.12601
204.7,0.405862,286.798,1.12869
204.6,0.947522,287.042,1.13137
204.5,0.234715,287.11,1.13211
204.4,-0.923608,288.01,1.14197
204.3,-1.89225,287.586,1.13734
204.2,0.452459,287.968,1.14151
204.1,-0.153631,287.832,1.14003
204,0.4368,288.233,1.14441
203.9,0.748795,288.083,1.14278
203.8,1.37867,289.134,1.15426
203.7,-1.31938,288.961,1.15237
203.6,-1.2818,289.078,1.15365
203.5,1.30832,289.34,1.1565
203.4,-0.194375,290.201,1.16588
203.3,0.425112,289.851,1.16207
203.2,-1.05434,290.079,1.16455
203.1,1.55603,290.194,1.1658
203,0.136901,289.904,1.16264
202.9,-0.479423,290.856,1.17299
202.8,0.945766,291.075,1.17537
202.7,3.31134,291.275,1.17754
202.6,-0.312957,291.085,1.17547
202.5,2.02593,291.804,1.18327
202.4,-0.0499412,291.719,1.18234
202.3,0.864194,292.07,1.18615
202.2,2.38586,292.07,1.18615
202.1,3.54101,292.897,1.19508
202,4.83798,292.165,1.18718
201.9,2.84182,293.035,1.19657
201.8,2.63951,293.611,1.20278
201.7,2.74183,294.212,1.20925
201.6,2.16602,293.528,1.20189
201.5,3.98877,293.898,1.20587
201.4,4.33285,294.129,1.20835
201.3,0.860703,294.811,1.21568
201.2,2.38707,294.767,1.2152
201.1,4.34573,294.946,1.21713
201,3.21885,295.54,1.22349
200.9,5.36457,295.941,1.22778
200.8,3.09384,295.802,1.2263
200.7,3.08799,296.2,1.23056
200.6,4.89011,296.336,1.23201
200.5,5.86983,296.762,1.23656
200.4,2.76513,297.058,1.23972
200.3,7.35184,297.455,1.24395
200.2,5.15829,297.482,1.24424
200.1,5.78447,298.214,1.25203
200,5.9567,298.264,1.25256
199.9,4.85768,298.239,1.25229
199.8,4.58843,298.622,1.25636
199.7,3.53085,299.279,1.26333
199.6,5.97283,298.877,1.25907
199.5,5.06766,298.963,1.25999
199.4,4.51205,299.8,1.26886
199.3,6.12564,299.812,1.26898
199.2,3.49286,299.71,1.2679
199.1,5.99412,300.315,1.2743
199,5.1416,300.423,1.27544
198.9,5.01414,300.712,1.27849
198.8,5.17748,300.729,1.27867
198.7,7.97955,301.388,1.28562
198.6,6.002,301.512,1.28692
198.5,7.4451,301.942,1.29146
198.4,6.75981,301.9,1.29101
198.3,7.44962,302.004,1.2921
198.2,8.02385,302.78,1.30026
198.1,8.23268,302.737,1.29981
198,7.48772,303.127,1.3039
197.9,7.27514,302.947,1.30202
197.8,8.38603,303.735,1.31027
197.7,7.01087,303.518,1.308
197.6,7.30999,303.934,1.31236
197.5,7.94033,304.219,1.31533
197.4,9.78598,304.197,1.3151
197.3,8.26103,304.688,1.32023
197.2,8.29706,304.996,1.32345
197.1,7.79898,304.657,1.31991
197,7.77801,305.675,1.33053
196.9,8.8019,306.094,1.33489
196.8,9.32157,306.514,1.33926
196.7,8.46202,306.591,1.34005
196.6,9.24943,306.658,1.34076
196.5,10.3218,307.366,1.34809
196.4,8.32818,307.652,1.35107
196.3,7.16255,307.96,1.35425
196.2,8.6868,308.681,1.36171
196.1,9.84281,308.667,1.36157
196,6.22247,308.979,1.36478
195.9,8.43912,309.41,1.36923
195.8,10.3635,310.182,1.37718
195.7,8.57609,310.499,1.38044
195.6,9.48071,310.651,1.382
195.5,8.52552,310.991,1.3855
195.4,8.21286,311.413,1.38982
195.3,11.8482,311.345,1.38913
195.2,9.08844,311.993,1.39576
195.1,10.5739,312.222,1.3981
195,10.1554,312.551,1.40147
194.9,8.00508,312.919,1.40524
194.8,9.39628,313.535,1.41152
194.7,10.4321,313.765,1.41386
194.6,12.0433,313.85,1.41473
194.5,10.4844,314.533,1.42168
194.4,10.5905,314.749,1.42387
194.3,11.648,315.322,1.4297
194.2,12.6831,316.365,1.44026
194.1,9.30833,316.445,1.44108
194,8.94852,317.411,1.45083
193.9,9.44468,318.038,1.45715
193.8,10.3822,318.78,1.46463
193.7,9.26777,319.133,1.46818
193.6,10.1496,320.045,1.47732
193.5,11.9399,320.438,1.48126
193.4,11.9602,321.145,1.48833
193.3,11.1828,321.384,1.49072
193.2,10.3182,322.107,1.49793
193.1,10.9785,322.621,1.50306
193,11.61,323.677,1.51356
192.9,10.5665,324.417,1.5209
192.8,11.5409,325.006,1.52672
192.7,11.5993,325.504,1.53165
192.6,7.63646,326.482,1.5413
192.5,9.84383,327.988,1.55612
192.4,10.2897,328.43,1.56046
192.3,9.9243,329.179,1.5678
192.2,8.85192,330.571,1.5814
192.1,10.1361,331.168,1.58721
192,11.215,331.67,1.5921
191.9,9.53316,332.536,1.60052
191.8,10.6219,333.848,1.61324
191.7,10.4729,334.369,1.61827
191.6,11.6324,335.541,1.62958
191.5,11.9439,336.751,1.64122
191.4,12.2885,337.777,1.65106
191.3,9.51298,338.774,1.6606
191.2,11.5405,340.189,1.6741
191.1,12.5446,341.91,1.69045
191,10.8472,343.091,1.70164
190.9,8.79783,344.786,1.71763
190.8,10.2806,346.284,1.73171
190.7,14.0613,348.176,1.74943
190.6,11.6411,349.464,1.76144
190.5,9.94285,350.751,1.77341
190.4,7.79095,352.348,1.7882
190.3,10.3495,353.719,1.80086
190.2,9.99803,355.382,1.81615
190.1,12.0024,356.423,1.82571
190,10.3447,357.93,1.83948
,,,
##### Extended Information,,,
[Comments],,,
Sample name,class,,
Comment,,,
User,,,
Division,,,
Company,Saint Mary's College,,
,,,
[Detailed Information],,,
Creation date,9/29/2021 16:43,,
,,,
Data array type,Linear data array * 3,,
Horizontal axis,Wavelength [nm],,
Vertical axis(1),CD [mdeg],,
Vertical axis(2),HT [V],,
Vertical axis(3),Abs,,
Start,290 nm,,
End,190 nm,,
Data interval,0.1 nm,,
Data points,1001,,
,,,
[Measurement Information],,,
Instrument name,J-1500,,
Model name,J-1500,,
Serial No.,B051061638,,
,,,
Detector,PM-539,,
Detector S/N,B051061638,,
  Lock-in amp.,X mode,,
  HT volt,Auto,,
,,,
Accessory,PTC-517,,
Accessory S/N,B026561646,,
  Temperature,22.68 C,,
  Control sensor,Holder,,
  Monitor sensor,Holder,,
,,,
Measurement date,9/29/2021 16:43,,
,,,
CD Overload detect,815,,
Photometric mode,CD, HT, Abs
Measure range,290 - 190 nm,,
Data pitch,0.1 nm,,
CD scale,20 mdeg/0.05 dOD,,
FL scale,20 mdeg/0.05 dOD,,
D.I.T.,64 msec,,
Bandwidth,1.00 nm,,
Start mode,Immediately,,
Scanning mode,Continuous,,
Scanning speed,50 nm/min,,
Baseline correction,None,,
Shutter control,Auto,,
No. of cycle,1-Jan,,
N2 Flowmeter,Manual,,
