TITLE,JN_AD_BufferandProtein
DATA TYPE,
ORIGIN,JASCO
OWNER,
DATE,22/09/29
TIME,16:34:40
SPECTROMETER/DATA SYSTEM,
LOCALE,1033
RESOLUTION,
DELTAX,-0.1
XUNITS,NANOMETERS
YUNITS,CD [mdeg]
Y2UNITS,HT [V]
Y3UNITS,ABSORBANCE
FIRSTX,  320.0000
LASTX,  190.0000
NPOINTS,    1301
FIRSTY,     0.05823
MAXY,    55.11866
MINY,   -57.04347
XYDATA
320.0000,0.0582329,208.407,0.150037
319.9000,0.258596,209.134,0.16041
319.8000,-0.0456346,208.605,0.152855
319.7000,-0.623365,209.522,0.165948
319.6000,0.496573,208.41,0.150069
319.5000,1.73836,208.597,0.152742
319.4000,3.34596,209.237,0.16188
319.3000,-0.292985,209.428,0.164609
319.2000,0.765965,208.734,0.154701
319.1000,0.781967,209.734,0.168964
319.0000,-1.12513,209.309,0.162914
318.9000,0.635259,208.244,0.147703
318.8000,2.73639,208.685,0.154005
318.7000,2.57601,207.533,0.137505
318.6000,2.29614,209.38,0.163915
318.5000,1.56222,209.44,0.16477
318.4000,1.68709,208.829,0.15606
318.3000,-0.0462963,209.322,0.163091
318.2000,-0.870158,209.036,0.15902
318.1000,1.59572,208.999,0.158486
318.0000,1.3614,208.703,0.154264
317.9000,2.84425,208.993,0.158406
317.8000,1.96527,208.998,0.15847
317.7000,1.27006,208.951,0.157807
317.6000,1.57468,209.537,0.166158
317.5000,-0.43629,208.629,0.153212
317.4000,2.02334,209.661,0.167916
317.3000,1.60988,208.847,0.156319
317.2000,-0.242875,208.989,0.158341
317.1000,1.45541,209.477,0.165303
317.0000,1.14472,208.798,0.155623
316.9000,3.21998,209.084,0.159699
316.8000,0.830217,209.65,0.167771
316.7000,1.46865,209.513,0.165819
316.6000,0.950323,210.002,0.172767
316.5000,-0.237341,209.118,0.160184
316.4000,1.12853,208.637,0.153325
316.3000,0.247072,208.652,0.153536
316.2000,0.654843,209.225,0.161719
316.1000,1.32387,210.38,0.178142
316.0000,0.0428559,208.392,0.14981
315.9000,0.947602,208.849,0.156351
315.8000,0.593264,209.57,0.166626
315.7000,1.2725,209.161,0.160797
315.6000,-1.78714,208.683,0.153973
315.5000,-0.122994,208.533,0.151835
315.4000,1.27929,209.364,0.163689
315.3000,1.82174,207.414,0.135797
315.2000,1.44555,208.234,0.147557
315.1000,2.9604,209.509,0.165755
315.0000,-0.0166376,209.826,0.17027
314.9000,1.60209,208.43,0.150361
314.8000,0.362733,208.636,0.153309
314.7000,1.74531,209.849,0.170592
314.6000,2.17785,208.161,0.146519
314.5000,1.51483,208.256,0.147865
314.4000,1.56473,208.972,0.158098
314.3000,1.36929,209.378,0.163899
314.2000,-0.611609,208.375,0.149567
314.1000,0.850322,208.367,0.149453
314.0000,1.99878,209.646,0.167706
313.9000,2.11903,208.109,0.145772
313.8000,2.18523,209.126,0.160297
313.7000,-1.41809,207.939,0.143338
313.6000,0.708005,207.84,0.141909
313.5000,0.901382,208.876,0.15674
313.4000,1.90535,207.91,0.142916
313.3000,2.97587,208.155,0.146421
313.2000,1.53545,208.607,0.152888
313.1000,-0.509352,208.66,0.153649
313.0000,2.84092,208.605,0.152855
312.9000,1.9114,208.754,0.154993
312.8000,1.02849,207.501,0.137049
312.7000,0.988556,208.583,0.152548
312.6000,1.67952,209.207,0.16146
312.5000,1.51921,207.576,0.138123
312.4000,1.04272,208.188,0.146892
312.3000,0.889921,208.671,0.153811
312.2000,0.865998,209.05,0.159214
312.1000,1.26131,208.976,0.158163
312.0000,-0.297712,208.427,0.150312
311.9000,1.46129,207.425,0.135959
311.8000,1.06011,208.512,0.151528
311.7000,1.3115,209.298,0.162752
311.6000,1.19647,207.925,0.143127
311.5000,1.19331,208.241,0.147654
311.4000,0.247522,209.559,0.166465
311.3000,2.25855,209.598,0.167029
311.2000,0.20109,208.188,0.146892
311.1000,0.989387,208.861,0.156513
311.0000,-0.246557,209.238,0.161896
310.9000,0.028816,209.012,0.15868
310.8000,1.49262,208.466,0.15088
310.7000,1.59496,210.43,0.178849
310.6000,-0.585351,208.202,0.147102
310.5000,1.54296,209.202,0.161379
310.4000,1.29685,208.15,0.146356
310.3000,1.24995,208.58,0.152499
310.2000,0.491032,208.211,0.147232
310.1000,0.478813,207.741,0.140495
310.0000,-0.294011,209.572,0.166658
309.9000,2.97259,208.818,0.155899
309.8000,1.28886,209.331,0.16322
309.7000,2.35424,209.488,0.165464
309.6000,1.4981,207.986,0.144003
309.5000,2.0132,208.388,0.149761
309.4000,1.96713,210.208,0.175696
309.3000,0.454166,208.414,0.150134
309.2000,0.828256,207.874,0.142396
309.1000,0.928249,208.508,0.151479
309.0000,1.3387,208.439,0.150491
308.9000,1.47638,207.108,0.131401
308.8000,0.797126,207.047,0.130521
308.7000,1.75058,208.456,0.150734
308.6000,1.39615,208.645,0.153438
308.5000,0.96983,208.032,0.144669
308.4000,-0.647131,207.179,0.132427
308.3000,0.522585,208.695,0.154151
308.2000,2.24909,208.908,0.157193
308.1000,1.4485,208.415,0.15015
308.0000,1.61028,207.637,0.139
307.9000,1.82803,208.046,0.144864
307.8000,-0.122083,208.649,0.153487
307.7000,2.14046,209.41,0.16435
307.6000,-0.331335,208.243,0.147686
307.5000,0.77396,208.937,0.157597
307.4000,1.48009,208.762,0.155106
307.3000,1.35038,208.733,0.154685
307.2000,1.38794,209,0.158502
307.1000,-1.01673,209.466,0.165141
307.0000,-0.113852,208.53,0.151787
306.9000,1.07542,208.277,0.148173
306.8000,1.4049,208.822,0.155963
306.7000,1.69275,208.533,0.151835
306.6000,2.63616,209.171,0.160943
306.5000,2.14175,210.283,0.176758
306.4000,0.672313,209.296,0.16272
306.3000,1.54304,209.242,0.161961
306.2000,1.12696,207.98,0.143922
306.1000,0.217258,209.518,0.165883
306.0000,1.59528,208.51,0.151511
305.9000,1.76505,208.833,0.156125
305.8000,2.06523,208.736,0.154733
305.7000,2.01199,209.222,0.16167
305.6000,1.26607,208.857,0.156465
305.5000,1.19649,208.765,0.155154
305.4000,1.98265,207.884,0.142542
305.3000,2.28603,208.237,0.147605
305.2000,1.05964,208.955,0.157856
305.1000,0.688921,208.505,0.15143
305.0000,0.18141,208.762,0.155106
304.9000,1.41743,209.099,0.159909
304.8000,0.0746633,208.297,0.148465
304.7000,-0.632679,208.495,0.151285
304.6000,1.06393,209.543,0.166239
304.5000,2.40158,208.088,0.145464
304.4000,1.12252,207.679,0.139602
304.3000,0.970891,208.589,0.152629
304.2000,1.60779,207.72,0.140187
304.1000,2.3735,208.781,0.155381
304.0000,0.451299,208.466,0.15088
303.9000,-0.394037,208.504,0.151414
303.8000,1.25182,207.766,0.140853
303.7000,0.570253,208.532,0.151819
303.6000,2.29303,207.853,0.142104
303.5000,-0.132244,208.106,0.145724
303.4000,0.81125,209.224,0.161702
303.3000,1.27784,208.977,0.158179
303.2000,0.197139,208.42,0.150215
303.1000,0.561255,209.011,0.158664
303.0000,-0.928131,208.876,0.15674
302.9000,1.17713,208.476,0.151025
302.8000,1.29287,207.752,0.140658
302.7000,2.3487,207.499,0.137017
302.6000,1.97731,208.799,0.15564
302.5000,-0.547158,207.869,0.142331
302.4000,2.39403,208.797,0.155607
302.3000,3.13035,209.344,0.163414
302.2000,1.01717,207.797,0.141292
302.1000,0.233509,208.473,0.150977
302.0000,1.01318,209.735,0.16898
301.9000,1.29756,209.561,0.166497
301.8000,2.34687,208.982,0.158244
301.7000,1.37538,209.472,0.165238
301.6000,2.30056,208.908,0.157193
301.5000,0.857108,207.504,0.137098
301.4000,0.397335,208.844,0.156271
301.3000,1.80644,208.607,0.152888
301.2000,1.59377,209.099,0.159909
301.1000,0.603198,208.722,0.154539
301.0000,0.541863,206.835,0.127473
300.9000,1.33333,207.513,0.137228
300.8000,1.30378,207.833,0.141811
300.7000,0.843571,207.833,0.141811
300.6000,1.71287,207.507,0.13713
300.5000,-1.54239,207.951,0.1435
300.4000,0.423631,208.475,0.151009
300.3000,-0.970787,208.409,0.150053
300.2000,-0.16134,208.302,0.148529
300.1000,2.77992,208.547,0.15203
300.0000,-1.47094,207.814,0.141535
299.9000,0.409041,208.28,0.148221
299.8000,1.05834,207.865,0.142266
299.7000,-0.36019,207.694,0.139813
299.6000,0.411971,208.185,0.146859
299.5000,-0.168705,207.712,0.140073
299.4000,-0.162093,208.104,0.145691
299.3000,0.428224,208.429,0.150345
299.2000,-0.959758,208.657,0.1536
299.1000,1.85464,208.822,0.155963
299.0000,-0.200681,207.756,0.140707
298.9000,1.16568,207.373,0.135211
298.8000,-0.0722027,207.519,0.137309
298.7000,1.71391,208.045,0.144847
298.6000,-0.166413,207.507,0.13713
298.5000,-0.168991,208.139,0.146194
298.4000,0.570038,208.727,0.154604
298.3000,0.650183,208.161,0.146519
298.2000,-0.0931568,208.217,0.147313
298.1000,0.819879,208.372,0.149534
298.0000,1.83566,207.61,0.13861
297.9000,2.30196,208.914,0.157274
297.8000,0.335994,208.263,0.147978
297.7000,1.43966,208.526,0.151738
297.6000,0.456136,208.612,0.152969
297.5000,0.350893,208.118,0.145902
297.4000,0.761951,207.741,0.140495
297.3000,-0.664073,207.45,0.136317
297.2000,0.86188,207.524,0.137374
297.1000,2.36763,208.268,0.148043
297.0000,2.99554,207.908,0.142883
296.9000,0.890942,207.663,0.139374
296.8000,1.65178,207.961,0.143646
296.7000,1.14485,208.392,0.14981
296.6000,1.21226,207.419,0.135878
296.5000,2.11872,207.284,0.133941
296.4000,1.56526,207.812,0.141519
296.3000,1.33545,207.833,0.141811
296.2000,2.96492,208.586,0.152596
296.1000,0.362581,208.508,0.151479
296.0000,2.69517,207.937,0.143305
295.9000,1.00201,208.474,0.150993
295.8000,0.343113,208.676,0.153876
295.7000,1.16825,207.3,0.134169
295.6000,1.08156,207.965,0.143711
295.5000,0.215081,208.233,0.14754
295.4000,-0.60878,207.109,0.131417
295.3000,0.0756533,207.851,0.142071
295.2000,0.530589,207.669,0.139455
295.1000,-0.0717544,207.57,0.138041
295.0000,1.3379,207.164,0.132216
294.9000,1.86264,208.083,0.145399
294.8000,0.198498,208.1,0.145642
294.7000,1.15011,207.806,0.141421
294.6000,1.62887,207.661,0.139342
294.5000,-0.10429,207.577,0.138139
294.4000,0.690491,207.682,0.13965
294.3000,1.21692,208.027,0.144588
294.2000,0.622559,207.325,0.134527
294.1000,0.579689,207.398,0.135569
294.0000,1.74579,208.442,0.150539
293.9000,0.123817,208.338,0.149048
293.8000,1.67979,208.412,0.150102
293.7000,1.57604,208.03,0.144636
293.6000,0.267766,207.459,0.136447
293.5000,0.593911,207.536,0.137553
293.4000,2.61644,207.53,0.137472
293.3000,0.890748,207.926,0.143143
293.2000,0.495086,207.869,0.142331
293.1000,0.490357,207.716,0.140138
293.0000,3.4615,208.227,0.147459
292.9000,2.6097,208.501,0.151382
292.8000,0.0982784,207.278,0.133844
292.7000,0.733861,208.458,0.150766
292.6000,1.17513,207.042,0.130456
292.5000,1.26653,207.682,0.13965
292.4000,1.83077,207.066,0.130799
292.3000,-0.28726,208.731,0.154669
292.2000,1.81166,209.545,0.166271
292.1000,0.338898,207.504,0.137098
292.0000,0.00938092,207.801,0.141356
291.9000,-0.616236,208.123,0.145967
291.8000,1.43309,207.343,0.134788
291.7000,1.73776,206.904,0.128468
291.6000,-0.499129,207.228,0.133127
291.5000,0.879609,208.756,0.155025
291.4000,2.92544,208.796,0.155591
291.3000,0.95537,206.936,0.128925
291.2000,0.398117,206.4,0.121206
291.1000,2.11561,208.334,0.148983
291.0000,1.34618,207.401,0.135618
290.9000,-0.87829,207.409,0.135731
290.8000,0.38705,207.546,0.1377
290.7000,0.0544764,207,0.129853
290.6000,0.950166,206.446,0.121876
290.5000,1.97094,207.289,0.134007
290.4000,-0.660947,207.845,0.14199
290.3000,0.921426,207.7,0.139911
290.2000,1.14496,207.485,0.136822
290.1000,0.296482,206.725,0.125891
290.0000,1.46969,208.534,0.151851
289.9000,0.720822,206.849,0.127685
289.8000,0.0685444,207.172,0.132329
289.7000,1.70193,208.431,0.150377
289.6000,-0.0343919,208.181,0.146794
289.5000,1.29449,208.284,0.14827
289.4000,1.10985,208.026,0.144571
289.3000,0.606017,208.194,0.146989
289.2000,1.55949,208.442,0.150539
289.1000,1.84458,208.512,0.151528
289.0000,0.946488,207.961,0.143646
288.9000,0.000323219,207.954,0.143549
288.8000,1.72438,207.965,0.143711
288.7000,0.487529,208.019,0.144474
288.6000,0.539695,207.437,0.136138
288.5000,-0.290946,208.031,0.144653
288.4000,0.164142,209.401,0.164221
288.3000,1.50236,207.899,0.142753
288.2000,-0.758155,207.856,0.142136
288.1000,0.914434,208.55,0.152078
288.0000,0.148446,208.2,0.14707
287.9000,1.01967,208.277,0.148173
287.8000,1.31687,208.838,0.15619
287.7000,0.848014,207.721,0.140203
287.6000,0.34475,208.735,0.154717
287.5000,1.70619,208.173,0.146681
287.4000,1.73407,207.011,0.130016
287.3000,0.693138,208.558,0.152192
287.2000,1.55169,207.558,0.137862
287.1000,0.906322,208.069,0.145188
287.0000,1.07115,208.149,0.14634
286.9000,0.0174972,208.462,0.150815
286.8000,1.34902,207.279,0.13386
286.7000,1.19411,207.862,0.142234
286.6000,0.569838,207.982,0.143955
286.5000,1.3768,208.466,0.15088
286.4000,0.197793,208.227,0.147459
286.3000,-0.196319,208.541,0.151949
286.2000,-0.0011625,208.72,0.154507
286.1000,-0.957174,207.3,0.134169
286.0000,0.373093,207.984,0.143971
285.9000,0.203488,209.123,0.160264
285.8000,1.69863,207.658,0.139309
285.7000,-1.32485,207.255,0.133518
285.6000,0.860145,208.806,0.155737
285.5000,0.792142,208.235,0.147573
285.4000,1.32404,207.993,0.144101
285.3000,1.06075,208.606,0.152872
285.2000,1.75,209.221,0.161654
285.1000,0.381979,208.432,0.150393
285.0000,0.248222,208.913,0.157257
284.9000,0.800355,208.769,0.155203
284.8000,0.387171,208.435,0.150426
284.7000,0.493516,208.555,0.152143
284.6000,1.93145,208.735,0.154717
284.5000,1.76654,207.904,0.142835
284.4000,0.815887,209.714,0.168674
284.3000,0.662332,207.818,0.1416
284.2000,0.232122,208.493,0.151268
284.1000,1.30062,208.428,0.150329
284.0000,0.657813,208.1,0.145642
283.9000,1.59874,208.531,0.151803
283.8000,0.368218,207.541,0.137618
283.7000,-0.2093,207.78,0.141048
283.6000,0.0542015,207.741,0.140495
283.5000,-0.650886,208.438,0.150474
283.4000,1.76854,207.078,0.130978
283.3000,0.149469,208.188,0.146892
283.2000,0.367338,208.944,0.15771
283.1000,-0.868658,208.413,0.150118
283.0000,0.429986,208.172,0.146665
282.9000,-0.381268,208.9,0.157079
282.8000,0.256363,208.395,0.149859
282.7000,1.64364,207.569,0.138025
282.6000,1.29598,208.623,0.153114
282.5000,2.43472,208.77,0.155219
282.4000,1.50923,208.091,0.145513
282.3000,1.9025,208.024,0.144555
282.2000,1.00828,208.28,0.148221
282.1000,1.15141,208.395,0.149859
282.0000,1.22692,208.033,0.144685
281.9000,0.503413,208.673,0.153827
281.8000,0.85551,208.663,0.153698
281.7000,1.52862,207.828,0.141746
281.6000,1.00199,208.098,0.14561
281.5000,1.23432,208.371,0.149518
281.4000,-0.154999,208.824,0.155996
281.3000,0.822944,208.608,0.152904
281.2000,-0.361531,208.483,0.151123
281.1000,1.54856,208.649,0.153487
281.0000,1.21064,209.216,0.161589
280.9000,1.06302,208.175,0.146713
280.8000,0.528232,208.869,0.156627
280.7000,1.65266,207.92,0.143062
280.6000,-0.444927,208.463,0.150831
280.5000,0.917417,208.796,0.155591
280.4000,0.269731,208.063,0.145107
280.3000,0.0621123,208.056,0.14501
280.2000,0.572695,209.007,0.158599
280.1000,0.353263,209.533,0.166093
280.0000,1.68208,207.902,0.142802
279.9000,1.32569,208.517,0.151609
279.8000,-1.13683,207.704,0.139959
279.7000,1.56668,206.822,0.127294
279.6000,1.61529,209.47,0.165206
279.5000,1.4146,208.491,0.151236
279.4000,0.588246,208.455,0.150717
279.3000,1.01368,208.394,0.149842
279.2000,-0.306518,209.11,0.16007
279.1000,0.327271,208.339,0.149064
279.0000,1.18556,208.066,0.145156
278.9000,1.68876,207.978,0.14389
278.8000,0.245216,207.767,0.140869
278.7000,-1.1533,208.188,0.146892
278.6000,0.333641,208.453,0.150685
278.5000,1.92503,208.344,0.149129
278.4000,0.906343,208.535,0.151868
278.3000,0.140825,210.005,0.172815
278.2000,2.05101,208.795,0.155575
278.1000,0.262773,208.244,0.147703
278.0000,1.28154,208.543,0.151981
277.9000,-0.800979,208.139,0.146194
277.8000,0.257064,209.139,0.160491
277.7000,1.3585,208.106,0.145724
277.6000,0.456246,207.644,0.139098
277.5000,-1.00803,207.453,0.136366
277.4000,0.619672,209.14,0.160507
277.3000,-1.01636,208.824,0.155996
277.2000,1.50993,208.082,0.145383
277.1000,0.181659,207.884,0.142542
277.0000,1.94899,207.853,0.142104
276.9000,-0.54719,207.701,0.139927
276.8000,-0.146487,208.177,0.146746
276.7000,1.62113,208.461,0.150798
276.6000,0.222149,207.779,0.141031
276.5000,1.53128,208.541,0.151949
276.4000,1.6141,208.372,0.149534
276.3000,1.5854,208.67,0.153795
276.2000,1.52377,208.055,0.144993
276.1000,-0.557744,208.578,0.152483
276.0000,1.59292,208.319,0.148773
275.9000,1.03838,208.671,0.153811
275.8000,-0.0313102,208.632,0.153244
275.7000,0.261996,208.154,0.146405
275.6000,1.80176,209.445,0.164851
275.5000,-0.445414,207.678,0.139586
275.4000,0.357212,208.683,0.153973
275.3000,1.33038,207.398,0.135569
275.2000,1.79297,209.245,0.161993
275.1000,1.05226,209.46,0.165061
275.0000,0.719682,208.5,0.151366
274.9000,1.70791,208.141,0.146226
274.8000,-1.24588,208.333,0.148967
274.7000,-0.485321,209.021,0.15881
274.6000,0.262979,209.238,0.161896
274.5000,1.2439,208.121,0.145935
274.4000,1.32729,209.373,0.163818
274.3000,0.850301,208.055,0.144993
274.2000,0.56947,209.157,0.160749
274.1000,0.0945252,208.892,0.156966
274.0000,-1.30587,208.532,0.151819
273.9000,0.924386,208.208,0.147183
273.8000,0.586305,209.153,0.160684
273.7000,-0.0462113,208.373,0.149551
273.6000,1.05506,208.474,0.150993
273.5000,-0.618394,207.975,0.143841
273.4000,0.750064,209.385,0.163995
273.3000,1.56119,209.74,0.169045
273.2000,0.856217,208.938,0.157613
273.1000,-0.347883,208.857,0.156465
273.0000,0.512533,208.954,0.15784
272.9000,-0.729651,209.436,0.164722
272.8000,0.740903,207.81,0.141486
272.7000,-0.26841,208.292,0.148384
272.6000,0.382257,208.94,0.157645
272.5000,0.635648,207.674,0.139537
272.4000,0.269808,209.321,0.163075
272.3000,0.554287,208.879,0.156772
272.2000,-0.648798,207.631,0.138919
272.1000,1.39976,209.314,0.162978
272.0000,2.32952,208.313,0.148692
271.9000,1.04964,208.346,0.149162
271.8000,0.705825,208.637,0.153325
271.7000,0.591568,208.505,0.15143
271.6000,1.14774,208.351,0.149226
271.5000,-1.76793,209.27,0.162348
271.4000,0.0702445,208.829,0.15606
271.3000,0.0177138,209.556,0.166432
271.2000,-1.25536,208.74,0.154798
271.1000,0.103382,209.204,0.161412
271.0000,-1.10337,208.626,0.153163
270.9000,2.762,208.652,0.153536
270.8000,-0.113853,209.096,0.159876
270.7000,1.46006,209.509,0.165755
270.6000,-0.924571,209.245,0.161993
270.5000,-1.40798,208.881,0.156804
270.4000,0.0384872,208.583,0.152548
270.3000,1.38856,208.629,0.153212
270.2000,2.43212,208.616,0.153017
270.1000,-1.32199,207.852,0.142087
270.0000,-0.428841,206.449,0.121925
269.9000,1.22107,207.041,0.13044
269.8000,0.298746,208.591,0.152661
269.7000,-1.13562,208.489,0.151204
269.6000,-0.258458,209.244,0.161977
269.5000,-0.167957,209.308,0.162897
269.4000,0.326613,208.901,0.157096
269.3000,1.90797,209.477,0.165303
269.2000,-0.370528,208.646,0.153455
269.1000,1.79261,208.657,0.1536
269.0000,-0.0266314,209.136,0.160442
268.9000,0.504018,210.047,0.173411
268.8000,0.592915,209.673,0.168094
268.7000,-0.749863,208.989,0.158341
268.6000,0.214457,209.463,0.165109
268.5000,0.357718,209.479,0.165335
268.4000,0.714912,208.495,0.151285
268.3000,0.0708602,209.417,0.164447
268.2000,-0.285191,210.617,0.181501
268.1000,2.2117,208.615,0.153001
268.0000,1.04814,208.884,0.156853
267.9000,0.871241,209.659,0.1679
267.8000,-0.721895,209.53,0.166061
267.7000,-0.271328,209.334,0.163269
267.6000,-0.276275,208.736,0.154733
267.5000,1.08294,210.177,0.175262
267.4000,0.750599,209.707,0.168577
267.3000,-1.07742,208.449,0.150636
267.2000,-0.300696,209.945,0.171961
267.1000,-0.133907,208.79,0.15551
267.0000,-0.647143,207.398,0.135569
266.9000,1.53402,210.028,0.173137
266.8000,1.69216,209.133,0.160393
266.7000,-0.980433,209.089,0.15978
266.6000,1.01928,210.365,0.177932
266.5000,0.454558,209.011,0.158664
266.4000,-2.49618,209.216,0.161589
266.3000,1.14231,208.96,0.157937
266.2000,-0.149603,210.339,0.177562
266.1000,1.08037,210.567,0.180794
266.0000,3.10461,209.612,0.167223
265.9000,-0.792153,209.449,0.164899
265.8000,0.615465,210.732,0.183139
265.7000,0.715197,210.653,0.182015
265.6000,-0.299708,210.172,0.175182
265.5000,0.382522,209.58,0.166771
265.4000,-1.0047,210.098,0.174135
265.3000,2.97909,209.853,0.170657
265.2000,0.127306,209.295,0.162704
265.1000,1.39653,210.902,0.185547
265.0000,-0.375587,210.344,0.177627
264.9000,2.09207,209.612,0.167223
264.8000,1.43107,208.757,0.155041
264.7000,0.449917,210.615,0.181469
264.6000,-0.948207,210.289,0.176855
264.5000,0.812554,210.388,0.178254
264.4000,-0.922422,210.134,0.17465
264.3000,1.43719,210.569,0.180826
264.2000,0.993696,209.463,0.165109
264.1000,0.18946,209.998,0.172718
264.0000,-1.02357,210.744,0.1833
263.9000,-0.0723453,208.277,0.148173
263.8000,-0.769471,209.109,0.160054
263.7000,1.51544,210.803,0.184135
263.6000,-0.716037,210.306,0.177096
263.5000,0.714419,210.551,0.180569
263.4000,0.0216963,209.412,0.164383
263.3000,1.81249,210.667,0.182208
263.2000,0.606911,210.736,0.183187
263.1000,0.793716,211.101,0.188354
263.0000,0.127577,210.278,0.176694
262.9000,0.382408,209.832,0.17035
262.8000,0.426234,209.59,0.166916
262.7000,0.699894,210.528,0.180248
262.6000,0.528208,211.029,0.187344
262.5000,0.714107,211.174,0.189397
262.4000,0.9401,210.477,0.179524
262.3000,0.445525,211.073,0.187969
262.2000,-0.227723,210.866,0.185033
262.1000,0.523998,211.05,0.187633
262.0000,0.378871,210.744,0.1833
261.9000,2.90188,210.125,0.174522
261.8000,0.684123,211.292,0.191063
261.7000,0.427449,211.164,0.189252
261.6000,0.852857,210.557,0.180649
261.5000,-0.86643,210.556,0.180633
261.4000,0.331484,210.819,0.184359
261.3000,0.580861,210.687,0.182497
261.2000,1.35724,210.618,0.181517
261.1000,-0.967185,210.795,0.184022
261.0000,1.32352,210.454,0.179187
260.9000,-0.0813801,211.071,0.187937
260.8000,1.504,210.987,0.186751
260.7000,1.62669,211.262,0.190631
260.6000,0.738154,210.449,0.179122
260.5000,0.0507291,211.203,0.189797
260.4000,1.77552,211.494,0.193914
260.3000,-0.694179,210.768,0.183637
260.2000,2.99005,210.712,0.18285
260.1000,0.242908,211.119,0.188611
260.0000,1.49975,211.131,0.188787
259.9000,1.13208,211.608,0.195531
259.8000,0.497894,211.748,0.197499
259.7000,0.343981,210.058,0.173572
259.6000,2.58915,210.9,0.185515
259.5000,0.865655,211.221,0.190054
259.4000,0.447495,211.008,0.187039
259.3000,-0.236183,210.539,0.180392
259.2000,1.83814,212.236,0.204386
259.1000,-0.359225,211.963,0.200537
259.0000,0.911526,211.175,0.189412
258.9000,0.56975,212.374,0.206333
258.8000,0.298462,210.93,0.185932
258.7000,-1.16503,211.279,0.190871
258.6000,-0.639846,210.785,0.183878
258.5000,0.889613,210.499,0.17983
258.4000,-0.888865,211.939,0.200201
258.3000,-1.37555,213.038,0.215672
258.2000,-0.478374,211.502,0.194026
258.1000,0.317344,212.329,0.205695
258.0000,0.570221,212.563,0.208997
257.9000,0.899015,213.306,0.219426
257.8000,-0.0513812,211.606,0.195499
257.7000,0.560773,212.095,0.202406
257.6000,0.815491,212.137,0.202997
257.5000,1.00752,211.667,0.196363
257.4000,0.643353,211.666,0.196347
257.3000,1.33324,212.781,0.212057
257.2000,-0.203423,212.149,0.203157
257.1000,1.73224,212.06,0.201911
257.0000,0.459499,211.79,0.198091
256.9000,-0.60186,212.076,0.202134
256.8000,1.26811,211.816,0.198458
256.7000,0.0373644,212.391,0.206573
256.6000,0.98443,211.391,0.192457
256.5000,-0.689152,211.931,0.200089
256.4000,1.19581,212.078,0.202166
256.3000,1.669,212.544,0.208726
256.2000,-0.394638,212.301,0.205296
256.1000,-0.843296,211.565,0.194923
256.0000,-0.870786,212.642,0.210097
255.9000,0.429851,212.478,0.207801
255.8000,0.627641,212.585,0.2093
255.7000,-1.71795,212.202,0.203907
255.6000,0.715818,212.376,0.206365
255.5000,0.938445,212.616,0.20973
255.4000,-0.398247,212.012,0.201224
255.3000,0.96396,212.269,0.204849
255.2000,1.53385,213.183,0.217708
255.1000,0.392569,212.672,0.210527
255.0000,1.14738,212.026,0.201431
254.9000,0.203813,212.049,0.201751
254.8000,-0.573382,212.78,0.212041
254.7000,-0.34308,212.591,0.20938
254.6000,1.80135,213.309,0.219473
254.5000,-1.29594,212.835,0.212822
254.4000,0.10661,212.18,0.203604
254.3000,0.606508,212.375,0.206349
254.2000,-0.33435,212.771,0.211914
254.1000,-0.853534,212.201,0.203891
254.0000,1.00668,212.563,0.208997
253.9000,1.138,213.272,0.218949
253.8000,0.179871,212.349,0.205982
253.7000,0.342223,212.997,0.215099
253.6000,0.917619,213.05,0.215831
253.5000,1.59449,212.893,0.213634
253.4000,-1.5138,213.064,0.216038
253.3000,0.103505,213.734,0.225431
253.2000,0.122128,212.97,0.214717
253.1000,1.49162,212.774,0.211961
253.0000,2.13651,213.033,0.215592
252.9000,0.584766,213.268,0.218901
252.8000,-0.193676,213.242,0.218535
252.7000,0.560051,213.072,0.216149
252.6000,1.0198,213.547,0.222811
252.5000,1.92687,213.325,0.219696
252.4000,2.17262,213.186,0.21774
252.3000,-1.16064,213.863,0.227239
252.2000,-0.929668,213.741,0.225526
252.1000,0.999011,213.61,0.2237
252.0000,-0.61975,213.525,0.222509
251.9000,2.09675,213.558,0.222969
251.8000,0.814451,213.583,0.223319
251.7000,0.350525,213.657,0.224351
251.6000,-0.8789,213.975,0.22881
251.5000,0.755806,213.672,0.224557
251.4000,-1.36156,213.499,0.222143
251.3000,0.132556,212.894,0.21365
251.2000,-0.697214,213.111,0.21669
251.1000,0.812354,214.247,0.232613
251.0000,-1.20583,213.823,0.226684
250.9000,0.812849,213.951,0.228477
250.8000,0.0944631,214.296,0.233295
250.7000,1.42116,213.76,0.225795
250.6000,0.161482,214.643,0.238138
250.5000,0.816373,214.26,0.232788
250.4000,1.36861,213.944,0.228366
250.3000,-0.960755,214.009,0.229285
250.2000,0.925837,214.091,0.230427
250.1000,-0.462392,213.522,0.222461
250.0000,-0.199772,214.193,0.231853
249.9000,0.103143,214.739,0.239482
249.8000,-0.853644,214.191,0.231821
249.7000,-0.656717,215.264,0.246795
249.6000,-0.67927,213.755,0.225732
249.5000,0.769866,215.183,0.245675
249.4000,0.312096,214.561,0.236999
249.3000,-0.444591,214.724,0.239276
249.2000,0.76962,214.265,0.232867
249.1000,0.290573,214.365,0.234261
249.0000,-0.520072,215.427,0.249067
248.9000,0.53511,214.413,0.234925
248.8000,0.451839,214.36,0.234197
248.7000,-0.788035,214.908,0.241837
248.6000,1.4311,214.707,0.239039
248.5000,0.206721,214.135,0.231045
248.4000,-0.540334,214.662,0.238407
248.3000,-0.302063,214.759,0.239767
248.2000,-1.63707,214.53,0.236572
248.1000,-0.123618,214.896,0.241679
248.0000,0.951584,214.971,0.242722
247.9000,-1.05987,214.707,0.239039
247.8000,1.6253,215.335,0.247789
247.7000,0.17153,215.163,0.245391
247.6000,0.0579462,215.412,0.248862
247.5000,0.594809,215.237,0.246432
247.4000,-1.84486,215.056,0.243907
247.3000,-1.93266,214.705,0.239008
247.2000,0.920234,215.446,0.249335
247.1000,-0.51507,215.283,0.247064
247.0000,0.642744,215.49,0.24995
246.9000,-1.5644,215.27,0.24689
246.8000,-0.402513,215.274,0.246937
246.7000,-0.833212,215.56,0.250927
246.6000,-2.30143,215.821,0.254551
246.5000,-1.58703,216.424,0.262918
246.4000,-2.10307,215.499,0.250076
246.3000,-1.43301,215.983,0.256802
246.2000,-0.0838474,216.316,0.261425
246.1000,-0.415923,215.682,0.252613
246.0000,0.96148,215.945,0.256267
245.9000,1.05903,216.019,0.257305
245.8000,0.234896,215.509,0.250218
245.7000,-0.383719,216.871,0.269118
245.6000,0.00221307,215.258,0.246717
245.5000,-1.82857,216.453,0.263326
245.4000,-1.50302,216.995,0.270827
245.3000,-1.99137,215.418,0.248941
245.2000,-2.05732,216.4,0.262588
245.1000,-2.27745,216.552,0.264693
245.0000,-2.53824,216.34,0.261755
244.9000,-2.10951,216.701,0.266765
244.8000,-2.7495,216.594,0.265273
244.7000,0.185593,216.422,0.262886
244.6000,-2.8528,215.804,0.254314
244.5000,-0.253302,217.848,0.282612
244.4000,-0.302333,216.964,0.270404
244.3000,-2.26819,216.86,0.268961
244.2000,-2.02778,216.34,0.261755
244.1000,-0.990053,217.118,0.272535
244.0000,-2.08573,217.527,0.278187
243.9000,-0.779563,216.786,0.267941
243.8000,-1.49485,217.624,0.279517
243.7000,-0.38701,216.792,0.26802
243.6000,-4.04851,217.299,0.275026
243.5000,-1.68211,217.614,0.279376
243.4000,-1.50131,217.696,0.280517
243.3000,-2.53746,217.263,0.27454
243.2000,-3.72395,217.333,0.275495
243.1000,-2.05759,216.74,0.267298
243.0000,-4.39604,217.697,0.280533
242.9000,-1.31404,217.682,0.280314
242.8000,-2.24826,218.086,0.285892
242.7000,-5.49488,217.687,0.280392
242.6000,-3.39002,217.737,0.28108
242.5000,-3.012,218.552,0.292302
242.4000,-4.61059,217.804,0.282002
242.3000,-5.21001,218.246,0.288092
242.2000,-3.09785,218.312,0.288997
242.1000,-3.21598,218.546,0.292224
242.0000,-2.44592,218.021,0.285001
241.9000,-2.37352,218.675,0.294
241.8000,-2.82752,218.359,0.289652
241.7000,-2.97791,218.002,0.284736
241.6000,-4.1961,218.237,0.287967
241.5000,-4.30722,218.597,0.292925
241.4000,-5.50096,219.253,0.301936
241.3000,-5.5458,218.404,0.290276
241.2000,-4.07233,218.258,0.288264
241.1000,-5.65122,218.852,0.296429
241.0000,-5.04042,218.757,0.295122
240.9000,-6.24977,219.653,0.307418
240.8000,-5.76424,219.795,0.309357
240.7000,-6.41991,219.481,0.305058
240.6000,-5.95933,219.442,0.30453
240.5000,-5.96723,219.466,0.304856
240.4000,-5.4883,219.192,0.301096
240.3000,-5.12378,219.934,0.311265
240.2000,-6.61065,220.229,0.315293
240.1000,-6.07918,219.841,0.309993
240.0000,-4.39821,219.937,0.311311
239.9000,-6.59323,220.434,0.318095
239.8000,-5.24864,220.251,0.315603
239.7000,-5.92513,220.638,0.320879
239.6000,-6.71762,220.77,0.322688
239.5000,-4.33422,221.248,0.329204
239.4000,-7.84564,220.829,0.323492
239.3000,-7.62362,220.811,0.323244
239.2000,-7.02758,221.768,0.336278
239.1000,-6.4726,221.766,0.336247
239.0000,-8.7485,221.681,0.335092
238.9000,-7.40372,221.949,0.338726
238.8000,-8.35364,220.91,0.324588
238.7000,-10.2069,222.256,0.342893
238.6000,-8.25272,222.248,0.342785
238.5000,-8.61123,222.48,0.345935
238.4000,-7.84949,222.181,0.341879
238.3000,-8.13192,223.368,0.357954
238.2000,-8.26814,223.011,0.35313
238.1000,-10.6037,222.95,0.352302
238.0000,-9.47539,222.436,0.345336
237.9000,-10.6208,223.313,0.357204
237.8000,-8.41972,222.88,0.351352
237.7000,-8.07238,223.058,0.353758
237.6000,-10.7769,224.345,0.371125
237.5000,-9.2808,223.898,0.365096
237.4000,-10.858,223.752,0.36314
237.3000,-9.65845,223.457,0.359148
237.2000,-11.8087,223.665,0.361963
237.1000,-12.7795,224.124,0.36815
237.0000,-10.4134,223.989,0.366333
236.9000,-13.9845,224.761,0.376718
236.8000,-12.0545,224.991,0.379808
236.7000,-11.1226,224.943,0.379168
236.6000,-15.5073,224.974,0.379579
236.5000,-13.2257,224.559,0.374006
236.4000,-13.4992,224.539,0.373732
236.3000,-13.1301,225.272,0.383579
236.2000,-15.3391,225.887,0.391823
236.1000,-14.7546,225.627,0.388333
236.0000,-12.2177,225.503,0.386678
235.9000,-13.4592,226.122,0.394961
235.8000,-14.1093,225.665,0.388849
235.7000,-13.613,226.96,0.406156
235.6000,-14.5343,225.741,0.389866
235.5000,-15.9758,226.587,0.401183
235.4000,-13.8092,226.124,0.394991
235.3000,-17.3107,226.637,0.401848
235.2000,-15.3211,226.84,0.404555
235.1000,-14.5766,226.951,0.406035
235.0000,-15.9416,226.849,0.404676
234.9000,-16.8937,227.938,0.41917
234.8000,-16.8782,227.88,0.418402
234.7000,-17.9032,227.97,0.419591
234.6000,-17.4794,228.306,0.424058
234.5000,-18.8513,229.004,0.433307
234.4000,-16.3047,228.262,0.423472
234.3000,-19.6844,229.076,0.434251
234.2000,-19.9946,228.806,0.430682
234.1000,-19.5745,228.361,0.42478
234.0000,-19.6273,228.591,0.42783
233.9000,-19.1112,229.728,0.442876
233.8000,-21.0517,229.707,0.442592
233.7000,-20.0987,230.67,0.455283
233.6000,-20.6336,229.75,0.44316
233.5000,-22.0431,230.211,0.449241
233.4000,-19.5966,230.248,0.449734
233.3000,-23.6262,230.827,0.457354
233.2000,-21.7162,231.093,0.460838
233.1000,-21.8101,230.477,0.452748
233.0000,-24.6763,231.171,0.461865
232.9000,-22.5759,232.098,0.474016
232.8000,-23.7346,231.471,0.465806
232.7000,-23.6234,231.383,0.464646
232.6000,-24.8893,231.969,0.472339
232.5000,-24.9964,232.102,0.474075
232.4000,-24.5126,232.8,0.483198
232.3000,-24.9347,232.808,0.483302
232.2000,-23.1449,233.643,0.494188
232.1000,-26.7805,232.731,0.482296
232.0000,-25.5757,232.499,0.479261
231.9000,-25.8444,233.846,0.496827
231.8000,-28.0324,233.427,0.49137
231.7000,-27.3836,234.312,0.502879
231.6000,-27.4369,233.673,0.494571
231.5000,-28.8233,234.433,0.504453
231.4000,-28.3295,235.133,0.513531
231.3000,-26.8705,234.845,0.509802
231.2000,-28.0496,234.1,0.500126
231.1000,-30.5899,234.862,0.510023
231.0000,-28.8595,235.191,0.514279
230.9000,-29.6734,235.278,0.515408
230.8000,-31.573,234.786,0.509039
230.7000,-30.7859,235.399,0.516977
230.6000,-29.8775,235.404,0.517036
230.5000,-30.9227,234.681,0.507672
230.4000,-32.2664,235.228,0.514763
230.3000,-30.8822,236.024,0.525044
230.2000,-31.9686,235.517,0.518501
230.1000,-31.021,236.722,0.534042
230.0000,-31.3487,236.743,0.53432
229.9000,-34.2061,236.36,0.529385
229.8000,-30.48,236.723,0.534057
229.7000,-33.0464,236.967,0.537207
229.6000,-33.8233,237.255,0.540908
229.5000,-33.0848,237.694,0.546539
229.4000,-33.79,236.919,0.53658
229.3000,-34.1941,238.412,0.555746
229.2000,-35.0463,237.702,0.546641
229.1000,-37.5347,238.306,0.554383
229.0000,-34.7808,238.529,0.55724
228.9000,-33.7557,239.06,0.564033
228.8000,-38.5131,239.362,0.567881
228.7000,-34.2373,238.928,0.56234
228.6000,-38.2082,239.008,0.563368
228.5000,-37.2718,239.507,0.569731
228.4000,-36.5567,239.518,0.569875
228.3000,-40.2508,239.895,0.574683
228.2000,-38.768,240.313,0.580004
228.1000,-42.6729,240.89,0.587331
228.0000,-38.388,241.128,0.59035
227.9000,-40.1153,241.484,0.594859
227.8000,-39.8685,241.358,0.593266
227.7000,-38.4212,242.232,0.604319
227.6000,-38.4867,242.104,0.602701
227.5000,-41.107,242.401,0.606451
227.4000,-38.3637,242.926,0.613083
227.3000,-40.1411,242.513,0.607867
227.2000,-42.196,243.447,0.619647
227.1000,-40.8371,243.19,0.616409
227.0000,-41.8393,242.678,0.609955
226.9000,-44.8649,243.491,0.620188
226.8000,-42.9895,243.628,0.621913
226.7000,-39.829,244.209,0.629214
226.6000,-43.2649,244.192,0.629001
226.5000,-43.2895,243.809,0.624191
226.4000,-43.2493,245.161,0.641139
226.3000,-43.124,245.137,0.640841
226.2000,-44.6203,243.671,0.622454
226.1000,-47.2835,245.016,0.639324
226.0000,-43.8863,245.031,0.639523
225.9000,-44.7721,245.522,0.645657
225.8000,-44.3546,245.689,0.647737
225.7000,-47.2026,246.546,0.658432
225.6000,-44.6864,246.619,0.659335
225.5000,-44.431,246.554,0.658531
225.4000,-48.5782,246.804,0.661633
225.3000,-45.877,247.036,0.664521
225.2000,-45.3012,246.359,0.656103
225.1000,-43.6372,246.718,0.660562
225.0000,-43.5815,247.393,0.668955
224.9000,-46.795,247.621,0.671781
224.8000,-44.7975,247.94,0.675743
224.7000,-46.0948,248.943,0.688149
224.6000,-44.6582,248.3,0.680206
224.5000,-47.7962,248.584,0.68371
224.4000,-45.1742,249.222,0.69159
224.3000,-48.233,249.836,0.699161
224.2000,-44.9402,249.135,0.690527
224.1000,-46.8796,248.254,0.679631
224.0000,-46.7111,250.426,0.706423
223.9000,-50.2944,249.518,0.695252
223.8000,-45.2725,249.649,0.696858
223.7000,-46.6804,249.913,0.700109
223.6000,-51.6326,250.283,0.704668
223.5000,-48.4542,250.126,0.702731
223.4000,-49.4561,251.236,0.716367
223.3000,-48.7132,250.755,0.710459
223.2000,-47.8974,251.551,0.720226
223.1000,-49.23,251.965,0.725287
223.0000,-48.8139,251.337,0.717603
222.9000,-49.3904,252.187,0.728001
222.8000,-49.4274,252.981,0.737694
222.7000,-54.0183,252.863,0.736258
222.6000,-50.0968,252.69,0.734143
222.5000,-49.3971,253.401,0.742814
222.4000,-50.3387,253.216,0.740552
222.3000,-47.0306,254.207,0.752606
222.2000,-50.834,253.993,0.750006
222.1000,-49.7071,253.243,0.740883
222.0000,-48.911,254.806,0.759875
221.9000,-48.802,255.892,0.773002
221.8000,-49.1747,255.836,0.772332
221.7000,-47.9355,256.845,0.784489
221.6000,-48.5082,255.274,0.76554
221.5000,-50.2126,256.685,0.782565
221.4000,-47.6977,255.823,0.772168
221.3000,-47.6046,255.102,0.763456
221.2000,-49.2063,255.767,0.771497
221.1000,-48.673,256.319,0.778156
221.0000,-50.2934,256.915,0.785334
220.9000,-47.4107,257.116,0.787747
220.8000,-48.4283,257.095,0.787501
220.7000,-52.8513,258.215,0.800939
220.6000,-50.4729,256.661,0.782279
220.5000,-49.0706,258.216,0.800953
220.4000,-46.7714,257.689,0.794634
220.3000,-50.88,258.825,0.80825
220.2000,-49.5605,258.59,0.805431
220.1000,-50.9515,258.651,0.806163
220.0000,-49.7595,258.866,0.808738
219.9000,-50.8925,259.228,0.813058
219.8000,-48.7195,259.625,0.817805
219.7000,-50.7278,259.556,0.81698
219.6000,-46.2234,260.871,0.832629
219.5000,-50.1537,259.394,0.815046
219.4000,-47.0748,259.502,0.816331
219.3000,-48.3099,261.028,0.8345
219.2000,-47.4785,260.834,0.832198
219.1000,-46.5581,261.289,0.837593
219.0000,-49.7603,260.091,0.823355
218.9000,-44.852,261.677,0.842202
218.8000,-50.1386,262.233,0.848776
218.7000,-50.2965,261.856,0.844323
218.6000,-48.3594,261.62,0.841517
218.5000,-45.9931,261.604,0.841329
218.4000,-49.3276,262.534,0.852339
218.3000,-48.8686,263.299,0.861368
218.2000,-46.0352,263.781,0.867055
218.1000,-50.4217,262.943,0.857171
218.0000,-47.5452,264.219,0.8722
217.9000,-48.2224,265.091,0.882443
217.8000,-48.0531,265.401,0.886067
217.7000,-48.529,263.77,0.866921
217.6000,-50.8905,264.657,0.877351
217.5000,-48.9095,264.298,0.873132
217.4000,-46.7697,264.878,0.879944
217.3000,-49.873,264.924,0.880476
217.2000,-49.191,266.026,0.893386
217.1000,-48.9079,265.837,0.891173
217.0000,-50.9867,267.863,0.914795
216.9000,-43.7037,267.122,0.906172
216.8000,-49.5255,267.141,0.906397
216.7000,-47.8212,266.8,0.902422
216.6000,-47.3686,268.492,0.922098
216.5000,-47.6685,268.577,0.923083
216.4000,-53.1948,268.24,0.919179
216.3000,-50.5785,267.981,0.916165
216.2000,-49.3149,269.975,0.939264
216.1000,-49.5953,269.144,0.929661
216.0000,-44.5644,271.089,0.952104
215.9000,-48.0382,269.307,0.93155
215.8000,-46.0564,269.954,0.939029
215.7000,-48.2501,270.126,0.941004
215.6000,-47.2505,270.966,0.950696
215.5000,-49.7095,269.218,0.930514
215.4000,-50.4958,271.211,0.953512
215.3000,-48.5682,271.397,0.955649
215.2000,-47.8022,271.025,0.951374
215.1000,-44.285,272.044,0.963081
215.0000,-45.4028,271.549,0.957395
214.9000,-49.0788,271.926,0.961728
214.8000,-46.3944,271.703,0.959165
214.7000,-49.9113,273.145,0.975697
214.6000,-46.9987,274.298,0.988853
214.5000,-48.2482,274.32,0.989111
214.4000,-47.032,273.918,0.984524
214.3000,-48.603,274.552,0.991757
214.2000,-49.5305,274.372,0.989705
214.1000,-47.157,274.262,0.988452
214.0000,-48.4954,276.012,1.00834
213.9000,-47.5862,275.942,1.00754
213.8000,-50.6107,275.695,1.00474
213.7000,-50.9616,276.135,1.00974
213.6000,-46.4879,277.136,1.02106
213.5000,-50.5483,277.459,1.02471
213.4000,-47.064,276.64,1.01545
213.3000,-48.6938,277.833,1.02893
213.2000,-51.343,276.533,1.01424
213.1000,-49.2707,277.263,1.02249
213.0000,-49.0563,278.421,1.03555
212.9000,-50.3244,278.306,1.03426
212.8000,-47.4797,278.738,1.03912
212.7000,-49.8598,278.564,1.03716
212.6000,-52.8267,280.252,1.05611
212.5000,-49.4469,280.013,1.05343
212.4000,-48.8367,280.025,1.05357
212.3000,-51.7715,280.63,1.06034
212.2000,-46.8655,281.267,1.06745
212.1000,-51.5747,281.446,1.06945
212.0000,-52.0762,282.316,1.07915
211.9000,-48.747,282.354,1.07956
211.8000,-48.9495,282.575,1.08202
211.7000,-53.9563,282.471,1.08087
211.6000,-48.6881,284.309,1.10126
211.5000,-47.0739,284.736,1.10598
211.4000,-50.967,283.005,1.0868
211.3000,-51.2921,284.202,1.10007
211.2000,-48.838,283.67,1.09418
211.1000,-49.7713,285.504,1.11445
211.0000,-51.4607,285.431,1.11365
210.9000,-52.9849,285.159,1.11065
210.8000,-47.3017,286.602,1.12653
210.7000,-51.5556,288.341,1.14559
210.6000,-51.0933,287.808,1.13977
210.5000,-49.3944,287.784,1.1395
210.4000,-52.9631,288.023,1.14212
210.3000,-50.8874,289.728,1.16072
210.2000,-50.9505,289.421,1.15738
210.1000,-51.3687,289.243,1.15544
210.0000,-53.7552,291.554,1.18056
209.9000,-53.7675,291.104,1.17569
209.8000,-51.5303,292.048,1.18591
209.7000,-55.2302,292.254,1.18814
209.6000,-53.0786,291.011,1.17468
209.5000,-46.0879,293.905,1.20595
209.4000,-50.8329,292.541,1.19124
209.3000,-43.5826,293.787,1.20468
209.2000,-51.3816,294.771,1.21525
209.1000,-52.9796,295.843,1.22674
209.0000,-56.6273,296.687,1.23576
208.9000,-54.6194,296.512,1.2339
208.8000,-57.0435,296.852,1.23753
208.7000,-52.7451,298.312,1.25307
208.6000,-54.6306,298.686,1.25704
208.5000,-50.0954,298.621,1.25635
208.4000,-50.4294,299.288,1.26343
208.3000,-49.2762,299.931,1.27024
208.2000,-54.2656,300.605,1.27736
208.1000,-49.1046,301.166,1.28328
208.0000,-53.4606,301.685,1.28875
207.9000,-56.9595,303.147,1.30411
207.8000,-49.007,304.413,1.31737
207.7000,-55.2188,304.537,1.31866
207.6000,-49.3228,303.692,1.30982
207.5000,-51.0491,304.226,1.31541
207.4000,-49.4126,306.391,1.33797
207.3000,-44.5011,307.253,1.34692
207.2000,-47.9015,307.369,1.34813
207.1000,-51.1481,308.155,1.35627
207.0000,-50.4346,309.479,1.36994
206.9000,-43.9896,308.452,1.35933
206.8000,-50.1978,310.017,1.37549
206.7000,-46.5375,311.155,1.38718
206.6000,-47.8475,310.65,1.38199
206.5000,-47.6454,312.776,1.40378
206.4000,-44.1711,312.161,1.39749
206.3000,-41.5201,314.345,1.41976
206.2000,-49.5205,314.983,1.42625
206.1000,-43.1967,315.471,1.43121
206.0000,-49.0483,316.148,1.43807
205.9000,-44.4488,317.437,1.45109
205.8000,-36.4842,318.224,1.45903
205.7000,-43.7018,318.636,1.46317
205.6000,-45.9498,320.186,1.47873
205.5000,-33.6085,319.583,1.47269
205.4000,-36.9273,320.56,1.48248
205.3000,-35.6604,323.389,1.51069
205.2000,-32.246,323.779,1.51456
205.1000,-38.2136,324.27,1.51944
205.0000,-34.7974,325.725,1.53383
204.9000,-31.6312,327.14,1.54779
204.8000,-39.7337,327.322,1.54957
204.7000,-31.4993,327.709,1.55338
204.6000,-33.9235,330.112,1.57692
204.5000,-32.2773,330.189,1.57767
204.4000,-30.7253,332.086,1.59615
204.3000,-24.609,332.235,1.59759
204.2000,-36.8844,333.655,1.61137
204.1000,-33.8453,335.889,1.63293
204.0000,-18.9798,336.667,1.64041
203.9000,-21.4667,337.253,1.64604
203.8000,-30.3841,338.067,1.65383
203.7000,-27.5058,339.132,1.66402
203.6000,-27.1054,339.308,1.6657
203.5000,-29.4376,342.166,1.69288
203.4000,-19.0892,342.425,1.69534
203.3000,-18.7979,343.341,1.704
203.2000,-13.8817,344.527,1.7152
203.1000,-19.9363,346.983,1.73827
203.0000,-23.5006,347.55,1.74358
202.9000,-23.998,349.213,1.7591
202.8000,-5.70109,351.074,1.7764
202.7000,-11.5894,350.138,1.76771
202.6000,-5.43063,351.301,1.77851
202.5000,-7.14572,352.867,1.793
202.4000,-7.92605,353.98,1.80327
202.3000,-12.5892,355.235,1.81481
202.2000,-1.51185,356.209,1.82375
202.1000,-14.0312,360.339,1.86141
202.0000,-6.18953,359.847,1.85694
201.9000,-6.91896,361.243,1.86961
201.8000,-3.18211,363.65,1.89134
201.7000,0.123921,363.804,1.89273
201.6000,-2.25175,365.991,1.91237
201.5000,4.39388,368.206,1.93216
201.4000,-1.50072,369.721,1.94564
201.3000,0.177783,370.75,1.95477
201.2000,2.57196,371.631,1.96257
201.1000,4.9699,373.422,1.97837
201.0000,5.368,374.981,1.99208
200.9000,6.87282,376.078,2.0017
200.8000,2.31008,377.772,2.0165
200.7000,5.94166,378.931,2.0266
200.6000,-0.532905,381.117,2.04558
200.5000,12.9667,382.814,2.06024
200.4000,5.96311,383.736,2.06819
200.3000,20.7473,385.864,2.08646
200.2000,19.8256,387.74,2.10251
200.1000,11.2105,389.36,2.11631
200.0000,12.2367,391.209,2.132
199.9000,15.737,393.638,2.15252
199.8000,22.3368,394.4,2.15894
199.7000,30.3135,396.34,2.17523
199.6000,12.981,397.635,2.18606
199.5000,18.2248,399.767,2.20383
199.4000,18.559,400.076,2.2064
199.3000,28.9972,402.334,2.22513
199.2000,33.2108,403.774,2.23703
199.1000,34.4062,405.551,2.25165
199.0000,23.236,406.83,2.26215
198.9000,25.1553,409.148,2.28111
198.8000,40.9939,411.392,2.29937
198.7000,20.4871,413.226,2.31423
198.6000,38.9406,416.003,2.33664
198.5000,28.9231,416.584,2.3413
198.4000,28.9603,418.464,2.35638
198.3000,33.9055,420.318,2.37119
198.2000,31.2057,423.498,2.39646
198.1000,37.4539,423.789,2.39877
198.0000,43.7021,425.843,2.41501
197.9000,43.5424,428.434,2.43539
197.8000,20.0086,429.012,2.43992
197.7000,39.656,432.043,2.46361
197.6000,29.6732,433.22,2.47277
197.5000,35.7164,435.369,2.48944
197.4000,45.2365,436.946,2.50163
197.3000,35.5528,439.34,2.52006
197.2000,34.3183,440.563,2.52944
197.1000,44.7234,442.333,2.54298
197.0000,36.8153,444.202,2.55724
196.9000,27.2079,446.553,2.5751
196.8000,36.7081,448.898,2.59282
196.7000,38.9464,450.052,2.60152
196.6000,29.4795,452.861,2.62261
196.5000,38.4604,455.038,2.63888
196.4000,47.19,456.694,2.65121
196.3000,49.2179,459.298,2.67052
196.2000,43.3847,461.989,2.69039
196.1000,47.8292,463.139,2.69885
196.0000,35.73,465.635,2.71715
195.9000,38.8517,466.729,2.72514
195.8000,50.9558,469.286,2.74376
195.7000,38.7813,471.175,2.75746
195.6000,35.8347,473.438,2.77382
195.5000,34.7402,474.947,2.78469
195.4000,38.3101,476.895,2.79867
195.3000,42.0003,477.128,2.80035
195.2000,38.7657,480.085,2.82148
195.1000,23.351,481.139,2.82898
195.0000,41.0811,484.416,2.85223
194.9000,41.3136,485.455,2.85957
194.8000,45.6982,486.386,2.86615
194.7000,41.2877,488.189,2.87883
194.6000,41.6343,490.441,2.89463
194.5000,34.2151,491.678,2.90328
194.4000,35.0971,493.556,2.91638
194.3000,45.5885,495.021,2.92657
194.2000,40.8624,497.627,2.94463
194.1000,43.5069,498.917,2.95354
194.0000,38.6256,499.812,2.95971
193.9000,46.3895,503.218,2.9831
193.8000,44.1151,505.235,2.9969
193.7000,40.5362,506.55,3.00587
193.6000,34.1728,507.909,3.01511
193.5000,55.1187,509.69,3.0272
193.4000,47.474,511.833,3.04169
193.3000,40.6155,513.124,3.0504
193.2000,33.7974,514.621,3.06047
193.1000,23.9461,516.245,3.07137
193.0000,41.0833,517.455,3.07948
192.9000,39.5325,519.059,3.09019
192.8000,20.3565,521.637,3.10736
192.7000,40.2548,522.226,3.11127
192.6000,44.3178,524.909,3.12904
192.5000,31.5576,526.771,3.14133
192.4000,33.5162,528.655,3.15373
192.3000,40.6546,531.897,3.17497
192.2000,28.2926,532.473,3.17873
192.1000,21.4375,535.176,3.19634
192.0000,30.1477,535.102,3.19586
191.9000,31.4196,537.337,3.21037
191.8000,24.0895,539.439,3.22396
191.7000,35.7292,541.879,3.23969
191.6000,41.709,543.398,3.24945
191.5000,23.5498,544.65,3.25748
191.4000,32.9738,546.765,3.271
191.3000,46.1386,550.141,3.2925
191.2000,29.1634,550.331,3.29371
191.1000,35.0681,553.358,3.31289
191.0000,27.3172,556.758,3.33431
190.9000,34.8376,557.384,3.33825
190.8000,34.3364,559.815,3.35349
190.7000,18.9811,563.812,3.37843
190.6000,30.0125,566.46,3.39487
190.5000,28.1637,568.59,3.40804
190.4000,18.225,571.425,3.42551
190.3000,34.7811,573.226,3.43657
190.2000,27.7655,574.029,3.44149
190.1000,23.0528,577.172,3.46071
190.0000,19.541,578.978,3.4717

##### Extended Information
[Comments]
Sample name,JN_AD_BufferandProtein
Comment,Buffer and Protein
User,Jocelyn_Andrew
Division
Company,Saint Mary's College

[Detailed Information]
Creation date,9/29/2022 3:34 PM

Data array type,Linear data array * 3
Horizontal axis,Wavelength [nm]
Vertical axis(1),CD [mdeg]
Vertical axis(2),HT [V]
Vertical axis(3),Abs
Start,320 nm
End,190 nm
Data interval,0.1 nm
Data points,1301    

[Measurement Information]
Instrument name,J-1500
Model name,J-1500
Serial No.,B051061638

Detector,PM-539
Detector S/N,B051061638
  Lock-in amp.,X mode
  HT volt,Auto

Accessory,PTC-517
Accessory S/N,B026561646
  Temperature,22.36 C
  Control sensor,Holder
  Monitor sensor,Holder

Measurement date,9/29/2022 3:34 PM

CD Overload detect,997
Photometric mode,CD, HT, Abs
Measure range,320 - 190 nm
Data pitch,0.1 nm
CD scale,20 mdeg/0.05 dOD
FL scale,20 mdeg/0.05 dOD
D.I.T.,8 msec
Bandwidth,2.00 nm
Start mode,Immediately
Scanning mode,Continuous
Scanning speed,200 nm/min
Baseline correction,None
Shutter control,Auto
No. of cycle,1/1
N2 Flowmeter,Manual

Solvent,NaPO4 buffer

