TITLE,class
DATA TYPE,
ORIGIN,JASCO
OWNER,
DATE,21/09/30
TIME,15:47:43
SPECTROMETER/DATA SYSTEM,
LOCALE,1033
RESOLUTION,
DELTAX,-0.1
XUNITS,NANOMETERS
YUNITS,CD [mdeg]
Y2UNITS,HT [V]
Y3UNITS,ABSORBANCE
FIRSTX,  290.0000
LASTX,  190.0000
NPOINTS,    1001
FIRSTY,     1.33661
MAXY,    10.86103
MINY,    -3.94661
XYDATA
290.0000,1.33661,254.591,0.757263
289.9000,1.03575,254.554,0.75682
289.8000,1.31125,254.657,0.758065
289.7000,1.63246,254.454,0.755606
289.6000,1.6942,254.729,0.758933
289.5000,1.67704,254.193,0.752438
289.4000,1.58099,254.225,0.752827
289.3000,1.47262,254.684,0.758386
289.2000,0.729334,254.639,0.757844
289.1000,1.08166,254.293,0.75365
289.0000,1.38837,254.479,0.75591
288.9000,1.28829,254.335,0.754161
288.8000,0.258744,254.388,0.754803
288.7000,1.05992,254.529,0.756517
288.6000,1.18355,254.294,0.753657
288.5000,1.01047,254.378,0.754677
288.4000,1.28974,254.369,0.754567
288.3000,0.906475,254.607,0.757458
288.2000,1.1547,254.407,0.755034
288.1000,1.0575,254.662,0.758125
288.0000,1.57516,254.445,0.755491
287.9000,0.617589,254.535,0.756586
287.8000,1.57382,254.391,0.754842
287.7000,1.47628,254.328,0.754068
287.6000,1.67772,254.481,0.755935
287.5000,0.312474,254.09,0.751191
287.4000,1.07341,254.331,0.754116
287.3000,1.58537,254.497,0.756118
287.2000,0.296157,254.234,0.752932
287.1000,0.912284,254.248,0.753107
287.0000,1.5679,254.374,0.75463
286.9000,1.51217,254.138,0.751771
286.8000,1.56246,254.434,0.75536
286.7000,1.81201,254.314,0.753903
286.6000,1.4158,254.164,0.752077
286.5000,1.05053,254.32,0.753977
286.4000,1.11872,253.971,0.749739
286.3000,1.31868,254.294,0.75366
286.2000,0.981264,254.209,0.752625
286.1000,0.938215,254.189,0.752384
286.0000,0.83002,254.264,0.753296
285.9000,1.65847,254.195,0.752458
285.8000,0.896567,254.25,0.753123
285.7000,1.49595,254.224,0.752814
285.6000,0.89655,253.947,0.749446
285.5000,1.17408,254.037,0.750535
285.4000,1.01922,254.273,0.753409
285.3000,1.16309,253.94,0.749363
285.2000,1.47889,253.982,0.749875
285.1000,0.680158,254.032,0.750475
285.0000,1.69615,254.187,0.75236
284.9000,1.57905,253.948,0.749455
284.8000,2.0022,254.126,0.751625
284.7000,1.17082,254.053,0.750733
284.6000,0.778891,253.865,0.748457
284.5000,0.781038,254.259,0.753241
284.4000,1.45524,254.257,0.753212
284.3000,1.34457,254.153,0.751945
284.2000,1.0602,254.188,0.752372
284.1000,1.12413,253.775,0.747353
284.0000,1.24981,254.04,0.750577
283.9000,1.34929,253.746,0.746999
283.8000,0.920942,253.496,0.74397
283.7000,1.50511,253.949,0.749474
283.6000,1.3294,253.916,0.749076
283.5000,0.471543,253.682,0.746225
283.4000,0.987872,253.831,0.748042
283.3000,1.42028,254.347,0.754308
283.2000,1.28491,253.897,0.74884
283.1000,1.60198,253.75,0.747049
283.0000,1.7242,253.915,0.749055
282.9000,1.25967,253.953,0.749517
282.8000,1.05065,253.898,0.748858
282.7000,1.3113,254.091,0.751193
282.6000,1.11145,253.9,0.748872
282.5000,0.944006,253.677,0.746165
282.4000,1.11033,254.177,0.752237
282.3000,0.703978,254.026,0.750406
282.2000,0.935432,253.703,0.746476
282.1000,1.04924,253.875,0.748567
282.0000,1.58945,253.668,0.746055
281.9000,1.08679,254.262,0.753271
281.8000,1.21298,253.955,0.749543
281.7000,0.880013,253.683,0.746236
281.6000,0.910812,253.831,0.748035
281.5000,1.06154,253.704,0.746496
281.4000,1.40859,253.516,0.744204
281.3000,0.603057,253.757,0.747137
281.2000,1.84248,253.617,0.745439
281.1000,0.629212,253.616,0.745426
281.0000,0.322462,253.696,0.746392
280.9000,0.590396,253.639,0.745708
280.8000,0.96462,253.609,0.745337
280.7000,0.674128,253.62,0.745469
280.6000,1.03935,253.643,0.745753
280.5000,0.900804,253.506,0.744081
280.4000,1.28077,253.519,0.744247
280.3000,1.19189,253.649,0.745828
280.2000,1.37624,253.585,0.74505
280.1000,1.26637,253.483,0.743809
280.0000,0.881644,253.618,0.745445
279.9000,1.54891,253.526,0.744332
279.8000,0.669316,253.614,0.745401
279.7000,0.809242,253.574,0.744914
279.6000,1.31364,253.506,0.744088
279.5000,1.12175,253.655,0.745897
279.4000,1.69351,253.993,0.750002
279.3000,0.531274,253.406,0.742872
279.2000,1.08676,253.489,0.743885
279.1000,0.62349,253.695,0.746384
279.0000,1.37945,253.422,0.743067
278.9000,0.497461,253.515,0.74419
278.8000,0.796602,253.15,0.739748
278.7000,1.27499,253.368,0.742403
278.6000,1.20321,253.375,0.742492
278.5000,1.02984,253.335,0.742009
278.4000,1.15723,253.903,0.748912
278.3000,1.64957,253.427,0.74313
278.2000,1.85352,253.367,0.742388
278.1000,2.03962,253.597,0.745191
278.0000,0.806449,253.278,0.741309
277.9000,-0.0803782,253.429,0.743152
277.8000,1.22877,253.097,0.739108
277.7000,0.732662,253.697,0.74641
277.6000,0.784111,253.219,0.740596
277.5000,1.37456,253.521,0.744272
277.4000,1.7105,253.402,0.742821
277.3000,1.15153,253.258,0.741062
277.2000,1.22028,253.632,0.745621
277.1000,1.54188,253.508,0.744107
277.0000,1.49699,253.463,0.743557
276.9000,0.960676,253.399,0.74278
276.8000,0.725602,253.313,0.741736
276.7000,0.883465,253.488,0.743869
276.6000,0.779602,253.151,0.739769
276.5000,0.782175,253.245,0.74091
276.4000,0.794411,253.589,0.745094
276.3000,0.338231,253.14,0.739626
276.2000,0.909732,253.592,0.74513
276.1000,0.556167,253.384,0.742607
276.0000,0.814136,253.076,0.738852
275.9000,1.59029,253.327,0.741907
275.8000,1.65209,253.081,0.738918
275.7000,0.50122,253.331,0.741962
275.6000,0.377356,253.103,0.739174
275.5000,0.816909,253.192,0.74026
275.4000,1.10022,253.185,0.740182
275.3000,0.597736,253.333,0.741981
275.2000,0.723009,253.633,0.745632
275.1000,0.28724,253.183,0.740156
275.0000,0.684437,253.179,0.740105
274.9000,1.07108,253.42,0.743037
274.8000,2.04532,253.096,0.739097
274.7000,0.761555,253.221,0.740623
274.6000,0.494803,252.878,0.736442
274.5000,1.20864,253.214,0.740534
274.4000,0.716477,253.273,0.741245
274.3000,1.54853,253.037,0.738379
274.2000,0.709745,253.157,0.739833
274.1000,0.470078,253.185,0.740183
274.0000,0.340822,253.026,0.738246
273.9000,0.758556,253.022,0.738198
273.8000,0.868392,252.997,0.737891
273.7000,0.434826,252.841,0.735982
273.6000,1.39893,252.995,0.737869
273.5000,1.09707,253.147,0.739716
273.4000,0.607127,253.1,0.739141
273.3000,0.986348,253.019,0.73816
273.2000,1.92861,253.076,0.73885
273.1000,0.747196,253.269,0.741204
273.0000,0.925973,253.083,0.738933
272.9000,0.926784,252.983,0.737721
272.8000,1.16279,252.946,0.737263
272.7000,0.808341,253.51,0.744139
272.6000,1.65498,252.731,0.73465
272.5000,0.556821,253.248,0.740951
272.4000,1.06301,253.174,0.740045
272.3000,0.632211,252.857,0.736185
272.2000,0.773884,253.291,0.741465
272.1000,1.30621,252.959,0.737426
272.0000,0.899827,252.93,0.737077
271.9000,1.60363,252.878,0.736443
271.8000,1.31259,252.854,0.736149
271.7000,0.572921,252.81,0.735605
271.6000,0.93372,252.925,0.737008
271.5000,1.34633,252.897,0.736667
271.4000,0.551674,252.964,0.737492
271.3000,0.201184,252.959,0.737419
271.2000,1.11026,253.046,0.738491
271.1000,0.719611,253.119,0.739375
271.0000,0.253544,252.804,0.73554
270.9000,-0.055388,253.014,0.738092
270.8000,0.579698,252.885,0.736518
270.7000,0.57887,252.855,0.736153
270.6000,0.515371,252.981,0.737694
270.5000,1.18056,252.926,0.737027
270.4000,0.76682,253.267,0.741172
270.3000,1.24584,253.058,0.738633
270.2000,1.08491,252.909,0.736818
270.1000,0.148737,253.046,0.738491
270.0000,1.32962,252.986,0.737752
269.9000,1.64822,253.067,0.738741
269.8000,1.27942,252.615,0.733225
269.7000,0.726254,252.982,0.737703
269.6000,1.06814,253.128,0.739485
269.5000,1.26329,253.282,0.741355
269.4000,0.851875,253.296,0.741529
269.3000,1.23894,253.232,0.740752
269.2000,0.589586,253.17,0.739991
269.1000,0.938485,253.342,0.742089
269.0000,1.20292,253.162,0.739903
268.9000,0.470546,253.278,0.741311
268.8000,0.411246,253.047,0.738492
268.7000,0.533411,253.116,0.739337
268.6000,0.582667,253.024,0.738212
268.5000,0.927944,253.081,0.738915
268.4000,0.906272,253.184,0.740166
268.3000,1.03134,253.211,0.740493
268.2000,0.643795,253.127,0.739469
268.1000,0.788317,253.27,0.741214
268.0000,0.972184,252.929,0.737056
267.9000,0.334297,252.942,0.737214
267.8000,0.209741,253.588,0.745089
267.7000,1.95799,253.052,0.738562
267.6000,0.641013,253.272,0.741234
267.5000,0.270805,253.263,0.741128
267.4000,0.309719,253.51,0.744137
267.3000,0.812203,253.026,0.738245
267.2000,1.05204,253.194,0.740288
267.1000,0.910445,253.387,0.742642
267.0000,0.254219,253.437,0.743243
266.9000,0.694716,253.397,0.742756
266.8000,0.522225,253.192,0.740267
266.7000,0.0660892,253.304,0.741633
266.6000,0.915199,253.468,0.743622
266.5000,0.326495,253.271,0.741224
266.4000,0.800019,253.401,0.742808
266.3000,0.767327,253.318,0.741795
266.2000,0.932272,253.43,0.743157
266.1000,1.38574,253.193,0.740271
266.0000,0.956372,253.27,0.741216
265.9000,1.12195,253.363,0.742344
265.8000,0.699845,253.194,0.740286
265.7000,1.02435,253.359,0.742296
265.6000,0.214815,253.612,0.745371
265.5000,1.21297,253.513,0.744173
265.4000,0.563795,253.735,0.746871
265.3000,0.559069,253.536,0.744456
265.2000,1.38326,253.55,0.744624
265.1000,0.231905,253.851,0.748276
265.0000,0.0571982,253.55,0.744623
264.9000,1.24074,253.508,0.744113
264.8000,0.718001,253.566,0.74482
264.7000,0.566409,253.789,0.747527
264.6000,1.05243,253.883,0.74867
264.5000,1.05001,253.803,0.747703
264.4000,1.30722,253.805,0.747718
264.3000,0.156197,253.522,0.744278
264.2000,0.846412,253.621,0.745483
264.1000,0.444455,253.711,0.746583
264.0000,1.25397,253.625,0.74553
263.9000,0.176984,253.863,0.748423
263.8000,0.771472,253.875,0.748567
263.7000,0.121033,253.924,0.749172
263.6000,0.16069,253.643,0.745746
263.5000,1.754,254.277,0.753449
263.4000,0.893623,254.159,0.752016
263.3000,0.710745,253.751,0.747072
263.2000,0.912366,253.969,0.749713
263.1000,0.406766,253.897,0.748845
263.0000,0.617347,254.365,0.75452
262.9000,0.6267,253.888,0.748731
262.8000,0.959408,253.799,0.747643
262.7000,0.57741,254.052,0.750718
262.6000,0.148891,254.107,0.751386
262.5000,0.592927,253.944,0.749412
262.4000,1.0653,254.048,0.750675
262.3000,0.135694,253.996,0.750044
262.2000,0.420396,254.225,0.752825
262.1000,1.02844,253.932,0.74926
262.0000,0.924491,254.173,0.752188
261.9000,0.657421,254.107,0.751389
261.8000,0.989938,254.038,0.750558
261.7000,0.790348,253.965,0.749668
261.6000,1.0012,254.142,0.751821
261.5000,0.769865,254.117,0.751516
261.4000,0.340641,254.338,0.754198
261.3000,0.806618,254.383,0.754746
261.2000,0.290826,254.341,0.754236
261.1000,0.962525,254.242,0.753028
261.0000,0.176392,254.485,0.75598
260.9000,0.463608,254.856,0.760477
260.8000,0.0114017,254.324,0.75403
260.7000,0.807646,254.249,0.753119
260.6000,0.845409,253.917,0.749078
260.5000,0.535776,254.154,0.75196
260.4000,0.299285,254.398,0.754926
260.3000,1.51784,254.369,0.754565
260.2000,0.210449,254.809,0.759905
260.1000,0.153366,254.811,0.759924
260.0000,0.675142,254.502,0.756189
259.9000,0.27941,254.75,0.759194
259.8000,0.302687,254.989,0.762085
259.7000,0.907025,254.619,0.757599
259.6000,0.710888,254.504,0.756213
259.5000,0.51449,254.708,0.758678
259.4000,0.314879,254.831,0.760178
259.3000,0.93306,254.77,0.759436
259.2000,0.092563,254.722,0.758854
259.1000,0.599623,255.124,0.763719
259.0000,1.0934,254.954,0.761661
258.9000,0.575957,254.681,0.758351
258.8000,0.529298,255.194,0.76457
258.7000,1.59482,255.07,0.763068
258.6000,-0.104552,255.192,0.764542
258.5000,0.0892225,254.945,0.761548
258.4000,0.619014,254.99,0.762097
258.3000,0.741483,254.962,0.761754
258.2000,0.346703,255.246,0.765201
258.1000,0.265064,255.234,0.765049
258.0000,1.45048,254.916,0.761207
257.9000,0.662575,254.927,0.761336
257.8000,1.07498,254.932,0.7614
257.7000,0.597928,255.105,0.763493
257.6000,0.28408,255.309,0.765961
257.5000,0.764011,255.236,0.765072
257.4000,0.455933,255.3,0.76585
257.3000,0.0485061,255.264,0.765416
257.2000,0.630509,255.253,0.765285
257.1000,-0.351735,255.379,0.766803
257.0000,0.346698,255.745,0.771231
256.9000,1.47594,255.417,0.767265
256.8000,0.860566,255.409,0.767171
256.7000,0.545251,255.373,0.766731
256.6000,0.602333,255.433,0.767455
256.5000,0.945067,255.613,0.769629
256.4000,0.873809,255.711,0.770816
256.3000,0.297982,255.556,0.768944
256.2000,1.54216,255.497,0.768231
256.1000,0.00311374,255.303,0.76589
256.0000,0.856226,255.377,0.766779
255.9000,1.10109,255.43,0.767421
255.8000,0.340717,255.617,0.769682
255.7000,1.2489,255.514,0.768432
255.6000,0.97646,255.634,0.769892
255.5000,0.372084,255.561,0.769002
255.4000,0.501232,255.675,0.770384
255.3000,0.512617,255.472,0.767931
255.2000,0.196033,255.658,0.770178
255.1000,1.13817,255.614,0.769642
255.0000,0.875738,255.676,0.77039
254.9000,0.90929,255.705,0.770749
254.8000,0.445746,255.839,0.772362
254.7000,0.827204,255.89,0.772975
254.6000,0.913973,255.911,0.773228
254.5000,0.793947,256.001,0.774317
254.4000,0.89349,255.864,0.772661
254.3000,0.498443,255.88,0.772863
254.2000,1.22654,256.145,0.776055
254.1000,0.924285,256.043,0.774826
254.0000,0.235939,255.931,0.77347
253.9000,0.59899,255.982,0.774088
253.8000,-0.14646,256.057,0.774989
253.7000,0.855699,256.224,0.777013
253.6000,0.615874,256.201,0.776728
253.5000,1.02443,256.574,0.781228
253.4000,1.95738,256.301,0.777934
253.3000,0.772607,256.122,0.775783
253.2000,1.49718,255.898,0.773076
253.1000,0.774902,256.092,0.775421
253.0000,0.306627,256.484,0.780148
252.9000,1.10142,256.349,0.778521
252.8000,0.34115,256.784,0.783752
252.7000,1.24812,256.582,0.78132
252.6000,0.0676836,256.139,0.775984
252.5000,0.854966,256.253,0.777364
252.4000,0.20155,256.591,0.781434
252.3000,-0.110043,256.396,0.779083
252.2000,0.518584,256.475,0.780032
252.1000,1.49027,256.859,0.784657
252.0000,0.519066,256.418,0.779342
251.9000,1.23609,256.423,0.779414
251.8000,0.600795,256.688,0.782596
251.7000,1.20232,256.537,0.780777
251.6000,0.124417,256.233,0.777115
251.5000,0.63681,256.555,0.780996
251.4000,0.346633,256.329,0.778277
251.3000,0.614122,256.738,0.783199
251.2000,0.0930779,256.089,0.775378
251.1000,0.577974,256.731,0.783114
251.0000,0.336671,256.507,0.780424
250.9000,0.760657,256.664,0.782315
250.8000,0.919932,256.564,0.781104
250.7000,0.966206,256.953,0.785787
250.6000,1.2834,256.923,0.785426
250.5000,0.708674,257.07,0.787198
250.4000,0.710562,256.558,0.781037
250.3000,0.136469,256.708,0.782844
250.2000,0.0457084,256.75,0.783347
250.1000,0.351721,256.973,0.786028
250.0000,0.108135,256.865,0.784731
249.9000,0.335049,257.215,0.788938
249.8000,1.47914,256.99,0.786236
249.7000,1.54111,256.569,0.781162
249.6000,1.1441,256.83,0.784312
249.5000,0.591383,256.752,0.783375
249.4000,1.12559,256.75,0.783342
249.3000,0.787832,256.533,0.780731
249.2000,0.394176,256.62,0.781781
249.1000,1.03662,256.713,0.782898
249.0000,1.09332,256.632,0.781931
248.9000,0.772406,256.536,0.780771
248.8000,0.642468,256.673,0.782419
248.7000,0.496245,256.786,0.783781
248.6000,1.15725,256.973,0.786025
248.5000,0.392143,256.706,0.782813
248.4000,1.09451,256.52,0.78058
248.3000,0.566909,256.9,0.785154
248.2000,1.03656,256.787,0.783788
248.1000,0.463297,256.444,0.779661
248.0000,1.12818,256.603,0.781579
247.9000,0.232419,256.47,0.779969
247.8000,0.654817,256.595,0.781482
247.7000,-0.027386,256.751,0.783361
247.6000,-0.266987,256.914,0.785324
247.5000,0.610034,256.818,0.784163
247.4000,0.82901,256.938,0.785613
247.3000,0.312112,256.955,0.785811
247.2000,-0.0831364,257.299,0.789951
247.1000,0.873228,256.922,0.785415
247.0000,0.127011,257.054,0.787
246.9000,0.698976,256.765,0.783528
246.8000,1.54821,257.084,0.787365
246.7000,1.44373,257.365,0.790741
246.6000,0.808464,257.043,0.786867
246.5000,0.137205,256.903,0.785194
246.4000,1.04894,256.998,0.786331
246.3000,0.730129,256.97,0.786
246.2000,0.912118,256.971,0.786008
246.1000,0.433577,257.395,0.791101
246.0000,0.517618,257.702,0.794788
245.9000,0.360174,257.465,0.791949
245.8000,0.452662,257.456,0.791835
245.7000,1.05003,257.3,0.78996
245.6000,0.775755,257.382,0.790951
245.5000,0.376359,256.713,0.782897
245.4000,0.33383,257.511,0.792492
245.3000,1.00584,257.478,0.792101
245.2000,0.49193,257.166,0.78835
245.1000,0.449406,257.176,0.788476
245.0000,1.13926,257.023,0.786635
244.9000,-0.0795233,257.007,0.786441
244.8000,0.0814832,257.328,0.790299
244.7000,0.798898,257.389,0.791029
244.6000,1.09272,257.546,0.79292
244.5000,0.687153,257.394,0.791094
244.4000,1.41044,257.404,0.791215
244.3000,1.14856,257.607,0.79365
244.2000,1.43419,257.4,0.791169
244.1000,0.256257,257.501,0.792374
244.0000,0.717233,257.705,0.794832
243.9000,0.32026,257.782,0.795756
243.8000,0.170344,257.634,0.793977
243.7000,1.20697,257.554,0.793011
243.6000,1.02502,257.326,0.790278
243.5000,0.220659,257.273,0.789636
243.4000,-0.121193,257.657,0.794255
243.3000,0.872498,257.824,0.796249
243.2000,0.22911,257.599,0.793552
243.1000,0.275733,257.81,0.796092
243.0000,1.46168,257.411,0.7913
242.9000,0.37471,257.789,0.795838
242.8000,0.0721679,257.818,0.79618
242.7000,0.13888,257.812,0.796105
242.6000,0.538344,257.994,0.798292
242.5000,-0.384407,257.629,0.793915
242.4000,-0.50039,257.759,0.795474
242.3000,0.694177,257.861,0.796704
242.2000,-0.286865,258.147,0.800127
242.1000,0.940866,257.679,0.794513
242.0000,0.801634,258.164,0.800335
241.9000,0.278805,258.189,0.800637
241.8000,0.712262,257.977,0.798085
241.7000,0.789901,258.093,0.799484
241.6000,0.416177,257.858,0.796662
241.5000,0.530151,258.254,0.801409
241.4000,1.22126,258.439,0.803629
241.3000,0.853311,257.722,0.795034
241.2000,0.361411,258.57,0.805192
241.1000,1.39677,258.407,0.803242
241.0000,0.486699,258.485,0.804176
240.9000,0.955518,258.582,0.805341
240.8000,-0.0149076,258.632,0.80594
240.7000,-0.09451,258.56,0.805074
240.6000,-0.216415,258.337,0.802405
240.5000,-0.484401,258.462,0.803902
240.4000,0.436612,258.393,0.803071
240.3000,0.76763,258.272,0.80163
240.2000,0.184986,258.522,0.804619
240.1000,1.24306,258.822,0.808204
240.0000,0.637997,258.683,0.806545
239.9000,0.87165,258.923,0.809415
239.8000,1.25955,258.912,0.809279
239.7000,0.227227,258.998,0.810307
239.6000,0.978865,258.937,0.809589
239.5000,0.7227,259.036,0.810769
239.4000,0.993377,259.117,0.811731
239.3000,1.03839,258.998,0.810316
239.2000,0.334435,259.221,0.812979
239.1000,0.355039,259.081,0.811302
239.0000,0.461769,259.29,0.813805
238.9000,0.658944,259.322,0.814188
238.8000,0.991475,259.466,0.815897
238.7000,0.16672,259.646,0.81805
238.6000,0.641876,259.658,0.818189
238.5000,-0.00457932,259.778,0.819621
238.4000,-0.274083,259.753,0.819322
238.3000,-0.314454,260.023,0.822545
238.2000,0.308803,259.86,0.820606
238.1000,0.503286,259.849,0.820475
238.0000,0.479668,259.977,0.822
237.9000,-0.0171971,260.159,0.82417
237.8000,0.0494674,260.139,0.823931
237.7000,0.71696,260.169,0.824284
237.6000,0.217882,260.066,0.823063
237.5000,0.516739,260.164,0.824228
237.4000,0.113801,260.037,0.822709
237.3000,0.028357,260.333,0.826242
237.2000,-0.222115,260.413,0.827188
237.1000,0.340467,260.401,0.827047
237.0000,-0.160778,260.901,0.832993
236.9000,0.593401,260.928,0.833311
236.8000,-0.339928,260.478,0.827965
236.7000,0.231946,260.624,0.829694
236.6000,-0.676745,260.812,0.831932
236.5000,0.243886,261.053,0.834796
236.4000,-0.145079,260.879,0.832732
236.3000,-0.340925,260.741,0.831085
236.2000,-0.320626,261.027,0.83449
236.1000,-0.455545,261.182,0.83633
236.0000,-0.558054,260.898,0.832959
235.9000,0.0413742,261.161,0.836076
235.8000,0.226909,261.395,0.838854
235.7000,0.354801,261.23,0.8369
235.6000,-0.134337,261.406,0.838989
235.5000,0.337192,261.472,0.839772
235.4000,-0.736481,261.471,0.839755
235.3000,-0.510124,261.823,0.843925
235.2000,0.730695,261.797,0.843623
235.1000,0.236987,261.861,0.844379
235.0000,-0.631795,261.889,0.844706
234.9000,-0.219567,262.06,0.846738
234.8000,-0.235054,262.265,0.849162
234.7000,-0.471199,261.93,0.845197
234.6000,-0.585465,262.157,0.847886
234.5000,-0.338797,262.377,0.850481
234.4000,0.0020181,262.402,0.850778
234.3000,-0.981202,262.661,0.853838
234.2000,0.0697831,262.639,0.853576
234.1000,-0.637699,262.212,0.848535
234.0000,0.569156,262.346,0.850116
233.9000,-0.262014,262.864,0.856232
233.8000,-1.152,263.038,0.858293
233.7000,-0.545603,262.631,0.853488
233.6000,-0.968193,262.979,0.857598
233.5000,-0.613563,263.203,0.860244
233.4000,-0.584188,263.208,0.860297
233.3000,-0.675707,263.449,0.863139
233.2000,-0.915266,263.576,0.864635
233.1000,-0.175987,263.367,0.862175
233.0000,-0.841402,263.123,0.8593
232.9000,-0.663999,263.636,0.865345
232.8000,-1.3817,263.688,0.865957
232.7000,-1.25989,263.293,0.861298
232.6000,-1.03434,263.666,0.865694
232.5000,-1.22026,263.819,0.867494
232.4000,-0.78824,263.916,0.868639
232.3000,-0.741513,263.945,0.868976
232.2000,-1.70907,264.093,0.870723
232.1000,-0.922264,264.291,0.873053
232.0000,-1.35114,264.346,0.873691
231.9000,-1.75845,264.156,0.871456
231.8000,-0.264841,264.043,0.87013
231.7000,-0.743714,264.472,0.87518
231.6000,-0.68612,264.582,0.87647
231.5000,-1.76491,264.739,0.878305
231.4000,-1.08579,264.744,0.878368
231.3000,-0.482019,264.811,0.879156
231.2000,-0.39912,264.848,0.879591
231.1000,-1.24219,264.754,0.878491
231.0000,-1.01204,265.189,0.88359
230.9000,-1.49207,265.222,0.88397
230.8000,-1.26501,264.904,0.880251
230.7000,-0.582463,265.16,0.883251
230.6000,-0.834858,265.259,0.884412
230.5000,-1.46494,265.258,0.884401
230.4000,-1.0892,265.211,0.883851
230.3000,-0.16265,265.197,0.88368
230.2000,-0.605773,265.251,0.884309
230.1000,-0.122604,265.342,0.885384
230.0000,-1.05168,265.323,0.885159
229.9000,-1.30533,265.256,0.884374
229.8000,-1.15199,265.08,0.882313
229.7000,-1.54951,264.907,0.88028
229.6000,-2.385,265.009,0.881476
229.5000,-1.2678,265.103,0.882577
229.4000,-1.58772,265.714,0.889731
229.3000,-1.04792,265.63,0.888757
229.2000,-1.40831,265.672,0.889239
229.1000,-1.60579,265.682,0.889356
229.0000,-1.49164,266.045,0.893606
228.9000,-1.69765,266.504,0.898971
228.8000,-2.63066,266.268,0.89621
228.7000,-2.09146,266.734,0.901648
228.6000,-0.920026,266.846,0.90296
228.5000,-1.51773,266.674,0.900948
228.4000,-1.25973,267.203,0.907122
228.3000,-1.38181,267.282,0.908039
228.2000,-1.52602,267.112,0.906063
228.1000,-2.0124,267.248,0.907647
228.0000,-0.778623,267.519,0.910802
227.9000,-1.58198,267.483,0.910373
227.8000,-2.0149,267.921,0.915469
227.7000,-2.15485,267.837,0.9145
227.6000,-2.04099,268.026,0.916691
227.5000,-1.87298,267.993,0.91631
227.4000,-1.55224,267.545,0.9111
227.3000,-2.36019,268.383,0.920833
227.2000,-2.17043,268.148,0.918111
227.1000,-1.92836,268.529,0.922533
227.0000,-2.6593,268.425,0.921326
226.9000,-1.96114,268.511,0.922327
226.8000,-2.09297,268.592,0.923264
226.7000,-1.19164,268.543,0.922694
226.6000,-2.17181,268.737,0.92494
226.5000,-1.81316,268.822,0.925928
226.4000,-2.174,268.71,0.924633
226.3000,-2.31623,268.796,0.925622
226.2000,-1.90559,268.892,0.926739
226.1000,-2.24469,269.074,0.928843
226.0000,-1.62852,269.143,0.929649
225.9000,-1.30862,269.077,0.92888
225.8000,-1.82276,269.296,0.931413
225.7000,-0.766539,269.399,0.932608
225.6000,-2.05674,269.511,0.933902
225.5000,-2.49026,269.773,0.936927
225.4000,-1.07605,269.971,0.939226
225.3000,-2.35422,269.758,0.936764
225.2000,-1.92884,270.119,0.940925
225.1000,-1.98756,270.088,0.940568
225.0000,-2.8409,270.283,0.942821
224.9000,-1.95932,270.333,0.943399
224.8000,-2.84862,270.315,0.943193
224.7000,-1.95638,270.267,0.942634
224.6000,-2.5096,270.691,0.947529
224.5000,-1.49791,270.552,0.945921
224.4000,-2.83166,270.734,0.948019
224.3000,-1.81991,270.873,0.949618
224.2000,-1.72224,271.12,0.952464
224.1000,-2.89157,271.03,0.951434
224.0000,-1.82599,271,0.951089
223.9000,-2.96558,271.255,0.954017
223.8000,-2.09271,271.377,0.955419
223.7000,-1.88845,271.175,0.953102
223.6000,-2.51051,271.303,0.954571
223.5000,-3.21159,271.432,0.956058
223.4000,-2.1834,271.667,0.95875
223.3000,-2.38881,271.633,0.958361
223.2000,-2.87987,271.848,0.960828
223.1000,-2.18401,272.181,0.96466
223.0000,-3.08801,272.203,0.964909
222.9000,-2.1964,272.494,0.968245
222.8000,-2.74499,272.19,0.964753
222.7000,-1.78382,272.272,0.965692
222.6000,-3.14335,272.146,0.964249
222.5000,-2.04297,272.035,0.962982
222.4000,-1.81065,272.762,0.971314
222.3000,-2.84037,272.774,0.971452
222.2000,-1.91323,272.839,0.972194
222.1000,-2.36261,272.711,0.970728
222.0000,-2.60049,273.139,0.975628
221.9000,-2.87814,272.957,0.973543
221.8000,-3.19199,273.22,0.976552
221.7000,-0.883972,273.106,0.975245
221.6000,-1.57601,273.252,0.976915
221.5000,-2.12471,273.277,0.977202
221.4000,-2.27361,273.397,0.978576
221.3000,-2.65884,273.521,0.979997
221.2000,-3.21309,273.487,0.9796
221.1000,-1.89199,273.199,0.976313
221.0000,-2.53116,273.589,0.980774
220.9000,-2.06966,273.728,0.982351
220.8000,-2.38282,273.842,0.983654
220.7000,-2.05499,273.879,0.984075
220.6000,-2.46283,274.188,0.987607
220.5000,-2.80748,274.349,0.989438
220.4000,-2.3438,274.519,0.991379
220.3000,-2.09003,274.676,0.993167
220.2000,-2.37918,274.284,0.9887
220.1000,-0.926464,274.198,0.987716
220.0000,-2.3939,274.722,0.993682
219.9000,-2.92305,274.491,0.991053
219.8000,-3.35456,274.852,0.995164
219.7000,-2.28162,274.959,0.996383
219.6000,-2.97426,274.817,0.99477
219.5000,-2.20022,274.956,0.996349
219.4000,-1.88782,274.716,0.993619
219.3000,-3.21986,274.878,0.995457
219.2000,-2.45092,275.286,1.00011
219.1000,-2.63482,275.255,0.999751
219.0000,-1.82988,275.073,0.997678
218.9000,-2.64279,275.521,1.00277
218.8000,-2.0321,275.461,1.00209
218.7000,-2.38505,275.749,1.00535
218.6000,-1.82024,275.696,1.00475
218.5000,-2.10168,275.794,1.00587
218.4000,-3.04815,275.735,1.00519
218.3000,-1.78585,275.708,1.0049
218.2000,-2.09369,275.804,1.00599
218.1000,-2.41468,276.108,1.00943
218.0000,-1.9088,276.298,1.01159
217.9000,-2.07548,276.144,1.00984
217.8000,-2.73819,276.153,1.00994
217.7000,-2.46015,275.644,1.00416
217.6000,-2.30837,276.468,1.01351
217.5000,-1.85942,276.762,1.01684
217.4000,-1.14175,276.575,1.01472
217.3000,-2.14697,276.957,1.01904
217.2000,-1.38461,276.79,1.01715
217.1000,-2.07484,276.674,1.01584
217.0000,-2.8645,276.869,1.01805
216.9000,-2.12753,276.872,1.01808
216.8000,-2.14572,277.158,1.02131
216.7000,-2.42681,277.404,1.02409
216.6000,-2.60106,277.572,1.02599
216.5000,-2.3766,277.353,1.02352
216.4000,-1.57789,277.559,1.02584
216.3000,-1.78138,277.572,1.02599
216.2000,-1.49971,277.486,1.02501
216.1000,-2.11778,277.678,1.02719
216.0000,-2.16068,277.948,1.03023
215.9000,-2.15486,277.634,1.02669
215.8000,-2.26344,278.111,1.03207
215.7000,-1.783,277.82,1.02878
215.6000,-2.15482,277.917,1.02988
215.5000,-1.87694,278.198,1.03305
215.4000,-2.92035,278.286,1.03403
215.3000,-1.04439,278.081,1.03173
215.2000,-2.05132,278.532,1.0368
215.1000,-1.35487,278.455,1.03594
215.0000,-2.11034,278.774,1.03953
214.9000,-3.4952,278.374,1.03502
214.8000,-1.04085,278.575,1.03728
214.7000,-1.91776,278.952,1.04153
214.6000,-3.45509,278.873,1.04064
214.5000,-1.80334,278.727,1.039
214.4000,-2.07518,278.927,1.04125
214.3000,-1.75784,278.981,1.04185
214.2000,-2.82844,279.116,1.04337
214.1000,-2.46844,279.054,1.04268
214.0000,-3.13295,279.202,1.04433
213.9000,-2.41598,279.195,1.04426
213.8000,-3.0425,279.441,1.04702
213.7000,-2.27254,279.694,1.04986
213.6000,-1.75067,279.595,1.04875
213.5000,-1.82338,279.54,1.04813
213.4000,-1.99376,279.696,1.04988
213.3000,-2.77156,279.759,1.05059
213.2000,-2.28021,279.591,1.0487
213.1000,-2.09689,279.729,1.05025
213.0000,-0.862765,279.777,1.05079
212.9000,-2.1691,279.857,1.05168
212.8000,-1.88382,280.085,1.05424
212.7000,-1.98895,279.899,1.05215
212.6000,-2.23576,280.283,1.05646
212.5000,-2.68174,280.206,1.05559
212.4000,-2.1142,280.58,1.05978
212.3000,-0.886774,280.643,1.06048
212.2000,-2.179,280.522,1.05913
212.1000,-1.67329,280.78,1.06201
212.0000,-1.77087,281.164,1.0663
211.9000,-1.88663,280.964,1.06407
211.8000,-1.10751,281.322,1.06807
211.7000,-1.45231,281.373,1.06864
211.6000,-2.70728,281.247,1.06723
211.5000,-2.17666,281.409,1.06904
211.4000,-2.39945,281.447,1.06946
211.3000,-3.94661,281.437,1.06936
211.2000,-2.84329,281.579,1.07094
211.1000,-1.02852,281.94,1.07496
211.0000,-2.40646,282.048,1.07616
210.9000,-3.0166,281.791,1.0733
210.8000,-2.3146,281.918,1.07472
210.7000,-1.68423,282.212,1.07798
210.6000,-2.796,282.122,1.07698
210.5000,-2.38548,282.49,1.08108
210.4000,-2.44833,282.568,1.08194
210.3000,-1.56707,282.533,1.08155
210.2000,-2.68252,282.669,1.08307
210.1000,-1.1082,282.86,1.0852
210.0000,-1.85494,282.893,1.08556
209.9000,-1.40661,282.939,1.08607
209.8000,-2.47815,283.287,1.08993
209.7000,-2.81515,283.27,1.08974
209.6000,-2.3226,283.56,1.09296
209.5000,-2.49034,283.562,1.09298
209.4000,-2.36216,283.802,1.09564
209.3000,-2.36938,284.091,1.09884
209.2000,-1.81893,284.045,1.09834
209.1000,-0.390726,284.022,1.09808
209.0000,-1.75919,284.182,1.09985
208.9000,-2.40484,284.477,1.10311
208.8000,-2.38401,284.63,1.1048
208.7000,-2.07886,284.369,1.10192
208.6000,-1.9938,284.727,1.10588
208.5000,-2.1679,284.62,1.1047
208.4000,-3.03123,284.715,1.10575
208.3000,-1.32362,284.956,1.10841
208.2000,-2.00826,285.23,1.11143
208.1000,-3.06792,285.448,1.11383
208.0000,-2.32188,285.582,1.11531
207.9000,-0.83839,285.957,1.11944
207.8000,-2.76145,285.663,1.11621
207.7000,-2.98267,286.259,1.12276
207.6000,-2.55397,286.088,1.12088
207.5000,-2.04774,286.459,1.12497
207.4000,-2.94389,286.395,1.12426
207.3000,-2.59326,286.544,1.1259
207.2000,-0.600236,286.72,1.12783
207.1000,-1.61898,286.699,1.1276
207.0000,-2.56269,286.914,1.12996
206.9000,-1.79323,287.001,1.13091
206.8000,-0.997699,286.964,1.13052
206.7000,-2.0549,287.435,1.13568
206.6000,-2.00005,287.597,1.13746
206.5000,-1.4396,287.503,1.13643
206.4000,-0.936054,287.9,1.14077
206.3000,-0.766332,287.905,1.14083
206.2000,-1.64182,288.128,1.14326
206.1000,-1.61526,288.316,1.14532
206.0000,-1.49654,288.823,1.15086
205.9000,-1.18269,288.537,1.14774
205.8000,-1.5056,288.683,1.14933
205.7000,-1.1175,289.182,1.15478
205.6000,-2.06301,288.776,1.15034
205.5000,-1.36184,289.104,1.15393
205.4000,-0.247748,289.367,1.15679
205.3000,-1.3333,289.538,1.15865
205.2000,-0.734944,289.905,1.16266
205.1000,0.632471,290.462,1.16871
205.0000,-1.00979,290.245,1.16635
204.9000,0.374615,290.562,1.1698
204.8000,-1.49836,290.889,1.17335
204.7000,0.614742,290.862,1.17306
204.6000,-0.702449,290.896,1.17342
204.5000,0.250463,291.419,1.1791
204.4000,-1.05789,291.522,1.18022
204.3000,0.0800971,291.518,1.18017
204.2000,-1.23949,291.976,1.18513
204.1000,-1.3748,292.041,1.18583
204.0000,-0.456919,292.107,1.18655
203.9000,0.735884,292.578,1.19163
203.8000,-0.00975967,292.762,1.19362
203.7000,0.136199,292.989,1.19608
203.6000,0.59421,293.176,1.19809
203.5000,-0.158086,293.361,1.20008
203.4000,-0.229171,293.395,1.20045
203.3000,-0.854673,293.519,1.20179
203.2000,0.740222,294.036,1.20735
203.1000,0.625729,294,1.20696
203.0000,1.22826,294.289,1.21007
202.9000,1.76837,294.685,1.21433
202.8000,1.40979,294.747,1.21499
202.7000,1.53702,294.833,1.21591
202.6000,0.951713,295.092,1.21869
202.5000,1.16803,295.56,1.22371
202.4000,1.1697,295.453,1.22256
202.3000,0.698528,295.686,1.22506
202.2000,1.29447,296.071,1.22918
202.1000,1.13406,296.447,1.2332
202.0000,1.52736,296.814,1.23712
201.9000,0.71411,296.87,1.23771
201.8000,1.04727,297.193,1.24115
201.7000,1.18558,297.766,1.24727
201.6000,2.32494,297.893,1.24862
201.5000,3.15954,298.101,1.25082
201.4000,2.73279,297.991,1.24965
201.3000,3.21314,298.363,1.25361
201.2000,3.61438,298.676,1.25694
201.1000,4.53257,298.87,1.259
201.0000,2.95667,299.169,1.26216
200.9000,3.18407,299.425,1.26488
200.8000,2.28658,299.627,1.26702
200.7000,2.7561,300.008,1.27105
200.6000,5.04039,300.139,1.27243
200.5000,3.33993,300.51,1.27636
200.4000,4.015,300.614,1.27746
200.3000,4.48185,301.201,1.28365
200.2000,4.74936,301.227,1.28392
200.1000,5.33395,301.223,1.28388
200.0000,3.94875,301.773,1.28968
199.9000,3.68306,302.018,1.29226
199.8000,4.18876,302.802,1.3005
199.7000,4.85138,302.468,1.29698
199.6000,4.7776,302.716,1.29959
199.5000,4.90228,302.982,1.30238
199.4000,3.85286,303.445,1.30723
199.3000,5.71717,303.262,1.30532
199.2000,4.38534,303.292,1.30563
199.1000,5.62588,303.597,1.30883
199.0000,3.78923,303.767,1.3106
198.9000,4.50927,304.339,1.31659
198.8000,5.44087,304.441,1.31766
198.7000,5.27574,304.858,1.32201
198.6000,4.06166,304.837,1.32179
198.5000,4.82376,305.29,1.32652
198.4000,6.89647,305.64,1.33017
198.3000,5.78394,305.513,1.32884
198.2000,5.99567,306.053,1.33446
198.1000,6.58594,305.867,1.33253
198.0000,5.70783,306.646,1.34062
197.9000,7.55441,306.64,1.34056
197.8000,6.69517,307.208,1.34646
197.7000,6.58128,307.284,1.34725
197.6000,7.82277,307.619,1.35072
197.5000,6.02593,307.571,1.35022
197.4000,5.30476,307.782,1.35241
197.3000,7.07733,308.185,1.35658
197.2000,7.50936,308.36,1.35839
197.1000,7.93333,308.614,1.36101
197.0000,7.52525,308.877,1.36373
196.9000,7.64956,309.352,1.36863
196.8000,7.72259,309.557,1.37074
196.7000,8.17834,309.818,1.37343
196.6000,6.62853,310.22,1.37757
196.5000,8.4664,310.517,1.38063
196.4000,8.84452,311.037,1.38597
196.3000,6.78358,311.47,1.3904
196.2000,8.49009,311.653,1.39228
196.1000,7.21573,311.958,1.39541
196.0000,7.78992,312.48,1.40075
195.9000,8.75616,312.792,1.40394
195.8000,9.22727,312.913,1.40517
195.7000,9.00198,313.467,1.41083
195.6000,9.15254,313.643,1.41262
195.5000,9.68219,314.426,1.42059
195.4000,8.43082,314.471,1.42105
195.3000,8.90906,314.759,1.42397
195.2000,10.1044,315.105,1.42749
195.1000,8.92798,315.385,1.43033
195.0000,8.69786,315.721,1.43374
194.9000,9.17601,315.791,1.43445
194.8000,7.28251,316.173,1.43832
194.7000,9.48372,316.931,1.44599
194.6000,8.35145,317.21,1.44881
194.5000,9.2349,317.525,1.45198
194.4000,9.64918,317.982,1.4566
194.3000,8.50882,318.634,1.46316
194.2000,9.2386,319.03,1.46714
194.1000,8.08051,319.578,1.47264
194.0000,9.53487,320.11,1.47798
193.9000,9.16158,321.194,1.48882
193.8000,10.1774,321.867,1.49554
193.7000,8.92077,322.317,1.50003
193.6000,9.93954,322.804,1.50488
193.5000,9.75428,323.692,1.51371
193.4000,9.61352,323.586,1.51265
193.3000,8.73418,324.38,1.52053
193.2000,9.44018,324.84,1.52509
193.1000,8.94205,325.791,1.53448
193.0000,8.86876,326.417,1.54066
192.9000,10.2483,327.113,1.54752
192.8000,9.35795,327.711,1.55339
192.7000,8.84867,328.518,1.56132
192.6000,9.53143,329.55,1.57143
192.5000,10.3345,330.409,1.57982
192.4000,10.3611,331.252,1.58803
192.3000,8.22901,332.079,1.59608
192.2000,9.09622,332.752,1.60261
192.1000,9.44425,333.692,1.61172
192.0000,8.80818,334.063,1.61531
191.9000,8.4318,335.098,1.62531
191.8000,10.861,335.844,1.6325
191.7000,9.95925,337.001,1.64362
191.6000,8.13803,337.772,1.65101
191.5000,7.69748,338.795,1.6608
191.4000,7.58089,339.844,1.67081
191.3000,8.68777,341.229,1.68399
191.2000,7.92398,342.505,1.69609
191.1000,9.27863,344.442,1.71439
191.0000,9.66604,345.81,1.72727
190.9000,10.1697,347.529,1.74338
190.8000,9.40968,349.245,1.7594
190.7000,8.52936,350.811,1.77396
190.6000,9.21148,352.052,1.78546
190.5000,7.72988,353.461,1.79848
190.4000,8.52511,354.943,1.81212
190.3000,8.49412,355.814,1.82012
190.2000,6.12419,357.086,1.83177
190.1000,7.11033,358.267,1.84256
190.0000,7.10057,359.721,1.8558

##### Extended Information
[Comments]
Sample name,class
Comment
User
Division
Company,Saint Mary's College

[Detailed Information]
Creation date,9/30/2021 2:47 PM

Data array type,Linear data array * 3
Horizontal axis,Wavelength [nm]
Vertical axis(1),CD [mdeg]
Vertical axis(2),HT [V]
Vertical axis(3),Abs
Start,290 nm
End,190 nm
Data interval,0.1 nm
Data points,1001    

[Measurement Information]
Instrument name,J-1500
Model name,J-1500
Serial No.,B051061638

Detector,PM-539
Detector S/N,B051061638
  Lock-in amp.,X mode
  HT volt,Auto

Accessory,PTC-517
Accessory S/N,B026561646
  Temperature,22.93 C
  Control sensor,Holder
  Monitor sensor,Holder

Measurement date,9/30/2021 2:46 PM

CD Overload detect,809
Photometric mode,CD, HT, Abs
Measure range,290 - 190 nm
Data pitch,0.1 nm
CD scale,20 mdeg/0.05 dOD
FL scale,20 mdeg/0.05 dOD
D.I.T.,0.125 sec
Bandwidth,1.00 nm
Start mode,Immediately
Scanning mode,Continuous
Scanning speed,50 nm/min
Baseline correction,None
Shutter control,Auto
No. of cycle,1/1
N2 Flowmeter,Manual


