TITLE,KMGM_BUFFER&PROTEIN_928
DATA TYPE,
ORIGIN,JASCO
OWNER,
DATE,22/09/28
TIME,15:19:53
SPECTROMETER/DATA SYSTEM,
LOCALE,1033
RESOLUTION,
DELTAX,-0.1
XUNITS,NANOMETERS
YUNITS,CD [mdeg]
Y2UNITS,HT [V]
Y3UNITS,ABSORBANCE
FIRSTX,  320.0000
LASTX,  190.0000
NPOINTS,    1301
FIRSTY,     0.98561
MAXY,    56.03993
MINY,   -56.33780
XYDATA
320.0000,0.98561,209.088,0.159763
319.9000,0.906614,207.994,0.144117
319.8000,2.48529,209.229,0.161767
319.7000,1.99786,207.652,0.139212
319.6000,1.74663,208.503,0.151398
319.5000,0.642354,208.507,0.151463
319.4000,1.93688,208.444,0.150555
319.3000,1.81068,208.35,0.14921
319.2000,2.11018,207.871,0.142364
319.1000,2.08569,208.125,0.146
319.0000,1.54235,208.33,0.148935
318.9000,2.17846,208.318,0.148757
318.8000,1.06096,208.733,0.154685
318.7000,1.85081,208.097,0.145594
318.6000,0.452534,207.72,0.140187
318.5000,1.95988,208.808,0.155769
318.4000,1.13452,208.815,0.155866
318.3000,1.85381,208.288,0.148335
318.2000,1.30666,208.495,0.151285
318.1000,1.02977,208.278,0.148189
318.0000,1.34071,208.263,0.147978
317.9000,1.83215,208.835,0.156141
317.8000,2.36635,207.976,0.143857
317.7000,2.38248,208.388,0.149761
317.6000,1.91755,208.47,0.150928
317.5000,0.891754,207.101,0.131304
317.4000,1.24656,207.416,0.135829
317.3000,1.17162,207.068,0.130831
317.2000,1.78211,208.207,0.147167
317.1000,1.40026,208.641,0.153374
317.0000,-0.120766,207.015,0.130065
316.9000,-0.0764952,206.7,0.125532
316.8000,0.715521,208.115,0.145853
316.7000,1.54143,207.369,0.135162
316.6000,0.965801,208.191,0.14694
316.5000,2.95672,207.23,0.13316
316.4000,0.753071,207.346,0.13482
316.3000,2.83057,208.101,0.145659
316.2000,2.06279,207.8,0.14134
316.1000,1.70444,208.423,0.150264
316.0000,3.07871,207.903,0.142818
315.9000,2.08041,208.037,0.144734
315.8000,2.35045,208.363,0.149405
315.7000,0.573041,208.713,0.15441
315.6000,2.36349,208.499,0.151349
315.5000,1.55,208.236,0.147589
315.4000,1.49589,207.629,0.138886
315.3000,1.35771,207.917,0.143013
315.2000,1.16307,207.711,0.140057
315.1000,2.18036,206.79,0.126837
315.0000,1.75217,208.735,0.154717
314.9000,2.39095,208.52,0.151641
314.8000,-0.443513,206.773,0.126593
314.7000,1.33867,207.577,0.138139
314.6000,1.82284,208.827,0.156028
314.5000,0.614448,207.457,0.136415
314.4000,2.42004,207.518,0.137293
314.3000,1.00029,209.529,0.166045
314.2000,1.68025,208.132,0.146097
314.1000,2.52737,208.782,0.155397
314.0000,2.34326,207.082,0.131026
313.9000,0.36205,207.897,0.142737
313.8000,-0.152992,208.116,0.14587
313.7000,2.84843,208.032,0.144669
313.6000,2.51722,206.897,0.12837
313.5000,1.21439,207.376,0.13526
313.4000,2.32086,208.666,0.15373
313.3000,2.64657,207.505,0.137114
313.2000,0.479289,207.827,0.14173
313.1000,2.40907,207.42,0.135894
313.0000,0.983985,206.909,0.128549
312.9000,3.02245,207.087,0.131108
312.8000,3.07123,206.095,0.116809
312.7000,1.39044,208.509,0.151495
312.6000,2.60981,207.39,0.135455
312.5000,1.16156,207.069,0.130847
312.4000,0.423148,207.905,0.142851
312.3000,0.474235,208.033,0.144685
312.2000,1.53575,206.666,0.125043
312.1000,1.71415,206.477,0.122317
312.0000,0.892609,206.32,0.120063
311.9000,1.79718,207.571,0.138057
311.8000,2.50772,207.107,0.131385
311.7000,1.70662,207.377,0.135276
311.6000,1.02174,208.066,0.145156
311.5000,1.5212,208.07,0.145204
311.4000,3.19265,209.033,0.158971
311.3000,0.396185,207.999,0.144198
311.2000,2.92764,207.643,0.139081
311.1000,1.56998,208.398,0.149907
311.0000,3.39796,207.06,0.130717
310.9000,1.06279,208.571,0.15237
310.8000,1.20375,207.17,0.132297
310.7000,1.4213,207.143,0.131906
310.6000,1.31908,207.173,0.132346
310.5000,0.152401,207.424,0.135943
310.4000,1.11473,207.631,0.138919
310.3000,1.2016,208.108,0.145756
310.2000,1.69118,208.19,0.146924
310.1000,1.9511,208.035,0.144701
310.0000,0.600229,207.149,0.131988
309.9000,0.101697,207.02,0.130147
309.8000,2.28542,209.401,0.164221
309.7000,1.69369,208.256,0.147865
309.6000,0.11201,206.311,0.119932
309.5000,1.30365,208.2,0.14707
309.4000,1.11692,207.403,0.13565
309.3000,1.15465,208.354,0.149275
309.2000,0.705649,207.665,0.139407
309.1000,2.57417,207.682,0.13965
309.0000,2.56192,208.43,0.150361
308.9000,2.08145,206.461,0.122088
308.8000,1.78583,208.188,0.146892
308.7000,1.68519,207.839,0.141893
308.6000,1.07943,207.604,0.138529
308.5000,1.77562,207.296,0.134104
308.4000,3.42726,206.692,0.125418
308.3000,0.0587023,207.735,0.140414
308.2000,1.83985,207.706,0.139992
308.1000,1.96069,206.704,0.125598
308.0000,1.70021,206.19,0.118183
307.9000,3.90784,207.462,0.136496
307.8000,1.63582,207.66,0.139325
307.7000,1.84591,207.29,0.134023
307.6000,2.0547,207.417,0.135846
307.5000,1.29771,207.649,0.139179
307.4000,1.40163,206.843,0.127587
307.3000,0.906362,207.156,0.132102
307.2000,0.497368,207.204,0.132786
307.1000,2.95442,207.683,0.139667
307.0000,3.07663,207.755,0.14069
306.9000,-0.101728,207.168,0.132265
306.8000,-0.341608,207.741,0.140495
306.7000,0.82487,206.821,0.127278
306.6000,2.97491,207.808,0.141454
306.5000,2.3367,208.024,0.144555
306.4000,1.13732,207.376,0.13526
306.3000,1.94168,209.38,0.163915
306.2000,2.09169,207.41,0.135748
306.1000,-0.377628,207.538,0.137586
306.0000,-0.294636,208.134,0.146129
305.9000,0.470806,208.103,0.145675
305.8000,0.710729,207.163,0.132199
305.7000,1.17744,208.701,0.154232
305.6000,2.1234,206.443,0.121827
305.5000,0.407848,206.904,0.128468
305.4000,1.39666,207.416,0.135829
305.3000,0.024306,208.236,0.147589
305.2000,1.2407,207.342,0.134771
305.1000,2.28762,207.494,0.136952
305.0000,2.21971,206.849,0.127685
304.9000,1.97016,206.633,0.12457
304.8000,1.05156,207.218,0.132981
304.7000,0.795909,208.15,0.146356
304.6000,2.84297,206.549,0.123362
304.5000,0.53376,207.108,0.131401
304.4000,0.071857,208.763,0.155122
304.3000,1.12024,207.139,0.131857
304.2000,2.2703,207.458,0.136431
304.1000,1.57851,207.466,0.136545
304.0000,0.861966,207.886,0.142574
303.9000,3.20259,206.631,0.124537
303.8000,1.49684,206.487,0.122464
303.7000,1.60945,207.432,0.136057
303.6000,-0.111263,206.429,0.121631
303.5000,1.49207,208.177,0.146746
303.4000,2.36142,206.962,0.129299
303.3000,0.907588,206.733,0.126006
303.2000,-0.969493,207.539,0.137602
303.1000,0.626415,207.581,0.138204
303.0000,1.3443,207.277,0.133828
302.9000,1.74432,206.59,0.12395
302.8000,-0.127927,206.471,0.122235
302.7000,1.39552,206.635,0.124602
302.6000,1.51478,208.331,0.148951
302.5000,1.81322,206.949,0.12912
302.4000,0.833742,208.461,0.150798
302.3000,2.06834,209.425,0.16456
302.2000,2.266,207.459,0.136447
302.1000,4.22034,207.95,0.143484
302.0000,0.144325,206.482,0.122399
301.9000,0.807476,207.066,0.130799
301.8000,1.15056,206.805,0.12705
301.7000,0.857152,207.674,0.139537
301.6000,1.11472,207.877,0.142445
301.5000,1.0397,207.819,0.141617
301.4000,2.51232,206.828,0.127376
301.3000,0.036906,208.653,0.153552
301.2000,3.0323,207.138,0.131841
301.1000,3.31168,207.266,0.133681
301.0000,1.16483,207.466,0.136545
300.9000,0.0524261,206.572,0.123688
300.8000,2.30721,207.25,0.133453
300.7000,2.03956,206.743,0.126152
300.6000,1.29357,205.804,0.112604
300.5000,2.30281,207.674,0.139537
300.4000,1.41331,206.826,0.127343
300.3000,1.98353,207.82,0.141633
300.2000,2.19414,207.301,0.134186
300.1000,2.85602,207.892,0.142656
300.0000,1.91061,206.69,0.125385
299.9000,1.47823,206.54,0.123231
299.8000,1.22241,205.896,0.113946
299.7000,0.667419,206.197,0.118281
299.6000,2.10156,206.582,0.123835
299.5000,1.40793,207.905,0.142851
299.4000,1.72434,207.562,0.137927
299.3000,1.00588,207.087,0.131108
299.2000,0.366389,207.56,0.137895
299.1000,0.84064,208.287,0.148319
299.0000,2.18929,206.831,0.127424
298.9000,1.02584,206.78,0.126691
298.8000,1.09106,206.487,0.122464
298.7000,2.03675,207.747,0.140577
298.6000,0.880865,206.56,0.123525
298.5000,0.545085,206.642,0.1247
298.4000,1.40155,206.36,0.120634
298.3000,1.15019,206.886,0.128207
298.2000,1.01827,206.466,0.12217
298.1000,1.9706,206.66,0.124961
298.0000,0.780895,207.176,0.132378
297.9000,2.49871,207.666,0.139423
297.8000,0.947428,207.482,0.136773
297.7000,1.20756,208.483,0.151123
297.6000,1.39067,206.696,0.125483
297.5000,1.79425,207.136,0.131808
297.4000,1.93247,207.291,0.134039
297.3000,-0.787195,207.517,0.137277
297.2000,0.593521,207.729,0.140317
297.1000,0.976442,207.647,0.139147
297.0000,1.90461,208.126,0.146016
296.9000,-0.494767,206.975,0.129495
296.8000,2.24067,207.283,0.133925
296.7000,3.42639,207.224,0.133079
296.6000,-1.47806,206.703,0.125581
296.5000,1.97374,207.197,0.132688
296.4000,1.22067,207.307,0.134267
296.3000,0.777067,207.607,0.138578
296.2000,1.5979,206.319,0.120046
296.1000,1.38028,205.994,0.115353
296.0000,1.46503,207.23,0.13316
295.9000,2.49906,207.406,0.135683
295.8000,1.28255,208.576,0.152451
295.7000,1.209,206.206,0.118412
295.6000,1.79501,206.522,0.12297
295.5000,1.40531,207.053,0.130619
295.4000,2.62421,207.139,0.131857
295.3000,2.44212,207.228,0.133127
295.2000,1.26459,206.471,0.122235
295.1000,3.23994,207.318,0.13443
295.0000,1.7742,207.562,0.137927
294.9000,1.31096,207.017,0.130098
294.8000,0.732978,205.665,0.110605
294.7000,-0.146905,207.385,0.13539
294.6000,1.578,206.452,0.121957
294.5000,1.66646,207.466,0.136545
294.4000,1.50537,206.973,0.129462
294.3000,1.4129,206.357,0.120585
294.2000,2.2278,206.813,0.127164
294.1000,1.25917,207.648,0.139163
294.0000,1.56261,206.906,0.1285
293.9000,2.37626,206.636,0.124619
293.8000,0.693342,206.507,0.122758
293.7000,1.97838,206.219,0.118608
293.6000,0.738762,206.115,0.117104
293.5000,0.455899,206.709,0.125663
293.4000,-1.05183,206.736,0.126054
293.3000,0.472942,206.856,0.127783
293.2000,0.169605,206.511,0.122807
293.1000,1.48246,207.413,0.13578
293.0000,1.52853,206.548,0.123345
292.9000,1.33848,206.862,0.127865
292.8000,2.16079,207.482,0.136773
292.7000,3.94526,206.914,0.128615
292.6000,0.430209,205.696,0.111048
292.5000,-0.0588939,206.138,0.117431
292.4000,3.05144,206.911,0.128566
292.3000,1.81095,205.564,0.109147
292.2000,3.2623,206.587,0.1239
292.1000,1.12859,206.384,0.120977
292.0000,1.49904,207.126,0.131662
291.9000,1.34379,205.323,0.105654
291.8000,1.22906,207.454,0.136382
291.7000,1.17089,206.396,0.121157
291.6000,1.73039,206.482,0.122399
291.5000,2.45306,206.496,0.122594
291.4000,0.947547,206.783,0.126723
291.3000,0.241102,205.559,0.109065
291.2000,1.57987,207.184,0.132492
291.1000,0.92953,205.715,0.111326
291.0000,2.3221,206.233,0.118804
290.9000,1.45178,207.103,0.131336
290.8000,0.943555,206.403,0.121255
290.7000,0.720192,206.894,0.128321
290.6000,0.0704778,205.938,0.114552
290.5000,1.33634,207.11,0.131434
290.4000,1.07816,207.407,0.135699
290.3000,1.85841,206.608,0.124211
290.2000,-0.00426564,207.691,0.13978
290.1000,2.28898,207.066,0.130799
290.0000,0.67291,206.44,0.121794
289.9000,0.809842,206.764,0.126462
289.8000,2.23007,206.466,0.12217
289.7000,1.26233,206.323,0.120095
289.6000,2.47805,206.739,0.126103
289.5000,1.3971,207.913,0.142964
289.4000,0.289384,206.666,0.125043
289.3000,0.477404,206.669,0.125092
289.2000,1.77307,207.572,0.138074
289.1000,1.76095,207.635,0.138968
289.0000,1.73824,207.263,0.133632
288.9000,0.11383,207.172,0.132329
288.8000,1.99795,206.993,0.129756
288.7000,0.345694,206.486,0.122447
288.6000,-0.449544,207.178,0.132411
288.5000,3.49418,206.563,0.123558
288.4000,0.936069,206.82,0.127261
288.3000,1.21305,207.003,0.129902
288.2000,1.843,206.951,0.129152
288.1000,-0.0575165,206.949,0.12912
288.0000,0.391404,206.674,0.125157
287.9000,1.31656,207.454,0.136382
287.8000,1.87911,207.539,0.137602
287.7000,1.13658,207.107,0.131385
287.6000,1.74028,207.069,0.130847
287.5000,0.953862,207.385,0.13539
287.4000,0.138966,207.381,0.135325
287.3000,1.34235,206.42,0.1215
287.2000,2.6462,206.302,0.119801
287.1000,0.541693,207.167,0.132248
287.0000,0.211196,207.604,0.138529
286.9000,1.07745,207.212,0.132899
286.8000,1.10173,207.322,0.134479
286.7000,2.24811,207.122,0.131613
286.6000,1.79998,207.116,0.131515
286.5000,0.970148,206.673,0.125141
286.4000,1.67039,207.273,0.133779
286.3000,0.910719,207.135,0.131792
286.2000,0.0371752,207.618,0.138724
286.1000,1.13106,207.18,0.132444
286.0000,1.33652,207.47,0.13661
285.9000,1.46555,206.591,0.123966
285.8000,2.81836,207.13,0.131727
285.7000,1.07693,206.543,0.12328
285.6000,2.40767,206.301,0.119785
285.5000,0.222307,206.756,0.126348
285.4000,0.844361,206.194,0.118248
285.3000,2.54755,206.465,0.122154
285.2000,0.988215,207.512,0.137212
285.1000,2.95215,208.019,0.144474
285.0000,0.315417,208.407,0.150037
284.9000,0.877393,206.9,0.128419
284.8000,0.419314,207.965,0.143711
284.7000,0.288621,208.05,0.144928
284.6000,1.89952,208.418,0.150183
284.5000,0.80596,206.974,0.129478
284.4000,0.945423,206.376,0.120863
284.3000,2.0697,207.053,0.130619
284.2000,2.73698,206.091,0.11676
284.1000,0.837945,206.166,0.11784
284.0000,0.915975,207.289,0.134007
283.9000,0.416156,207.825,0.141698
283.8000,0.679898,206.7,0.125532
283.7000,-0.0348799,205.626,0.110032
283.6000,1.68927,206.221,0.118624
283.5000,1.28215,206.32,0.120063
283.4000,1.96756,208.033,0.144685
283.3000,1.10439,207.056,0.130652
283.2000,1.32075,206.531,0.1231
283.1000,0.415416,207.599,0.138464
283.0000,1.3224,207.07,0.130864
282.9000,-0.197245,207.698,0.139878
282.8000,-0.57401,207.481,0.136756
282.7000,1.08712,207.375,0.135243
282.6000,1.26525,206.688,0.125369
282.5000,1.7239,207.596,0.138415
282.4000,0.52665,207.345,0.134804
282.3000,1.56686,207.452,0.13635
282.2000,2.97073,207.184,0.132492
282.1000,2.10066,207.72,0.140187
282.0000,1.51732,207.29,0.134023
281.9000,-1.20468,206.137,0.117415
281.8000,-0.67128,206.564,0.123574
281.7000,0.707109,208.499,0.151349
281.6000,0.726747,207.919,0.143045
281.5000,0.387886,207.195,0.132655
281.4000,-0.233842,206.822,0.127294
281.3000,1.99065,207.586,0.138269
281.2000,0.486246,207.13,0.131727
281.1000,1.42663,207.539,0.137602
281.0000,1.12011,206.855,0.127767
280.9000,0.624292,207.094,0.131206
280.8000,1.63598,207.218,0.132981
280.7000,-0.490833,207.818,0.1416
280.6000,1.20213,207.101,0.131304
280.5000,0.736237,206.52,0.122937
280.4000,2.13083,207.461,0.13648
280.3000,3.15822,208.225,0.147427
280.2000,2.31242,207.088,0.131124
280.1000,1.71473,207.223,0.133062
280.0000,0.296176,206.648,0.124782
279.9000,0.60722,206.939,0.128973
279.8000,2.14849,207.852,0.142087
279.7000,0.0980159,208.019,0.144474
279.6000,0.835019,206.621,0.12439
279.5000,0.428041,207.505,0.137114
279.4000,0.79212,207.159,0.132134
279.3000,-0.671528,208.124,0.145983
279.2000,2.90046,208.116,0.14587
279.1000,0.539955,207.511,0.137195
279.0000,-0.474641,208.526,0.151738
278.9000,0.848141,207.436,0.136122
278.8000,2.92128,207.279,0.13386
278.7000,1.68513,207.518,0.137293
278.6000,1.67346,206.545,0.123297
278.5000,0.485419,206.895,0.128337
278.4000,0.870225,205.992,0.115321
278.3000,1.32516,207.17,0.132297
278.2000,-0.226311,207.062,0.13075
278.1000,1.06837,207.646,0.13913
278.0000,0.317609,207.593,0.138366
277.9000,0.918039,208.181,0.146794
277.8000,2.03297,207.69,0.139764
277.7000,2.08878,206.24,0.118902
277.6000,1.72034,208.75,0.154928
277.5000,0.779895,207.232,0.133193
277.4000,0.230928,207.22,0.133014
277.3000,0.188553,207.4,0.135602
277.2000,0.714098,207.947,0.143451
277.1000,0.0252041,206.624,0.124439
277.0000,1.76445,207.654,0.139244
276.9000,1.40165,207.039,0.130408
276.8000,1.1451,208.42,0.150215
276.7000,0.609266,207.419,0.135878
276.6000,2.19615,207.722,0.140219
276.5000,1.05228,207.536,0.137553
276.4000,-1.45508,208.126,0.146016
276.3000,1.68465,206.815,0.127196
276.2000,2.69676,207.768,0.140886
276.1000,-1.19548,206.625,0.124455
276.0000,1.47842,207.409,0.135731
275.9000,3.0816,206.453,0.121974
275.8000,0.801457,207.777,0.141015
275.7000,-1.3719,207.379,0.135292
275.6000,1.2765,207.593,0.138366
275.5000,2.22491,206.879,0.128109
275.4000,1.0439,207.033,0.130326
275.3000,-1.41267,207.409,0.135731
275.2000,0.27046,208.476,0.151025
275.1000,0.0180572,208.321,0.148805
275.0000,1.51964,207.444,0.136236
274.9000,0.796816,207.048,0.130538
274.8000,1.79315,207.212,0.132899
274.7000,0.542693,207.637,0.139
274.6000,-0.936902,208.447,0.150604
274.5000,0.394468,207.499,0.137017
274.4000,-0.372056,206.849,0.127685
274.3000,2.29771,206.497,0.122611
274.2000,0.479746,207.624,0.138821
274.1000,1.00916,207.044,0.130489
274.0000,0.424066,207.224,0.133079
273.9000,0.77076,206.955,0.129202
273.8000,-0.404724,207.774,0.140967
273.7000,0.0445387,207.703,0.139943
273.6000,3.00282,207.153,0.132053
273.5000,1.38577,207.149,0.131988
273.4000,0.83588,207.573,0.13809
273.3000,0.277953,207.582,0.13822
273.2000,2.24279,207.694,0.139813
273.1000,-0.403833,207.815,0.141551
273.0000,1.79013,208.033,0.144685
272.9000,2.33815,207.988,0.144036
272.8000,-0.394658,207.707,0.140008
272.7000,1.91358,207.296,0.134104
272.6000,0.120513,207.231,0.133176
272.5000,-0.245628,207.743,0.140528
272.4000,2.48639,208.409,0.150053
272.3000,1.68446,207.661,0.139342
272.2000,0.638851,207.479,0.13674
272.1000,0.318333,209.011,0.158664
272.0000,0.992676,207.067,0.130815
271.9000,0.565469,207.739,0.140463
271.8000,-0.573665,206.809,0.127098
271.7000,1.46423,207,0.129853
271.6000,1.09682,206.99,0.129707
271.5000,0.256949,206.642,0.1247
271.4000,1.54956,206.939,0.128973
271.3000,0.0113841,206.326,0.120144
271.2000,0.166342,207.853,0.142104
271.1000,-0.236429,208.482,0.151106
271.0000,-0.00994229,207.688,0.139732
270.9000,-0.0602828,207.817,0.141584
270.8000,-0.0362451,207.86,0.142201
270.7000,1.49129,208.33,0.148935
270.6000,-0.00721309,208.56,0.152224
270.5000,-0.990801,207.492,0.136919
270.4000,2.14062,207.534,0.137521
270.3000,-0.030216,208.355,0.149291
270.2000,1.88531,206.173,0.117938
270.1000,3.4998,207.959,0.143614
270.0000,0.591763,207.109,0.131417
269.9000,0.232209,207.654,0.139244
269.8000,-0.350321,207.499,0.137017
269.7000,1.82655,207.771,0.140918
269.6000,0.908354,208.338,0.149048
269.5000,3.15708,208.087,0.145448
269.4000,0.909699,208.224,0.147411
269.3000,1.47881,207.224,0.133079
269.2000,0.278138,208.064,0.145123
269.1000,0.133996,209.629,0.167465
269.0000,2.50912,207.858,0.142168
268.9000,0.000150078,209.106,0.160022
268.8000,1.12375,208.091,0.145513
268.7000,0.805401,208.088,0.145464
268.6000,0.348231,207.902,0.142802
268.5000,-1.18359,208.149,0.14634
268.4000,-1.60866,207.999,0.144198
268.3000,0.896694,208.189,0.146908
268.2000,-0.69942,209.28,0.162494
268.1000,1.07577,207.475,0.136675
268.0000,1.14219,208.763,0.155122
267.9000,0.0192374,209.364,0.163689
267.8000,1.14246,209.293,0.162688
267.7000,0.763465,208.863,0.156546
267.6000,0.537965,207.963,0.143679
267.5000,-1.84522,208.003,0.144247
267.4000,1.90034,207.93,0.143208
267.3000,1.4363,207.452,0.13635
267.2000,-0.113143,207.32,0.134446
267.1000,2.23504,208.228,0.147476
267.0000,0.00501581,208.277,0.148173
266.9000,0.087429,208.779,0.155348
266.8000,2.26802,208.166,0.146583
266.7000,-2.27355,208.04,0.144783
266.6000,-0.0148623,208.361,0.149372
266.5000,-0.501937,208.229,0.147492
266.4000,0.75391,208.347,0.149178
266.3000,-0.317386,208.423,0.150264
266.2000,-1.03246,208.884,0.156853
266.1000,1.47755,207.913,0.142964
266.0000,0.354345,208.823,0.155979
265.9000,1.09637,209.436,0.164722
265.8000,1.90791,208.906,0.15716
265.7000,0.371495,208.586,0.152596
265.6000,0.705991,208.784,0.155413
265.5000,-0.387488,209.163,0.16083
265.4000,0.600787,209.237,0.16188
265.3000,0.200208,208.866,0.156594
265.2000,-0.416435,208.999,0.158486
265.1000,0.672986,208.41,0.150069
265.0000,1.38881,209.698,0.168448
264.9000,-1.48997,208.869,0.156627
264.8000,0.89085,209.067,0.159456
264.7000,0.528231,209.131,0.160377
264.6000,0.649263,209.151,0.160652
264.5000,-1.44776,208.201,0.147086
264.4000,1.17867,208.106,0.145724
264.3000,-1.07173,208.827,0.156028
264.2000,1.69976,208.84,0.156222
264.1000,-0.434602,210.058,0.173572
264.0000,0.0903841,209.142,0.160523
263.9000,2.08053,210.331,0.17745
263.8000,-1.77326,209.336,0.163301
263.7000,-0.315679,208.719,0.154491
263.6000,1.96992,209.461,0.165077
263.5000,-0.565989,209.499,0.165609
263.4000,-0.0990596,209.863,0.170801
263.3000,0.8099,210.014,0.172944
263.2000,0.493714,209.125,0.16028
263.1000,0.321454,209.496,0.165577
263.0000,-0.742841,210.151,0.174892
262.9000,-0.362644,208.746,0.154879
262.8000,1.07795,210.049,0.173443
262.7000,0.231211,208.884,0.156853
262.6000,0.00745722,210.151,0.174892
262.5000,0.824758,209.301,0.1628
262.4000,0.0991304,209.325,0.16314
262.3000,-0.0401542,209.556,0.166432
262.2000,-0.345448,209.368,0.163753
262.1000,-0.781619,209.479,0.165335
262.0000,0.0278589,209.531,0.166077
261.9000,-0.919376,210.704,0.182738
261.8000,-0.606916,209.985,0.172525
261.7000,-0.455261,210.381,0.178158
261.6000,0.929528,209.302,0.162817
261.5000,-0.228663,209.173,0.160975
261.4000,0.526528,209.085,0.159715
261.3000,1.72693,209.722,0.168787
261.2000,0.273132,210.943,0.186125
261.1000,0.542432,210.144,0.174795
261.0000,0.422334,209.939,0.171881
260.9000,1.13023,210.542,0.18044
260.8000,-0.513143,209.73,0.1689
260.7000,1.98204,210.866,0.185033
260.6000,0.140236,209.964,0.172235
260.5000,2.1673,209.828,0.170302
260.4000,0.841778,209.861,0.170769
260.3000,-1.44717,210.148,0.174844
260.2000,0.406662,210.344,0.177627
260.1000,0.21369,210.991,0.186798
260.0000,0.621587,210.221,0.17589
259.9000,0.564476,209.264,0.162268
259.8000,2.78364,210.056,0.173539
259.7000,-0.278748,210.639,0.181822
259.6000,0.35427,211.24,0.190326
259.5000,1.71814,209.959,0.172155
259.4000,0.193335,210.149,0.17486
259.3000,-0.338376,209.928,0.17172
259.2000,-0.507823,209.645,0.16769
259.1000,-0.0196118,210.825,0.184456
259.0000,-0.704769,209.07,0.159505
258.9000,0.984684,210.49,0.179701
258.8000,-0.414491,209.647,0.167722
258.7000,0.783865,209.529,0.166045
258.6000,-0.584257,210.042,0.173346
258.5000,0.535861,210.09,0.174022
258.4000,0.497704,210.378,0.178109
258.3000,0.0391902,210.93,0.185932
258.2000,0.880675,210.947,0.186173
258.1000,-0.718047,211.681,0.196555
258.0000,0.490819,211.149,0.189044
257.9000,0.362457,211.374,0.192217
257.8000,0.172219,210.532,0.180296
257.7000,2.99492,211.658,0.196235
257.6000,0.578229,210.624,0.181597
257.5000,1.91597,212.027,0.201447
257.4000,0.535885,210.309,0.177128
257.3000,-0.26365,210.552,0.180585
257.2000,1.93098,211.064,0.187841
257.1000,1.47083,210.42,0.178704
257.0000,1.88259,211.62,0.195691
256.9000,1.52457,210.681,0.182416
256.8000,2.25413,210.593,0.181163
256.7000,0.761851,210.481,0.179572
256.6000,0.853416,211.765,0.197739
256.5000,-1.73826,210.722,0.182995
256.4000,1.16922,210.594,0.181179
256.3000,-0.615951,210.813,0.184279
256.2000,1.16728,211.328,0.191576
256.1000,0.253751,209.097,0.159893
256.0000,1.07986,211.495,0.19393
255.9000,2.28526,211.136,0.188851
255.8000,0.490362,211.481,0.193738
255.7000,1.33992,211.648,0.196091
255.6000,-0.846022,211.455,0.19337
255.5000,0.0251128,211.347,0.191832
255.4000,-1.0172,211.222,0.19007
255.3000,5.02877,211.671,0.196411
255.2000,0.0856123,212.114,0.202662
255.1000,0.268532,211.549,0.194699
255.0000,0.482944,212.148,0.203141
254.9000,-0.0117893,211.572,0.195019
254.8000,0.0203931,213.202,0.217979
254.7000,0.00847866,212.075,0.202119
254.6000,1.85737,211.567,0.194955
254.5000,-0.122116,210.715,0.182898
254.4000,-2.32955,211.288,0.190999
254.3000,-1.25183,211.273,0.190791
254.2000,2.16133,211.134,0.188819
254.1000,-0.32751,212.712,0.211085
254.0000,1.80462,212.132,0.202917
253.9000,1.66064,212.874,0.213363
253.8000,0.406903,212.157,0.203268
253.7000,-0.347312,211.864,0.199146
253.6000,0.111208,211.686,0.196635
253.5000,0.79941,211.727,0.197211
253.4000,0.20985,212.637,0.210033
253.3000,1.88751,210.82,0.184375
253.2000,0.163778,213.037,0.215656
253.1000,0.714242,211.677,0.196507
253.0000,0.0239475,211.703,0.196875
252.9000,0.694263,213.111,0.21669
252.8000,0.411585,212.849,0.213013
252.7000,0.442947,212.209,0.204003
252.6000,1.16758,212.119,0.202742
252.5000,2.15775,213.936,0.228255
252.4000,0.72149,212.199,0.203859
252.3000,2.00914,212.73,0.21134
252.2000,-0.169929,212.958,0.214542
252.1000,-0.274643,212.946,0.214382
252.0000,0.195272,213.582,0.223303
251.9000,0.408247,213.896,0.227699
251.8000,0.0819734,212.612,0.209683
251.7000,0.169878,211.706,0.196907
251.6000,-0.661301,212.58,0.209236
251.5000,1.19823,211.317,0.191416
251.4000,-1.00227,212.697,0.210878
251.3000,-0.545229,212.711,0.211069
251.2000,0.728691,212.367,0.206238
251.1000,0.835362,212.472,0.207705
251.0000,-0.45019,211.507,0.194107
250.9000,1.50809,212.952,0.214462
250.8000,0.558338,213.022,0.215449
250.7000,0.647356,213.048,0.215815
250.6000,-0.376218,211.89,0.199514
250.5000,0.638368,213.219,0.218217
250.4000,2.03787,213.022,0.215449
250.3000,-0.125473,213.602,0.223589
250.2000,0.161565,212.738,0.211452
250.1000,1.10267,212.319,0.205552
250.0000,-0.394222,213.212,0.218106
249.9000,-0.248715,213.631,0.223986
249.8000,1.59821,213.567,0.223096
249.7000,0.903842,213.609,0.223684
249.6000,-0.170808,213.342,0.219934
249.5000,0.753894,212.776,0.211993
249.4000,-0.850864,213.127,0.216913
249.3000,-0.427082,212.911,0.213889
249.2000,0.309325,213.358,0.220157
249.1000,-1.14314,213.743,0.225557
249.0000,-0.47594,213.256,0.218726
248.9000,-0.696247,213.227,0.218328
248.8000,-0.0460641,213.016,0.215353
248.7000,-0.147254,213.038,0.215672
248.6000,-0.152879,213.123,0.216865
248.5000,0.281632,213.403,0.220793
248.4000,0.846143,213.852,0.227081
248.3000,-0.886415,214.439,0.23529
248.2000,-0.189812,214.246,0.232598
248.1000,-0.724829,213.964,0.228651
248.0000,-1.65954,214.089,0.230395
247.9000,0.612806,213.514,0.22235
247.8000,0.637794,214.161,0.231409
247.7000,-1.09961,214.382,0.234498
247.6000,-0.973674,213.921,0.228049
247.5000,-0.874171,214.341,0.233928
247.4000,-1.73641,213.78,0.226081
247.3000,1.78182,214.047,0.229809
247.2000,-2.01798,213.483,0.221921
247.1000,0.875213,214.793,0.240241
247.0000,-1.45033,214.917,0.241963
246.9000,-0.757892,214.372,0.234356
246.8000,-1.26772,214.453,0.235496
246.7000,-0.832764,215.073,0.244143
246.6000,-0.978141,215.556,0.250864
246.5000,0.498487,215.024,0.243464
246.4000,0.276234,214.206,0.232043
246.3000,-0.0444775,214.801,0.240352
246.2000,1.17103,214.495,0.236081
246.1000,-0.452671,214.579,0.237252
246.0000,1.02564,215.453,0.24943
245.9000,0.407697,214.953,0.242469
245.8000,-2.80224,215.164,0.245406
245.7000,-0.762224,214.632,0.237995
245.6000,-0.142306,214.956,0.242516
245.5000,-0.960764,215.558,0.250896
245.4000,-1.44336,215.13,0.244933
245.3000,-1.45342,215.218,0.246164
245.2000,-1.43906,214.316,0.23358
245.1000,-2.34061,214.866,0.241252
245.0000,-1.06752,214.907,0.241822
244.9000,-0.504353,215.605,0.251542
244.8000,0.0178395,215.145,0.245138
244.7000,-3.16293,215.125,0.24487
244.6000,-0.343493,214.935,0.242217
244.5000,-1.42578,215.843,0.25485
244.4000,-1.76909,216.143,0.25902
244.3000,-0.202534,216.039,0.257572
244.2000,-2.1064,215.79,0.254126
244.1000,-0.930566,215.379,0.248405
244.0000,-1.81831,215.624,0.25181
243.9000,-1.98188,215.667,0.252409
243.8000,-1.79641,215.999,0.257022
243.7000,-3.26143,215.5,0.250092
243.6000,-2.85534,215.577,0.251164
243.5000,-3.03533,215.814,0.254456
243.4000,-1.83957,216.253,0.260545
243.3000,-3.36693,216.239,0.260356
243.2000,-0.996061,216.471,0.263578
243.1000,-2.7268,216.664,0.266247
243.0000,-0.776865,216.511,0.264127
242.9000,-1.91641,216.244,0.260419
242.8000,-2.58204,216.92,0.269792
242.7000,-2.26635,217.395,0.276356
242.6000,-2.21498,216.93,0.269933
242.5000,-1.21789,217.38,0.276153
242.4000,-3.50209,217.464,0.277311
242.3000,-4.37898,217.692,0.280455
242.2000,-2.42002,217.089,0.272128
242.1000,-3.51084,216.883,0.269275
242.0000,-2.73954,217.059,0.27172
241.9000,-2.64951,217.533,0.278265
241.8000,-4.82038,217.046,0.271532
241.7000,-4.08875,217.252,0.274384
241.6000,-3.24507,216.917,0.269745
241.5000,-3.69619,217.892,0.283221
241.4000,-1.89398,218.177,0.28714
241.3000,-4.967,218.608,0.293081
241.2000,-5.81166,217.326,0.275402
241.1000,-5.87803,217.864,0.282831
241.0000,-4.20099,217.901,0.283346
240.9000,-4.17561,217.951,0.284033
240.8000,-4.61619,218.203,0.287499
240.7000,-5.09421,219.017,0.298701
240.6000,-6.76421,217.598,0.279157
240.5000,-4.74174,218.638,0.293486
240.4000,-4.41582,219.188,0.301049
240.3000,-6.94477,219.093,0.299744
240.2000,-5.63248,219.023,0.298779
240.1000,-4.68826,219.002,0.298483
240.0000,-6.33165,218.755,0.295091
239.9000,-6.71457,218.545,0.292209
239.8000,-5.41608,219.093,0.299744
239.7000,-5.66147,219.71,0.308194
239.6000,-5.22472,219.842,0.310009
239.5000,-4.66997,219.658,0.30748
239.4000,-5.46777,219.378,0.303645
239.3000,-7.43826,219.756,0.30883
239.2000,-8.18578,219.949,0.311466
239.1000,-7.50475,220.725,0.32207
239.0000,-7.50476,220.553,0.31972
238.9000,-6.36518,220.369,0.317213
238.8000,-5.99951,220.49,0.318869
238.7000,-7.38498,220.075,0.313187
238.6000,-7.77402,221.016,0.32604
238.5000,-8.59968,221.115,0.327383
238.4000,-8.91122,221.055,0.326565
238.3000,-8.93322,221.567,0.333536
238.2000,-8.19636,220.92,0.324727
238.1000,-11.6956,222.255,0.342878
238.0000,-9.24691,221.718,0.335585
237.9000,-9.72962,222.008,0.339525
237.8000,-9.99175,222.236,0.342631
237.7000,-11.1384,222.896,0.351566
237.6000,-9.35942,221.887,0.337895
237.5000,-12.7297,222.151,0.341479
237.4000,-8.81892,222.436,0.345336
237.3000,-11.2212,222.327,0.343861
237.2000,-11.9279,223.178,0.355382
237.1000,-11.1054,223.048,0.35362
237.0000,-10.3943,222.868,0.351183
236.9000,-10.794,223.141,0.354877
236.8000,-11.1594,223.545,0.360341
236.7000,-12.0391,223.477,0.359423
236.6000,-13.4004,223.431,0.358796
236.5000,-11.5672,224.055,0.367218
236.4000,-12.4144,223.501,0.359745
236.3000,-13.9342,223.068,0.353896
236.2000,-12.7762,224.801,0.37725
236.1000,-14.0327,224.478,0.372909
236.0000,-15.6733,224.328,0.370896
235.9000,-15.6024,225.11,0.381405
235.8000,-13.7111,224.666,0.375438
235.7000,-14.7205,225.002,0.37996
235.6000,-14.2851,224.601,0.37457
235.5000,-16.8067,224.959,0.379381
235.4000,-15.9448,223.886,0.364943
235.3000,-14.4423,225.381,0.385038
235.2000,-16.5846,225.696,0.389259
235.1000,-14.3395,225.95,0.392657
235.0000,-17.7465,226.209,0.396127
234.9000,-16.3285,226.295,0.397278
234.8000,-16.7086,227.11,0.40815
234.7000,-18.2073,226.973,0.406322
234.6000,-15.121,226.484,0.399806
234.5000,-17.555,226.884,0.405144
234.4000,-17.5541,227.06,0.407485
234.3000,-18.27,227.147,0.408648
234.2000,-19.0741,227.541,0.413897
234.1000,-18.8882,228.457,0.426057
234.0000,-20.5223,228.118,0.421562
233.9000,-18.6289,228.924,0.432242
233.8000,-19.6967,228.16,0.422119
233.7000,-19.9279,229.039,0.433771
233.6000,-21.1056,228.236,0.423126
233.5000,-21.2813,228.804,0.430652
233.4000,-23.174,229.285,0.437024
233.3000,-22.4043,228.957,0.432677
233.2000,-20.6379,229.485,0.439659
233.1000,-21.7145,229.445,0.439135
233.0000,-23.679,230.017,0.446687
232.9000,-22.2981,229.95,0.445806
232.8000,-22.823,230.225,0.44942
232.7000,-22.9405,230.507,0.453136
232.6000,-23.8801,230.552,0.453732
232.5000,-24.9942,230.103,0.447823
232.4000,-23.741,231.655,0.468213
232.3000,-24.1727,231.324,0.463873
232.2000,-22.4813,230.576,0.454045
232.1000,-23.3268,231.556,0.46692
232.0000,-23.6215,232.67,0.481497
231.9000,-28.6624,232.081,0.473793
231.8000,-26.7487,231.449,0.465523
231.7000,-29.0437,232.537,0.479765
231.6000,-26.1274,233.59,0.493494
231.5000,-27.5337,232.958,0.485254
231.4000,-27.2831,232.61,0.480712
231.3000,-29.6073,233.496,0.49227
231.2000,-27.9314,234.071,0.499758
231.1000,-27.8575,233.184,0.48821
231.0000,-30.7961,234.095,0.500067
230.9000,-31.7894,233.994,0.498757
230.8000,-29.8665,234.148,0.500759
230.7000,-29.5991,233.835,0.496679
230.6000,-31.2995,234.382,0.503791
230.5000,-31.7303,234.766,0.508774
230.4000,-28.9313,233.973,0.498477
230.3000,-31.0072,235.762,0.521664
230.2000,-30.2913,235.023,0.512107
230.1000,-30.7401,234.521,0.5056
230.0000,-31.136,235.577,0.519277
229.9000,-31.2542,235.924,0.523757
229.8000,-33.3411,236.063,0.525556
229.7000,-31.3635,235.593,0.519482
229.6000,-34.841,235.728,0.521225
229.5000,-33.4041,235.785,0.521957
229.4000,-34.9362,237.731,0.547019
229.3000,-33.3013,235.712,0.52102
229.2000,-32.7248,237.208,0.540296
229.1000,-33.3609,237.061,0.538417
229.0000,-34.8237,236.924,0.536653
228.9000,-35.3588,238.338,0.554803
228.8000,-32.7289,237.458,0.543513
228.7000,-36.814,238.583,0.557936
228.6000,-37.0556,238.048,0.551087
228.5000,-35.3205,238.426,0.55592
228.4000,-34.8358,238.716,0.559631
228.3000,-36.496,238.714,0.559602
228.2000,-40.0815,239.408,0.568473
228.1000,-39.4033,239.692,0.5721
228.0000,-41.1403,239.586,0.570742
227.9000,-40.2471,239.75,0.572836
227.8000,-40.1766,240.929,0.58782
227.7000,-39.9604,240.799,0.586181
227.6000,-39.5166,240.886,0.587274
227.5000,-38.8569,240.78,0.585936
227.4000,-40.5942,240.678,0.584641
227.3000,-38.9364,241.141,0.590508
227.2000,-40.2812,241.342,0.593065
227.1000,-40.2556,241.616,0.596538
227.0000,-40.3299,240.556,0.583087
226.9000,-41.0554,242.385,0.606251
226.8000,-41.1325,242.652,0.609626
226.7000,-41.8812,242.225,0.604233
226.6000,-41.1974,243.342,0.618321
226.5000,-45.4544,243.668,0.622425
226.4000,-42.5187,242.747,0.610826
226.3000,-45.8504,242.132,0.603059
226.2000,-44.6232,243.396,0.619005
226.1000,-41.3465,244.173,0.628759
226.0000,-43.8262,244.07,0.627465
225.9000,-44.8546,244.719,0.635607
225.8000,-42.5704,244.945,0.638445
225.7000,-45.5827,245.12,0.640629
225.6000,-44.4874,243.717,0.623038
225.5000,-45.201,245.821,0.649392
225.4000,-47.2817,243.823,0.624362
225.3000,-43.6886,244.599,0.634102
225.2000,-44.7317,245.992,0.651527
225.1000,-44.2208,246.009,0.651739
225.0000,-44.3126,245.993,0.651541
224.9000,-43.8127,245.589,0.646492
224.8000,-48.8243,246.827,0.661929
224.7000,-45.5635,247.281,0.667562
224.6000,-46.1901,246.375,0.656301
224.5000,-46.0495,246.671,0.659983
224.4000,-48.8007,247.895,0.675181
224.3000,-47.1953,246.841,0.662098
224.2000,-45.1294,248.534,0.683094
224.1000,-48.2944,247.675,0.672456
224.0000,-46.3919,248.364,0.680991
223.9000,-47.2185,247.693,0.672681
223.8000,-48.8938,248.43,0.681804
223.7000,-47.02,248.244,0.679504
223.6000,-47.9149,247.684,0.672568
223.5000,-50.2718,249.433,0.694204
223.4000,-45.912,250.142,0.702926
223.3000,-49.6525,249.568,0.695866
223.2000,-47.3468,249.616,0.696453
223.1000,-47.5873,250.322,0.705142
223.0000,-45.9773,251.059,0.7142
222.9000,-49.4783,250.874,0.71192
222.8000,-46.6775,250.849,0.711614
222.7000,-47.5509,252.643,0.733577
222.6000,-49.0019,251.719,0.722279
222.5000,-48.7657,251.013,0.71363
222.4000,-49.9002,252.946,0.737266
222.3000,-50.1266,250.911,0.712379
222.2000,-47.166,250.723,0.71007
222.1000,-49.8883,252.636,0.73348
222.0000,-48.7663,252.085,0.726755
221.9000,-45.8783,252.619,0.733272
221.8000,-45.8417,253.755,0.747114
221.7000,-47.8265,253.556,0.744689
221.6000,-46.0598,253.925,0.74918
221.5000,-49.5123,254.056,0.750776
221.4000,-45.5486,253.496,0.743958
221.3000,-49.6522,254.973,0.761892
221.2000,-47.904,255.21,0.764759
221.1000,-48.1534,254.169,0.752138
221.0000,-44.8649,255.376,0.766773
220.9000,-49.3037,255.288,0.765704
220.8000,-50.1408,255.687,0.770526
220.7000,-46.0273,256.047,0.774876
220.6000,-49.117,256.062,0.775054
220.5000,-50.2009,256.31,0.778047
220.4000,-50.7262,256.171,0.776366
220.3000,-48.4659,256.564,0.781105
220.2000,-47.9262,257.161,0.788291
220.1000,-46.5847,256.989,0.78622
220.0000,-49.1432,256.462,0.779877
219.9000,-48.7061,258.341,0.802446
219.8000,-48.583,257.211,0.788891
219.7000,-49.6742,258.99,0.810215
219.6000,-46.9266,258.522,0.804617
219.5000,-47.2227,258.125,0.799867
219.4000,-51.3881,259.425,0.815412
219.3000,-46.1467,259.058,0.811027
219.2000,-49.3251,260.569,0.829046
219.1000,-50.0703,259.407,0.815195
219.0000,-49.1071,260.005,0.82233
218.9000,-45.2146,259.244,0.813247
218.8000,-46.7176,261.428,0.839246
218.7000,-45.9991,259.798,0.819858
218.6000,-45.2565,260.283,0.825635
218.5000,-46.2698,260.242,0.82515
218.4000,-46.8386,258.713,0.806909
218.3000,-49.0388,261.881,0.844618
218.2000,-46.8557,260.898,0.832952
218.1000,-48.1242,260.777,0.831511
218.0000,-46.6166,261.264,0.837297
217.9000,-44.5321,262.269,0.849205
217.8000,-50.2582,262.089,0.847073
217.7000,-48.6287,262.856,0.856141
217.6000,-45.622,262.299,0.849566
217.5000,-47.1077,264.098,0.870774
217.4000,-48.6096,264.161,0.87152
217.3000,-45.7917,263.826,0.867575
217.2000,-49.9794,263.6,0.86492
217.1000,-49.0317,264.571,0.87634
217.0000,-46.2638,262.977,0.857572
216.9000,-49.1433,265.463,0.886797
216.8000,-45.2177,265.417,0.886253
216.7000,-46.1195,265.496,0.887182
216.6000,-48.0314,264.641,0.877165
216.5000,-48.5647,265.605,0.888455
216.4000,-47.6438,266.325,0.896881
216.3000,-49.484,265.658,0.889079
216.2000,-50.2972,265.569,0.888044
216.1000,-45.8971,268.067,0.917165
216.0000,-49.6148,268.018,0.916599
215.9000,-46.6115,267.637,0.912174
215.8000,-47.1804,269.271,0.93113
215.7000,-46.1651,268.247,0.919257
215.6000,-47.3273,268.56,0.922886
215.5000,-43.8287,267.797,0.914031
215.4000,-48.469,268.668,0.924148
215.3000,-46.7931,268.833,0.926052
215.2000,-48.72,269.774,0.936948
215.1000,-48.6963,269.634,0.935324
215.0000,-45.2758,269.506,0.933843
214.9000,-47.1355,270.76,0.948321
214.8000,-46.7055,271.071,0.951896
214.7000,-47.4762,271.432,0.956053
214.6000,-46.0392,271.409,0.955793
214.5000,-47.1906,271.507,0.956913
214.4000,-46.1849,271.507,0.956913
214.3000,-47.5305,272.564,0.969044
214.2000,-47.1188,272.24,0.965329
214.1000,-49.5493,272.779,0.971509
214.0000,-48.0909,271.927,0.961741
213.9000,-45.999,272.803,0.971782
213.8000,-48.3596,273.289,0.977343
213.7000,-48.2172,273.973,0.985158
213.6000,-49.6688,273.215,0.976501
213.5000,-48.0638,274.811,0.994697
213.4000,-50.1579,274.858,0.995239
213.3000,-51.1775,275.211,0.999246
213.2000,-49.8538,276.54,1.01432
213.1000,-42.582,276.79,1.01715
213.0000,-49.2914,275.925,1.00735
212.9000,-45.932,277.067,1.02028
212.8000,-48.8694,278.394,1.03525
212.7000,-49.1064,277.551,1.02574
212.6000,-50.3419,277.432,1.0244
212.5000,-50.9329,278.256,1.0337
212.4000,-49.4552,278.97,1.04173
212.3000,-44.4425,279.428,1.04687
212.2000,-48.664,278.312,1.03433
212.1000,-53.2132,280.269,1.0563
212.0000,-49.7232,279.763,1.05063
211.9000,-51.0676,280.161,1.05509
211.8000,-50.7806,280.269,1.0563
211.7000,-54.25,280.248,1.05607
211.6000,-52.1251,281.158,1.06624
211.5000,-49.9634,281.265,1.06743
211.4000,-51.877,283.064,1.08746
211.3000,-52.4766,281.873,1.07421
211.2000,-51.0812,283.856,1.09624
211.1000,-47.1729,283.398,1.09117
211.0000,-48.2251,282.606,1.08237
210.9000,-48.3101,283.602,1.09343
210.8000,-51.1209,284.851,1.10724
210.7000,-48.8982,285.849,1.11825
210.6000,-50.6076,284.644,1.10495
210.5000,-47.5566,286.052,1.12049
210.4000,-52.4657,286.104,1.12106
210.3000,-56.3378,286.689,1.12749
210.2000,-53.7906,287.165,1.13271
210.1000,-52.3563,287.341,1.13465
210.0000,-50.96,288.136,1.14335
209.9000,-52.4733,288.188,1.14392
209.8000,-51.6939,289.324,1.15633
209.7000,-51.5841,290.462,1.16871
209.6000,-55.3325,290.092,1.1647
209.5000,-52.108,291.402,1.17892
209.4000,-53.6628,291.817,1.18341
209.3000,-52.58,292.193,1.18748
209.2000,-50.1675,292.556,1.1914
209.1000,-54.6206,293.528,1.20188
209.0000,-52.7771,293.147,1.19778
208.9000,-46.8389,294.675,1.21421
208.8000,-54.649,294.687,1.21435
208.7000,-51.8243,295.715,1.22537
208.6000,-44.0232,295.333,1.22128
208.5000,-50.1748,296.066,1.22912
208.4000,-49.1993,297.313,1.24244
208.3000,-50.2037,296.751,1.23645
208.2000,-49.3934,297.962,1.24934
208.1000,-51.25,298.58,1.25592
208.0000,-54.1226,299.869,1.26958
207.9000,-51.8605,300.903,1.28051
207.8000,-52.5733,300.759,1.27899
207.7000,-47.7534,301.756,1.2895
207.6000,-50.1092,302.603,1.2984
207.5000,-49.7657,303.263,1.30533
207.4000,-49.1246,303.416,1.30693
207.3000,-54.4676,304.709,1.32046
207.2000,-50.0198,304.494,1.31821
207.1000,-41.396,305.231,1.32591
207.0000,-46.5333,305.772,1.33154
206.9000,-44.8036,306.609,1.34025
206.8000,-38.9873,308.07,1.35539
206.7000,-45.2878,308.696,1.36186
206.6000,-46.369,308.316,1.35793
206.5000,-43.5341,309.408,1.36921
206.4000,-44.2471,310.033,1.37565
206.3000,-47.4117,311.356,1.38923
206.2000,-48.6719,312.544,1.4014
206.1000,-41.7304,312.626,1.40224
206.0000,-41.2748,313.91,1.41534
205.9000,-36.8377,313.703,1.41323
205.8000,-46.8723,314.96,1.42602
205.7000,-46.6813,316.95,1.44617
205.6000,-37.6549,316.148,1.43807
205.5000,-32.849,317.394,1.45066
205.4000,-31.6807,317.459,1.45132
205.3000,-45.5611,319.272,1.46957
205.2000,-44.4591,320.554,1.48242
205.1000,-28.3246,321.443,1.49131
205.0000,-30.1215,322.902,1.50585
204.9000,-43.355,323.021,1.50703
204.8000,-36.6612,324.424,1.52097
204.7000,-31.5258,325.366,1.53029
204.6000,-39.6497,326.748,1.54393
204.5000,-31.503,327.549,1.55181
204.4000,-28.7991,328.388,1.56004
204.3000,-23.6621,330.416,1.57989
204.2000,-24.0591,329.999,1.57581
204.1000,-30.119,330.833,1.58395
204.0000,-27.5165,333.166,1.60663
203.9000,-29.8767,333.59,1.61073
203.8000,-21.2378,334.757,1.62202
203.7000,-20.7098,336.611,1.63987
203.6000,-29.6013,336.54,1.63919
203.5000,-18.7772,339.279,1.66542
203.4000,-23.1735,340.012,1.67241
203.3000,-15.6906,341.843,1.68982
203.2000,-16.5995,342.036,1.69165
203.1000,-17.1423,344.219,1.71229
203.0000,-19.3151,343.392,1.70448
202.9000,-17.6454,344.099,1.71116
202.8000,-18.9169,346.79,1.73646
202.7000,-21.5794,346.295,1.73182
202.6000,-9.47267,348.526,1.75269
202.5000,-4.99395,350.05,1.76689
202.4000,-11.7765,349.873,1.76525
202.3000,-11.3683,351.858,1.78367
202.2000,-3.79461,352.986,1.79409
202.1000,-2.33607,355.229,1.81476
202.0000,-2.26896,356.632,1.82762
201.9000,-5.49675,357.409,1.83473
201.8000,-4.61589,360.598,1.86375
201.7000,-1.75807,360.921,1.86668
201.6000,-2.68171,361.935,1.87586
201.5000,3.42232,363.062,1.88604
201.4000,0.516421,365.779,1.91047
201.3000,5.07307,366.604,1.91786
201.2000,2.73305,367.28,1.9239
201.1000,9.34597,369.818,1.94651
201.0000,6.91596,370.83,1.95548
200.9000,13.7826,371.741,1.96354
200.8000,16.9503,373.995,1.98342
200.7000,17.7246,374.245,1.98562
200.6000,16.5032,376.609,2.00635
200.5000,6.70391,377.209,2.0116
200.4000,7.44961,380.145,2.03715
200.3000,14.5731,381.533,2.04918
200.2000,14.8242,382.757,2.05975
200.1000,25.5436,385.437,2.0828
200.0000,31.2095,386.541,2.09226
199.9000,18.4397,388.947,2.11279
199.8000,18.0668,389.431,2.11691
199.7000,25.9236,391.676,2.13596
199.6000,13.9826,393.289,2.14958
199.5000,27.6684,395.914,2.17166
199.4000,28.9688,396.243,2.17441
199.3000,17.3727,397.656,2.18623
199.2000,20.2267,399.074,2.19807
199.1000,36.6053,400.613,2.21087
199.0000,36.6283,402.517,2.22664
198.9000,31.0687,404.258,2.24102
198.8000,45.6006,406.864,2.26243
198.7000,31.453,409.334,2.28262
198.6000,37.1,409.24,2.28186
198.5000,41.505,410.169,2.28943
198.4000,25.7723,413.585,2.31714
198.3000,33.0101,415.816,2.33513
198.2000,39.5364,417.123,2.34563
198.1000,28.1591,418.792,2.359
198.0000,38.0876,420.015,2.36877
197.9000,46.0938,422.53,2.38879
197.8000,38.4091,424.426,2.40381
197.7000,47.9547,425.715,2.414
197.6000,37.5881,427.967,2.43173
197.5000,51.0953,430.54,2.45188
197.4000,33.9281,432.222,2.465
197.3000,31.209,434.051,2.47922
197.2000,21.1829,435.08,2.4872
197.1000,39.6902,437.258,2.50403
197.0000,46.3419,440.38,2.52804
196.9000,42.8033,440.945,2.53237
196.8000,50.3789,444.092,2.5564
196.7000,35.7545,444.699,2.56102
196.6000,41.1812,447.341,2.58106
196.5000,53.1184,449.13,2.59457
196.4000,43.3913,451.223,2.61032
196.3000,44.6144,454.518,2.63499
196.2000,40.5654,455.069,2.63911
196.1000,49.9417,456.749,2.65162
196.0000,38.8744,458.85,2.66721
195.9000,41.7762,462.244,2.69226
195.8000,42.7389,463.98,2.70502
195.7000,56.0399,465.461,2.71587
195.6000,45.5005,467.334,2.72955
195.5000,36.5797,468.505,2.73808
195.4000,47.329,470.761,2.75447
195.3000,44.7584,472.674,2.7683
195.2000,31.4084,474.299,2.78002
195.1000,40.2468,474.835,2.78388
195.0000,34.1418,477.662,2.80417
194.9000,43.414,478.108,2.80736
194.8000,43.2011,480.502,2.82445
194.7000,36.6066,482.25,2.83688
194.6000,49.4539,483.615,2.84656
194.5000,39.8569,484.847,2.85528
194.4000,45.1992,487.29,2.87252
194.3000,42.688,488.912,2.88391
194.2000,35.462,490.404,2.89437
194.1000,22.311,492.828,2.9113
194.0000,44.7612,494.45,2.9226
193.9000,40.4463,497.892,2.94646
193.8000,44.1096,499.464,2.95731
193.7000,31.8039,500.939,2.96747
193.6000,35.9653,502.983,2.9815
193.5000,37.3896,504.137,2.98939
193.4000,28.9477,505.77,3.00055
193.3000,42.5622,507.325,3.01114
193.2000,40.9795,509.1,3.0232
193.1000,25.0521,509.655,3.02696
193.0000,39.6002,512.846,3.04852
192.9000,32.4975,512.472,3.046
192.8000,35.339,515.813,3.06848
192.7000,31.4098,516.745,3.07472
192.6000,24.8727,519.813,3.09522
192.5000,48.2519,520.371,3.09894
192.4000,50.2976,523.776,3.12155
192.3000,38.5907,525.567,3.13338
192.2000,45.5016,527.409,3.14553
192.1000,25.7829,528.766,3.15445
192.0000,35.0615,529.843,3.16152
191.9000,31.6444,532.795,3.18083
191.8000,28.6841,534.725,3.19341
191.7000,29.4035,535.787,3.20031
191.6000,20.6024,538.3,3.2166
191.5000,39.4259,539.373,3.22354
191.4000,26.4078,540.929,3.23357
191.3000,34.3776,543.16,3.24792
191.2000,29.4042,544.663,3.25756
191.1000,50.3893,548.907,3.28465
191.0000,21.3517,550.685,3.29596
190.9000,31.998,553.082,3.31114
190.8000,22.7151,556.171,3.33062
190.7000,23.0142,558.225,3.34353
190.6000,34.7609,560.592,3.35835
190.5000,27.3399,562.667,3.3713
190.4000,19.9865,565.849,3.39108
190.3000,24.1661,567.066,3.39862
190.2000,12.5124,569.48,3.41353
190.1000,15.4321,571.415,3.42545
190.0000,28.8631,575.078,3.44792

##### Extended Information
[Comments]
Sample name,KMGM_BUFFER&PROTEIN_928
Comment,BUFFER  AND PROTEIN
User,KYLE MURPHY
Division
Company,Saint Mary's College

[Detailed Information]
Creation date,9/28/2022 3:19 PM

Data array type,Linear data array * 3
Horizontal axis,Wavelength [nm]
Vertical axis(1),CD [mdeg]
Vertical axis(2),HT [V]
Vertical axis(3),Abs
Start,320 nm
End,190 nm
Data interval,0.1 nm
Data points,1301    

[Measurement Information]
Instrument name,J-1500
Model name,J-1500
Serial No.,B051061638

Detector,PM-539
Detector S/N,B051061638
  Lock-in amp.,X mode
  HT volt,Auto

Accessory,PTC-517
Accessory S/N,B026561646
  Temperature,27.92 C
  Control sensor,Holder
  Monitor sensor,Holder

Measurement date,9/28/2022 3:19 PM

CD Overload detect,1048
Photometric mode,CD, HT, Abs
Measure range,320 - 190 nm
Data pitch,0.1 nm
CD scale,20 mdeg/0.05 dOD
FL scale,20 mdeg/0.05 dOD
D.I.T.,8 msec
Bandwidth,2.00 nm
Start mode,Immediately
Scanning mode,Continuous
Scanning speed,200 nm/min
Baseline correction,None
Shutter control,Auto
No. of cycle,1/1
N2 Flowmeter,Manual

Solvent,NaPO4 buffer

