TITLE,PA_EH_JP
DATA TYPE,
ORIGIN,JASCO
OWNER,
DATE,22/09/27
TIME,17:42:54
SPECTROMETER/DATA SYSTEM,
LOCALE,1033
RESOLUTION,
DELTAX,-0.1
XUNITS,NANOMETERS
YUNITS,CD [mdeg]
Y2UNITS,HT [V]
Y3UNITS,ABSORBANCE
FIRSTX,  320.0000
LASTX,  190.0000
NPOINTS,    1301
FIRSTY,     0.75376
MAXY,    42.55369
MINY,   -76.81679
XYDATA
320.0000,0.753759,206.989,0.12969
319.9000,0.334376,207.893,0.142672
319.8000,-0.829376,206.872,0.128011
319.7000,1.68823,207.41,0.135748
319.6000,1.05361,206.994,0.129772
319.5000,0.678362,207.219,0.132997
319.4000,1.45225,208.59,0.152645
319.3000,-0.691549,206.649,0.124798
319.2000,1.78643,206.639,0.124651
319.1000,1.63438,207.627,0.138854
319.0000,2.04068,207.516,0.137261
318.9000,0.861214,207.546,0.1377
318.8000,0.640979,206.839,0.127539
318.7000,0.922221,207.226,0.133095
318.6000,1.43105,206.43,0.121647
318.5000,0.0708257,206.88,0.128126
318.4000,0.3465,206.776,0.126625
318.3000,1.39395,206.31,0.119915
318.2000,1.41198,206.36,0.120634
318.1000,-0.721336,207.348,0.134853
318.0000,1.18604,206.598,0.124064
317.9000,-0.131542,207.502,0.137066
317.8000,0.764861,206.849,0.127685
317.7000,1.00915,207.329,0.134576
317.6000,2.2101,207.354,0.134934
317.5000,2.82264,207.5,0.137033
317.4000,1.54324,207.011,0.130016
317.3000,0.142862,206.949,0.12912
317.2000,1.65395,207.304,0.134218
317.1000,1.05716,207.117,0.131532
317.0000,0.0246424,207.383,0.135357
316.9000,1.3604,207.2,0.13272
316.8000,1.11425,207.237,0.133258
316.7000,-0.00455912,206.96,0.129283
316.6000,2.89638,206.333,0.120242
316.5000,-1.43026,206.715,0.125745
316.4000,-0.0308945,206.964,0.129332
316.3000,2.28269,206.277,0.119441
316.2000,1.62207,207.112,0.131466
316.1000,0.723884,206.26,0.119196
316.0000,1.00018,205.497,0.108164
315.9000,0.428997,206.924,0.128762
315.8000,1.38156,206.452,0.121957
315.7000,0.686113,206.84,0.127555
315.6000,0.634027,206.957,0.129234
315.5000,-0.512631,206.278,0.119458
315.4000,1.74715,205.706,0.111195
315.3000,1.3392,206.984,0.129625
315.2000,2.36145,206.272,0.11936
315.1000,1.03227,205.97,0.11501
315.0000,0.927731,206.456,0.122023
314.9000,0.187668,207.016,0.130082
314.8000,2.97179,206.541,0.123247
314.7000,1.08407,206.83,0.127408
314.6000,2.86452,205.928,0.114404
314.5000,1.37998,207.016,0.130082
314.4000,-0.448496,205.943,0.114617
314.3000,0.0127975,206.328,0.120177
314.2000,0.786328,206.39,0.121075
314.1000,-1.45717,207.252,0.133469
314.0000,1.90919,206.627,0.124488
313.9000,0.840678,206.526,0.123035
313.8000,1.24935,205.942,0.114601
313.7000,2.00773,207.288,0.13399
313.6000,1.93474,205.961,0.114879
313.5000,1.10789,206.279,0.119474
313.4000,0.539645,206.375,0.120847
313.3000,1.88127,205.964,0.114928
313.2000,0.773134,205.017,0.101222
313.1000,-0.118531,206.177,0.118003
313.0000,2.43821,205.677,0.110769
312.9000,-0.400602,206.887,0.128223
312.8000,0.755049,206.686,0.125337
312.7000,-1.90429,206.296,0.119719
312.6000,2.73917,206.364,0.1207
312.5000,0.477485,206.648,0.124782
312.4000,2.37559,206.441,0.12181
312.3000,-1.38301,206.227,0.118722
312.2000,-0.026151,206.002,0.115468
312.1000,1.11528,206.777,0.126642
312.0000,1.0307,206.106,0.116973
311.9000,1.30886,206.211,0.118494
311.8000,1.74018,206.07,0.11645
311.7000,2.0699,206.805,0.12705
311.6000,1.34624,206.336,0.120291
311.5000,1.58129,206.397,0.121174
311.4000,2.11075,205.927,0.114388
311.3000,1.49582,205.906,0.114077
311.2000,0.319837,206.036,0.115959
311.1000,0.756885,206.937,0.128941
311.0000,2.03924,206.531,0.1231
310.9000,0.407044,206.359,0.120618
310.8000,0.0738386,206.514,0.122856
310.7000,1.40997,206.062,0.116335
310.6000,0.289491,206.159,0.117742
310.5000,0.226821,206.16,0.117758
310.4000,0.84255,206.006,0.115534
310.3000,1.45213,206.655,0.12488
310.2000,-0.115737,206.556,0.12346
310.1000,1.10836,206.273,0.119376
310.0000,1.60957,205.929,0.114421
309.9000,1.96276,206.39,0.121075
309.8000,0.779399,206.795,0.126903
309.7000,0.547516,206.495,0.122578
309.6000,1.59399,205.895,0.11393
309.5000,-0.169443,207.056,0.130652
309.4000,1.61308,206.645,0.124749
309.3000,0.598063,206.718,0.125793
309.2000,1.21871,205.932,0.114453
309.1000,0.76179,206.766,0.126479
309.0000,0.374043,206.419,0.121484
308.9000,-0.496813,206.548,0.123345
308.8000,1.54032,206.405,0.121288
308.7000,1.04232,206.887,0.128223
308.6000,0.950694,206.616,0.124325
308.5000,-0.189744,206.396,0.121157
308.4000,1.93145,206.639,0.124651
308.3000,-0.546881,206.964,0.129332
308.2000,1.67813,206.378,0.120896
308.1000,0.40128,206.784,0.12674
308.0000,1.47211,206.473,0.122268
307.9000,1.1585,206.014,0.115648
307.8000,0.20842,206.541,0.123247
307.7000,2.32728,207.079,0.130994
307.6000,0.993513,206.401,0.121222
307.5000,0.321639,207.059,0.130701
307.4000,1.73981,205.668,0.110638
307.3000,0.942809,206.76,0.126397
307.2000,1.09167,206.491,0.122529
307.1000,1.26857,206.306,0.11985
307.0000,2.18799,206.197,0.118281
306.9000,1.08155,206.282,0.119507
306.8000,0.921179,206.461,0.122088
306.7000,-0.206739,207.143,0.131906
306.6000,0.635293,206.221,0.118624
306.5000,0.228441,206.96,0.129283
306.4000,0.694529,205.916,0.114224
306.3000,-0.304734,206.529,0.123068
306.2000,0.742029,207.013,0.130033
306.1000,1.01038,206.72,0.125826
306.0000,1.72461,206.284,0.11954
305.9000,0.0188841,206.3,0.119768
305.8000,0.741065,206.168,0.117872
305.7000,0.770566,206.615,0.124308
305.6000,1.48179,205.809,0.112686
305.5000,1.74859,206.483,0.122415
305.4000,1.82338,206.783,0.126723
305.3000,1.58913,206.581,0.123819
305.2000,0.844117,205.779,0.112243
305.1000,0.931921,206.07,0.11645
305.0000,0.987388,206.405,0.121288
304.9000,1.55063,205.429,0.10718
304.8000,1.46106,206.361,0.120651
304.7000,0.929003,205.873,0.113602
304.6000,0.6558,206.385,0.120994
304.5000,2.30482,206.931,0.128859
304.4000,0.945758,206.083,0.116646
304.3000,1.3352,205.985,0.115223
304.2000,1.16642,205.621,0.109967
304.1000,-0.795881,206.115,0.117104
304.0000,1.47619,206.141,0.11748
303.9000,0.439323,206.185,0.118117
303.8000,0.160643,205.913,0.114192
303.7000,0.714935,206.012,0.115615
303.6000,1.00128,205.314,0.105523
303.5000,1.76489,206.275,0.119409
303.4000,1.37788,205.747,0.111785
303.3000,1.34419,206.498,0.122627
303.2000,0.320442,206.085,0.116662
303.1000,-0.465177,206.046,0.116106
303.0000,0.121411,205.482,0.10795
302.9000,-1.89674,205.69,0.110966
302.8000,-0.567757,205.654,0.110442
302.7000,0.677179,205.339,0.105884
302.6000,1.10663,206.538,0.123198
302.5000,0.412586,206.648,0.124782
302.4000,-0.329264,206.438,0.121762
302.3000,0.637023,205.977,0.115108
302.2000,0.842234,206.233,0.118804
302.1000,-0.187579,205.673,0.11072
302.0000,0.244104,206.051,0.116171
301.9000,-0.0374464,205.825,0.112915
301.8000,-0.636162,206.276,0.119425
301.7000,0.0936786,205.417,0.107016
301.6000,1.35668,206.111,0.117038
301.5000,1.92684,206.251,0.119066
301.4000,0.399155,206.861,0.127848
301.3000,1.67032,205.993,0.115337
301.2000,0.299698,205.767,0.11208
301.1000,1.20835,205.947,0.114682
301.0000,-1.54743,205.736,0.111621
300.9000,1.73267,205.679,0.110802
300.8000,0.232015,206.136,0.117398
300.7000,1.75711,205.842,0.11316
300.6000,0.536046,205.971,0.115026
300.5000,0.0171075,206.264,0.119245
300.4000,2.14716,206.142,0.117496
300.3000,2.28811,205.434,0.107262
300.2000,0.303531,205.943,0.114617
300.1000,0.328866,205.409,0.106901
300.0000,1.6045,204.959,0.100384
299.9000,1.44702,206.096,0.116826
299.8000,1.49929,206.503,0.122692
299.7000,1.44872,205.625,0.110016
299.6000,0.372456,206.069,0.116433
299.5000,1.39728,205.96,0.114862
299.4000,-0.412984,205.546,0.108885
299.3000,1.34502,206.779,0.126674
299.2000,0.725753,205.495,0.108147
299.1000,-0.101562,205.77,0.112112
299.0000,1.69642,206.546,0.123313
298.9000,2.9714,204.852,0.0988233
298.8000,0.976521,205.421,0.107065
298.7000,1.36573,206.043,0.116057
298.6000,1.04731,205.478,0.107901
298.5000,0.832409,206.546,0.123313
298.4000,0.134772,205.736,0.111621
298.3000,-0.656413,205.524,0.108557
298.2000,0.549238,204.947,0.100204
298.1000,-0.774451,206.272,0.11936
298.0000,1.748,205.934,0.114486
297.9000,0.112143,205.535,0.108721
297.8000,1.08365,205.277,0.104982
297.7000,0.506563,205.975,0.115075
297.6000,1.18476,205.637,0.110196
297.5000,0.432632,205.431,0.107213
297.4000,0.177671,205.988,0.115272
297.3000,0.898924,205.345,0.105966
297.2000,1.00169,205.418,0.107032
297.1000,1.56414,205.647,0.110343
297.0000,0.214287,205.364,0.106245
296.9000,-0.327752,205.407,0.106868
296.8000,2.32382,205.341,0.105917
296.7000,0.71101,205.594,0.109573
296.6000,0.879722,205.729,0.111523
296.5000,0.367931,205.408,0.106885
296.4000,0.13195,206.049,0.116155
296.3000,-0.285628,206.106,0.116973
296.2000,1.0195,207.524,0.137374
296.1000,-0.221491,205.798,0.112522
296.0000,2.58277,206.146,0.117545
295.9000,2.05796,205.756,0.111916
295.8000,0.411037,204.944,0.100154
295.7000,1.18059,205.816,0.112784
295.6000,0.332796,205.015,0.101189
295.5000,0.786843,205.712,0.111277
295.4000,1.06695,205.767,0.11208
295.3000,0.86201,206.26,0.119196
295.2000,0.235353,205.451,0.107508
295.1000,-0.450005,205.455,0.107557
295.0000,1.69474,204.982,0.100713
294.9000,0.57356,205.872,0.113586
294.8000,0.621802,206.261,0.119213
294.7000,1.02887,205.585,0.109442
294.6000,0.207956,205.204,0.103931
294.5000,-0.0664811,205.819,0.112833
294.4000,2.3899,206.248,0.119017
294.3000,0.454745,205.487,0.108032
294.2000,-0.602482,205.265,0.104818
294.1000,1.44785,206.038,0.115991
294.0000,-0.00156725,205.921,0.114306
293.9000,0.134308,205.46,0.107639
293.8000,0.686234,205.704,0.111162
293.7000,0.176885,205.187,0.103685
293.6000,0.297654,205.822,0.112866
293.5000,0.905093,205.448,0.107459
293.4000,-0.3831,205.319,0.105589
293.3000,2.15289,205.568,0.109196
293.2000,0.81236,205.483,0.107967
293.1000,0.622581,205.875,0.113635
293.0000,1.07466,205.772,0.112145
292.9000,0.320213,206.21,0.118477
292.8000,0.505968,204.724,0.0969654
292.7000,0.579347,205.647,0.110343
292.6000,1.36783,205.51,0.10836
292.5000,1.01407,205.635,0.110163
292.4000,2.30172,205.218,0.104128
292.3000,1.50764,205.772,0.112145
292.2000,-0.257979,205.399,0.106753
292.1000,-0.42293,206.093,0.116777
292.0000,0.0352168,204.93,0.0999574
291.9000,-0.449818,204.835,0.0985768
291.8000,0.148218,205.404,0.106819
291.7000,0.874609,205.776,0.112211
291.6000,0.16735,205.347,0.105999
291.5000,0.0213638,206.424,0.121565
291.4000,1.49276,204.834,0.0985604
291.3000,0.286281,204.865,0.0990205
291.2000,3.44483,205.073,0.102027
291.1000,-0.389634,205.824,0.112898
291.0000,0.734895,205.896,0.113946
290.9000,0.371285,205.72,0.111392
290.8000,0.521404,205.277,0.104982
290.7000,1.19102,205.628,0.110065
290.6000,-0.637224,205.919,0.114273
290.5000,1.06653,205.118,0.102684
290.4000,1.5583,205.481,0.107934
290.3000,0.0481239,205.825,0.112915
290.2000,1.65299,206.043,0.116057
290.1000,1.87603,206.513,0.122839
290.0000,0.900553,206.536,0.123166
289.9000,-0.501808,206.122,0.117202
289.8000,-0.498671,206.845,0.12762
289.7000,0.569728,206.732,0.125989
289.6000,0.62901,205.915,0.114208
289.5000,-0.145037,206.267,0.119295
289.4000,1.1108,205.485,0.108
289.3000,1.86777,206.56,0.123525
289.2000,-0.776878,206.304,0.119834
289.1000,0.25528,206.265,0.119262
289.0000,1.00178,206.295,0.119703
288.9000,2.31674,206.653,0.124863
288.8000,1.40956,205.597,0.109622
288.7000,1.09293,205.872,0.113586
288.6000,1.66459,206.214,0.118526
288.5000,1.12962,206.279,0.119474
288.4000,1.61687,206.771,0.12656
288.3000,0.264604,206.614,0.124292
288.2000,-0.377876,206.026,0.115812
288.1000,0.232375,205.774,0.112178
288.0000,1.18126,206.519,0.122921
287.9000,1.85963,206.363,0.120684
287.8000,1.06079,206.86,0.127832
287.7000,1.04688,206.303,0.119817
287.6000,-1.05565,206.298,0.119736
287.5000,1.31265,206.213,0.11851
287.4000,1.14833,205.977,0.115108
287.3000,-0.45747,205.723,0.111441
287.2000,0.474161,205.699,0.111097
287.1000,-1.04259,206.562,0.123541
287.0000,-0.830022,206.357,0.120585
286.9000,0.934368,206.581,0.123819
286.8000,3.11533,206.053,0.116204
286.7000,0.825188,206.238,0.118869
286.6000,0.811973,205.857,0.113373
286.5000,0.0887774,206.486,0.122447
286.4000,-0.824437,206.567,0.123623
286.3000,1.54226,205.849,0.113259
286.2000,1.37372,206.711,0.125696
286.1000,0.00962794,206.684,0.125304
286.0000,1.43012,207.262,0.133616
285.9000,0.62303,206.661,0.124978
285.8000,1.92291,207.115,0.131499
285.7000,-1.54495,206.341,0.120357
285.6000,0.966815,205.583,0.109409
285.5000,-0.65278,205.903,0.114044
285.4000,0.685222,206.318,0.12003
285.3000,1.94031,206.785,0.126756
285.2000,2.16171,207.286,0.133958
285.1000,-0.506245,207.073,0.130896
285.0000,0.274315,206.359,0.120618
284.9000,-0.117341,206.525,0.123019
284.8000,-0.0678313,205.363,0.106229
284.7000,0.856915,206.742,0.126136
284.6000,0.908612,206.719,0.12581
284.5000,1.36558,205.91,0.114143
284.4000,-1.17494,206.711,0.125696
284.3000,0.394743,206.338,0.120324
284.2000,1.87037,206.508,0.122774
284.1000,1.55171,206.514,0.122856
284.0000,1.32891,206.548,0.123345
283.9000,-0.381247,205.629,0.110081
283.8000,-0.112546,205.401,0.106786
283.7000,1.06825,206.829,0.127392
283.6000,-0.354918,207.558,0.137862
283.5000,0.578112,206.343,0.120389
283.4000,0.469103,206.277,0.119441
283.3000,0.948046,206.466,0.12217
283.2000,-0.676102,207.149,0.131988
283.1000,2.35514,206.405,0.121288
283.0000,1.82399,205.932,0.114453
282.9000,-0.166581,205.995,0.11537
282.8000,1.02968,206.741,0.12612
282.7000,1.177,206.959,0.129267
282.6000,1.33888,206.234,0.118821
282.5000,1.22557,207.214,0.132932
282.4000,0.475143,206.596,0.124031
282.3000,1.38366,206.988,0.129674
282.2000,-0.0184328,207.228,0.133127
282.1000,1.52126,206.658,0.124929
282.0000,-0.813221,207.137,0.131825
281.9000,0.968134,207.34,0.134739
281.8000,1.49498,206.089,0.116727
281.7000,-0.581609,206.633,0.12457
281.6000,0.249256,206.573,0.123705
281.5000,-1.17553,207.298,0.134137
281.4000,1.39986,206.419,0.121484
281.3000,1.36677,206.625,0.124455
281.2000,0.533706,206.711,0.125696
281.1000,0.617471,207.249,0.133437
281.0000,1.08478,206.497,0.122611
280.9000,0.465707,206.866,0.12793
280.8000,1.10588,206.708,0.125646
280.7000,1.17599,205.587,0.109475
280.6000,0.631223,206,0.115435
280.5000,-0.134172,206.59,0.12395
280.4000,0.284424,207.239,0.13329
280.3000,1.66408,206.854,0.127751
280.2000,0.835401,206.633,0.12457
280.1000,1.07123,207.039,0.130408
280.0000,-0.271076,207.621,0.138773
279.9000,1.29101,206.722,0.125859
279.8000,0.590816,206.796,0.126919
279.7000,-1.08332,206.716,0.125761
279.6000,1.10571,206.963,0.129315
279.5000,0.260983,207.083,0.131043
279.4000,-0.494127,206.788,0.126805
279.3000,0.408109,207.222,0.133046
279.2000,-0.268839,206.542,0.123264
279.1000,2.15438,207.025,0.130212
279.0000,0.0480794,206.832,0.127441
278.9000,-1.82448,207.139,0.131857
278.8000,0.725654,206.82,0.127261
278.7000,0.182744,206.863,0.127881
278.6000,0.0176199,206.711,0.125696
278.5000,1.42028,207.241,0.133323
278.4000,0.514534,207.477,0.136708
278.3000,0.757632,207.163,0.132199
278.2000,1.81815,207.111,0.13145
278.1000,-0.732135,207.203,0.132769
278.0000,0.855768,206.608,0.124211
277.9000,0.96237,207.018,0.130114
277.8000,-0.126706,206.721,0.125842
277.7000,0.573775,206.999,0.129837
277.6000,1.06209,207.592,0.13835
277.5000,-0.827762,207.135,0.131792
277.4000,-0.535806,206.376,0.120863
277.3000,-0.646153,206.908,0.128533
277.2000,0.030305,206.541,0.123247
277.1000,2.56441,206.473,0.122268
277.0000,0.27928,206.865,0.127914
276.9000,-0.399385,206.88,0.128126
276.8000,-0.690468,207.2,0.13272
276.7000,0.387748,206.963,0.129315
276.6000,0.793154,206.837,0.127506
276.5000,1.39284,207.606,0.138561
276.4000,-0.350025,206.763,0.126446
276.3000,1.92757,207.095,0.131222
276.2000,-0.00609385,206.866,0.12793
276.1000,-0.315556,206.641,0.124684
276.0000,0.150998,206.824,0.127327
275.9000,0.439582,207.547,0.137716
275.8000,0.96189,206.517,0.122905
275.7000,-0.379998,206.761,0.126413
275.6000,-0.422694,206.411,0.121369
275.5000,0.304648,206.507,0.122758
275.4000,0.0170045,206.633,0.12457
275.3000,-0.282597,206.851,0.127702
275.2000,0.123891,207.382,0.135341
275.1000,0.707728,207.031,0.130293
275.0000,0.000932255,207.313,0.134348
274.9000,-1.2631,207.267,0.133697
274.8000,0.558975,206.732,0.125989
274.7000,-0.432628,207.16,0.13215
274.6000,-1.13834,207.079,0.130994
274.5000,0.648099,207.724,0.140252
274.4000,2.07794,207.362,0.135048
274.3000,-2.26131,207.287,0.133974
274.2000,0.818852,206.749,0.126234
274.1000,1.03944,207.264,0.133649
274.0000,-0.733042,206.187,0.118134
273.9000,-1.20971,207.66,0.139325
273.8000,1.80856,206.687,0.125353
273.7000,1.66734,207.117,0.131532
273.6000,0.801462,206.862,0.127865
273.5000,1.06512,207.272,0.133762
273.4000,0.754074,207.194,0.132639
273.3000,1.81635,207.312,0.134332
273.2000,0.0137983,206.383,0.120961
273.1000,-0.0175496,206.23,0.118755
273.0000,0.718664,206.917,0.128663
272.9000,0.404295,206.598,0.124064
272.8000,0.622733,207.44,0.136171
272.7000,-0.015041,206.554,0.123427
272.6000,0.203551,207.065,0.130782
272.5000,-1.52533,206.302,0.119801
272.4000,-1.2465,207.037,0.130391
272.3000,0.153068,207.068,0.130831
272.2000,0.154336,207.001,0.12987
272.1000,-0.585344,207.615,0.138692
272.0000,-0.216214,206.551,0.123394
271.9000,1.47218,207.237,0.133258
271.8000,-0.972159,206.665,0.125027
271.7000,-0.570508,207.66,0.139325
271.6000,0.186574,207.647,0.139147
271.5000,-0.101669,207.699,0.139894
271.4000,-0.471154,207.109,0.131417
271.3000,0.233022,206.93,0.128843
271.2000,-0.17756,206.783,0.126723
271.1000,-0.227531,207.093,0.131189
271.0000,-2.07984,206.953,0.129169
270.9000,-0.465817,207.518,0.137293
270.8000,-0.07733,207.008,0.129967
270.7000,-1.81124,207.261,0.1336
270.6000,-0.603718,208.052,0.144945
270.5000,-1.13062,207.349,0.134869
270.4000,-0.219064,207.211,0.132883
270.3000,1.36096,207.316,0.134397
270.2000,0.173336,206.677,0.125206
270.1000,0.0785594,207.349,0.134869
270.0000,-0.370828,207.028,0.130261
269.9000,0.460083,207.427,0.135992
269.8000,-1.10627,207.109,0.131417
269.7000,-0.650713,207.198,0.132704
269.6000,-0.021178,207.571,0.138057
269.5000,0.367012,207.968,0.143744
269.4000,0.527262,207.888,0.142607
269.3000,0.0605713,207.442,0.136203
269.2000,-0.604966,207.096,0.131238
269.1000,-1.3233,206.636,0.124619
269.0000,1.2693,207.356,0.134967
268.9000,0.441749,207.769,0.140902
268.8000,-0.21417,207.232,0.133193
268.7000,-0.667807,206.811,0.127131
268.6000,0.12484,206.934,0.128908
268.5000,0.696782,207.39,0.135455
268.4000,-0.262946,207.163,0.132199
268.3000,0.860288,207.612,0.138643
268.2000,-0.0105926,208.113,0.145821
268.1000,2.4548,207.52,0.137326
268.0000,0.448159,207.562,0.137927
267.9000,0.792425,207.568,0.138009
267.8000,1.44039,207.476,0.136691
267.7000,1.3021,208.542,0.151965
267.6000,-0.490321,208.39,0.149794
267.5000,0.0451072,208.078,0.145318
267.4000,-0.461954,208.48,0.151074
267.3000,-0.490535,207.409,0.135731
267.2000,-0.269329,207.963,0.143679
267.1000,1.66906,208.077,0.145302
267.0000,-0.977652,208.567,0.152321
266.9000,0.103653,208.252,0.147816
266.8000,0.770053,207.907,0.142867
266.7000,0.186124,207.474,0.136659
266.6000,-0.0363519,208.595,0.152726
266.5000,1.70669,207.965,0.143711
266.4000,-0.149517,206.964,0.129332
266.3000,-1.47607,207.69,0.139764
266.2000,-0.304929,208.423,0.150264
266.1000,-0.162849,208.278,0.148189
266.0000,1.27391,208.07,0.145204
265.9000,0.091953,208.811,0.155802
265.8000,0.989089,208.21,0.147216
265.7000,-1.34033,207.509,0.137163
265.6000,-0.807681,208.365,0.149437
265.5000,-0.265479,207.952,0.143516
265.4000,-2.00334,208.057,0.145026
265.3000,1.74102,207.799,0.141324
265.2000,0.78901,209.011,0.158664
265.1000,-0.278164,209.02,0.158794
265.0000,-0.387337,208.482,0.151106
264.9000,1.31839,207.929,0.143192
264.8000,0.849574,208.966,0.158017
264.7000,0.601188,208.746,0.154879
264.6000,-0.708182,208.615,0.153001
264.5000,-2.39386,208.144,0.146275
264.4000,1.60458,208.903,0.157112
264.3000,-0.26496,208.965,0.158001
264.2000,0.351079,207.927,0.143159
264.1000,-0.707782,209.111,0.160087
264.0000,1.33609,208.726,0.154588
263.9000,-0.288389,209.597,0.167013
263.8000,0.443234,208.669,0.153779
263.7000,-0.675624,209.383,0.163963
263.6000,2.43116,208.321,0.148805
263.5000,0.386594,208.701,0.154232
263.4000,0.0832224,208.411,0.150085
263.3000,-0.0570257,208.794,0.155559
263.2000,-0.541417,208.932,0.157532
263.1000,-1.11406,208.575,0.152434
263.0000,0.282802,208.335,0.149
262.9000,0.19189,208.882,0.156821
262.8000,0.85047,208.787,0.155462
262.7000,-0.444857,207.964,0.143695
262.6000,-0.5678,207.714,0.140105
262.5000,-1.82393,208.957,0.157888
262.4000,0.206717,209.07,0.159505
262.3000,-1.24685,208.815,0.155866
262.2000,-1.045,209.485,0.165416
262.1000,-1.03536,209.145,0.160571
262.0000,0.514777,209.486,0.165432
261.9000,-0.286504,209.147,0.160604
261.8000,-0.22434,208.91,0.157225
261.7000,0.39963,209.792,0.169786
261.6000,0.997027,209.123,0.160264
261.5000,-1.16153,209.131,0.160377
261.4000,-0.320348,209.001,0.158519
261.3000,-1.07466,208.743,0.154831
261.2000,-1.70618,208.914,0.157274
261.1000,0.0960839,208.414,0.150134
261.0000,0.228856,209.359,0.163624
260.9000,0.703394,210.02,0.173024
260.8000,-0.0878277,208.464,0.150847
260.7000,0.889552,210.019,0.173008
260.6000,-1.24225,209.249,0.162058
260.5000,0.771243,209.232,0.161815
260.4000,0.1073,209.053,0.159262
260.3000,-1.32491,209.024,0.158842
260.2000,-0.437948,209.364,0.163689
260.1000,1.04132,209.657,0.167868
260.0000,0.700146,209.573,0.166674
259.9000,-0.835246,209.897,0.171285
259.8000,-0.0494608,209.945,0.171961
259.7000,-0.483359,209.818,0.170157
259.6000,-0.435676,209.832,0.17035
259.5000,-0.264467,210.156,0.174956
259.4000,0.134911,209.551,0.166351
259.3000,0.341053,209.228,0.161751
259.2000,2.4301,210.404,0.178479
259.1000,-1.9082,210.089,0.174006
259.0000,0.191037,209.004,0.158567
258.9000,-0.59753,209.96,0.172171
258.8000,-0.498467,209.968,0.172284
258.7000,0.369249,210.237,0.176115
258.6000,-0.382284,209.308,0.162897
258.5000,-0.190431,209.602,0.167077
258.4000,-0.13383,210.366,0.177949
258.3000,0.0283714,210.721,0.182979
258.2000,-1.46096,210.311,0.17716
258.1000,-1.33798,210.349,0.177707
258.0000,0.771897,210.434,0.178913
257.9000,0.831028,210.089,0.174006
257.8000,-2.93467,210.717,0.182914
257.7000,0.695843,210.339,0.177562
257.6000,0.0332426,209.8,0.169899
257.5000,0.943561,210.587,0.181083
257.4000,1.3869,210.46,0.179283
257.3000,-0.0928243,209.572,0.166658
257.2000,0.113937,210.471,0.179428
257.1000,0.659772,210.083,0.173926
257.0000,-0.472858,210.626,0.181629
256.9000,-0.463116,209.76,0.169335
256.8000,1.70678,210.309,0.177128
256.7000,-0.666593,210.262,0.176469
256.6000,-0.868721,210.425,0.178785
256.5000,0.587226,210.187,0.175407
256.4000,0.221989,210.857,0.184905
256.3000,-0.115436,210.476,0.179508
256.2000,-1.12763,210.79,0.183958
256.1000,0.676139,210.321,0.177305
256.0000,0.928633,210.551,0.180569
255.9000,-1.24658,211.558,0.194827
255.8000,-0.0388946,210.762,0.183557
255.7000,0.583619,210.83,0.18452
255.6000,-0.734429,211.16,0.189188
255.5000,0.372381,210.473,0.17946
255.4000,-1.86285,211.205,0.189829
255.3000,-1.05465,211.332,0.191624
255.2000,1.13889,211.079,0.18805
255.1000,0.267314,211.008,0.187039
255.0000,-0.935526,210.527,0.180232
254.9000,-0.0141272,211.145,0.18898
254.8000,-1.42437,210.884,0.18529
254.7000,1.08932,210.693,0.182577
254.6000,0.213366,211.236,0.190262
254.5000,-1.11983,210.863,0.184985
254.4000,-0.0262164,211.939,0.200201
254.3000,0.223085,210.246,0.176244
254.2000,-0.793846,211.481,0.193738
254.1000,0.643363,212.004,0.201112
254.0000,1.61121,211.189,0.189605
253.9000,0.427577,210.309,0.177128
253.8000,0.343966,211.518,0.19425
253.7000,0.797234,210.589,0.181099
253.6000,-0.569226,211.489,0.19385
253.5000,-1.30831,211.803,0.198283
253.4000,-0.604629,211.322,0.19148
253.3000,0.924676,211.969,0.200617
253.2000,0.355302,211.935,0.200137
253.1000,0.927415,211.436,0.193098
253.0000,0.218655,212.133,0.202933
252.9000,-0.172924,211.018,0.187183
252.8000,1.4028,212.566,0.209029
252.7000,0.048898,212.484,0.207881
252.6000,0.223666,211.537,0.194523
252.5000,-1.74938,211.988,0.200888
252.4000,0.117529,210.651,0.181983
252.3000,-0.0939867,212.318,0.205536
252.2000,-0.477239,211.89,0.199514
252.1000,-0.446023,212.442,0.207291
252.0000,-0.55387,211.751,0.197547
251.9000,-2.04071,212.554,0.208869
251.8000,-0.57819,212.659,0.210336
251.7000,-0.848267,213.178,0.217629
251.6000,0.669877,212.557,0.208901
251.5000,0.218951,211.79,0.198091
251.4000,0.207708,212.146,0.203125
251.3000,-1.08953,211.834,0.198714
251.2000,0.262384,211.907,0.199753
251.1000,-0.712759,211.885,0.199434
251.0000,-0.255513,212.563,0.208997
250.9000,-0.499515,212.788,0.212153
250.8000,-1.18492,212.057,0.201863
250.7000,-0.782012,213.212,0.218106
250.6000,-0.792717,213.511,0.222302
250.5000,-2.20415,212.27,0.204865
250.4000,-0.559163,212.656,0.210304
250.3000,-0.911404,212.332,0.205743
250.2000,-0.688893,211.548,0.194683
250.1000,-0.28681,213.005,0.21521
250.0000,-0.398295,211.88,0.19937
249.9000,-1.32488,212.374,0.206333
249.8000,-2.22792,212.991,0.215003
249.7000,-0.849754,213.277,0.219028
249.6000,-0.44541,212.907,0.213825
249.5000,-0.709425,212.355,0.206062
249.4000,0.0649428,213.057,0.215942
249.3000,1.21628,212.663,0.2104
249.2000,-1.17367,213.263,0.218821
249.1000,-1.40067,212.814,0.212519
249.0000,0.210593,213.329,0.219759
248.9000,-2.7573,213.299,0.21933
248.8000,-1.95977,212.903,0.213777
248.7000,-2.09686,212.358,0.20611
248.6000,-1.80927,212.793,0.212232
248.5000,-0.556297,213.385,0.220538
248.4000,-0.0261397,213.378,0.220443
248.3000,-0.36373,213.36,0.220189
248.2000,-2.3804,212.873,0.213347
248.1000,-2.95898,214.337,0.233865
248.0000,0.00388248,213.5,0.222159
247.9000,-0.296705,212.966,0.214653
247.8000,-0.783667,213.145,0.217167
247.7000,-1.71523,213.095,0.216467
247.6000,-1.9719,213.787,0.226176
247.5000,0.0676494,214.136,0.231061
247.4000,-1.46501,213.152,0.217263
247.3000,-1.09816,214.109,0.23068
247.2000,-2.89093,214.511,0.236303
247.1000,-0.35034,213.665,0.224462
247.0000,-2.20673,213.793,0.226256
246.9000,-1.93461,213.895,0.227684
246.8000,-1.05775,213.945,0.228382
246.7000,-0.954583,214.212,0.232122
246.6000,-3.74711,214.28,0.233073
246.5000,-2.22905,213.82,0.226637
246.4000,-3.32296,214.198,0.231932
246.3000,-1.76289,214.359,0.234181
246.2000,-1.57226,213.659,0.224383
246.1000,-0.774504,213.516,0.222382
246.0000,-1.79808,213.845,0.226985
245.9000,-1.44247,214.219,0.232217
245.8000,-3.37611,214.26,0.232788
245.7000,-1.81608,214.925,0.242074
245.6000,-1.07856,214.317,0.233596
245.5000,-0.645903,215.227,0.24629
245.4000,-2.77635,214.64,0.238106
245.3000,-1.97586,214.464,0.235638
245.2000,-2.4198,214.419,0.235021
245.1000,-3.23598,215.132,0.244964
245.0000,-1.48295,214.755,0.239703
244.9000,-2.83505,214.036,0.229666
244.8000,-3.09982,215.607,0.251573
244.7000,-1.7886,214.814,0.240525
244.6000,-2.68836,215.139,0.245059
244.5000,-1.79461,215.196,0.245849
244.4000,-3.88759,215.003,0.243164
244.3000,-2.49776,214.858,0.241142
244.2000,-3.41366,215.12,0.244791
244.1000,-3.43001,215.645,0.252109
244.0000,-4.52974,215.971,0.256628
243.9000,-2.61285,215.896,0.25559
243.8000,-4.29268,215.736,0.253369
243.7000,-3.68573,216.398,0.262557
243.6000,-4.80484,215.334,0.247774
243.5000,-4.51099,215.237,0.246432
243.4000,-3.56086,216.355,0.261959
243.3000,-4.16248,216.615,0.265572
243.2000,-4.2308,216.482,0.263719
243.1000,-3.66667,216.165,0.259334
243.0000,-6.61232,217.167,0.273209
242.9000,-3.31915,216.643,0.265949
242.8000,-4.75685,215.833,0.254724
242.7000,-4.38929,216.274,0.260844
242.6000,-4.12363,216.496,0.263923
242.5000,-3.9263,216.214,0.26001
242.4000,-5.32204,216.913,0.269698
242.3000,-6.71046,217.44,0.276982
242.2000,-6.11906,216.964,0.270404
242.1000,-7.47885,217.203,0.27371
242.0000,-6.52434,216.383,0.262352
241.9000,-5.7495,217.539,0.278343
241.8000,-6.97445,217.467,0.277358
241.7000,-5.00112,217.233,0.274117
241.6000,-7.77203,217.322,0.275354
241.5000,-5.07102,216.572,0.264975
241.4000,-8.03583,218.317,0.289075
241.3000,-6.43706,217.929,0.283721
241.2000,-5.25879,217.79,0.281815
241.1000,-8.25622,217.58,0.278907
241.0000,-6.55602,217.635,0.279673
240.9000,-8.46681,217.878,0.283018
240.8000,-6.0678,218.566,0.292505
240.7000,-7.06978,218.35,0.289527
240.6000,-9.37819,219.124,0.300163
240.5000,-8.8748,218.234,0.287936
240.4000,-7.25532,219.083,0.299604
240.3000,-10.1781,219.54,0.305866
240.2000,-8.33204,218.821,0.296009
240.1000,-9.23342,218.698,0.294312
240.0000,-9.19107,219.424,0.304282
239.9000,-10.482,219.763,0.308923
239.8000,-11.6276,219.171,0.300816
239.7000,-9.91513,219.437,0.304453
239.6000,-10.2797,220.666,0.321266
239.5000,-8.94016,219.934,0.311265
239.4000,-8.61754,219.888,0.310629
239.3000,-10.4652,219.959,0.311606
239.2000,-12.6508,220.778,0.322796
239.1000,-9.20404,220.605,0.320431
239.0000,-12.0138,220.473,0.318637
238.9000,-11.8342,221.482,0.332381
238.8000,-11.229,221.507,0.33272
238.7000,-13.9966,221.001,0.325839
238.6000,-12.8097,221.01,0.325963
238.5000,-11.0842,222.089,0.340633
238.4000,-14.7079,221.904,0.338125
238.3000,-13.1708,221.749,0.336016
238.2000,-14.4447,221.197,0.32851
238.1000,-14.5979,222.063,0.340279
238.0000,-14.116,222.931,0.352042
237.9000,-14.5787,223.01,0.353115
237.8000,-15.189,222.78,0.350002
237.7000,-13.5173,223.261,0.3565
237.6000,-15.0343,223.145,0.354938
237.5000,-15.1072,223.154,0.35506
237.4000,-15.9501,223.285,0.356822
237.3000,-16.4375,223.655,0.361825
237.2000,-17.3837,223.604,0.361137
237.1000,-17.1263,223.837,0.364286
237.0000,-16.4513,224.75,0.376565
236.9000,-17.8891,224.676,0.375575
236.8000,-16.0079,224.727,0.376261
236.7000,-16.3201,225.23,0.383016
236.6000,-18.5541,225.412,0.385463
236.5000,-17.4631,225.978,0.393036
236.4000,-20.4644,226.16,0.395476
236.3000,-18.2441,225.496,0.386587
236.2000,-20.0357,225.113,0.38145
236.1000,-20.2533,226.439,0.399201
236.0000,-19.3172,225.972,0.39296
235.9000,-18.5333,226.685,0.402484
235.8000,-21.2728,226.451,0.399367
235.7000,-21.8087,226.701,0.402695
235.6000,-25.0075,226.44,0.399216
235.5000,-21.3339,227.219,0.409599
235.4000,-20.8088,227.655,0.415405
235.3000,-23.1152,227.731,0.416414
235.2000,-22.0488,227.212,0.409508
235.1000,-23.2162,227.963,0.419501
235.0000,-27.1633,228.647,0.42858
234.9000,-22.7627,227.437,0.41251
234.8000,-24.4749,228.388,0.42514
234.7000,-24.5597,228.643,0.42852
234.6000,-24.2025,228.84,0.431132
234.5000,-24.808,229.356,0.437952
234.4000,-28.9986,230.04,0.446986
234.3000,-28.1825,229.692,0.442397
234.2000,-25.922,229.685,0.442307
234.1000,-28.9163,230.407,0.451823
234.0000,-28.5926,230.107,0.447868
233.9000,-28.193,230.487,0.452882
233.8000,-28.7069,231.575,0.467173
233.7000,-29.126,231.171,0.461865
233.6000,-30.2837,230.825,0.457324
233.5000,-31.7784,232.087,0.473882
233.4000,-29.8737,232.403,0.478017
233.3000,-30.3545,232.054,0.473452
233.2000,-32.7274,232.586,0.480401
233.1000,-33.3693,231.854,0.470826
233.0000,-35.399,232.934,0.484944
232.9000,-34.949,232.875,0.484174
232.8000,-33.5384,234.024,0.49914
232.7000,-33.5872,232.954,0.485209
232.6000,-35.1594,233.388,0.490868
232.5000,-35.7915,234.304,0.502776
232.4000,-33.4277,234.68,0.507658
232.3000,-36.1762,236.463,0.530715
232.2000,-36.5955,234.985,0.511608
232.1000,-36.3563,235.22,0.51466
232.0000,-36.8068,235.328,0.516053
231.9000,-36.7457,235.846,0.522747
231.8000,-38.5059,236.222,0.527603
231.7000,-39.7062,236.311,0.528757
231.6000,-40.6698,236.217,0.527544
231.5000,-42.2293,236.179,0.527047
231.4000,-41.5199,237.676,0.546307
231.3000,-38.6187,236.781,0.534801
231.2000,-39.434,237.134,0.539349
231.1000,-40.1196,237.213,0.540369
231.0000,-42.1461,237.713,0.546786
230.9000,-43.6452,238.019,0.55071
230.8000,-43.5983,238.244,0.553599
230.7000,-41.7434,237.192,0.540092
230.6000,-42.6876,238.156,0.552467
230.5000,-41.3624,238.158,0.552496
230.4000,-47.6927,239.66,0.571681
230.3000,-46.4823,238.707,0.559515
230.2000,-46.2462,239.934,0.575174
230.1000,-46.3925,239.431,0.568762
230.0000,-46.9869,239.729,0.572562
229.9000,-44.1613,240.219,0.578808
229.8000,-50.4597,239.56,0.57041
229.7000,-48.734,240.204,0.578606
229.6000,-49.9495,239.932,0.575145
229.5000,-48.604,240.532,0.582784
229.4000,-48.1897,240.87,0.587072
229.3000,-50.9099,240.559,0.58313
229.2000,-50.5616,241.451,0.594443
229.1000,-48.2596,241.615,0.596523
229.0000,-50.6716,242.388,0.606294
228.9000,-50.5528,242.262,0.604705
228.8000,-55.758,242.944,0.613312
228.7000,-56.4624,242.44,0.606952
228.6000,-52.0542,242.87,0.612369
228.5000,-52.2371,242.925,0.613069
228.4000,-51.8511,244.033,0.62701
228.3000,-53.8971,244.094,0.627778
228.2000,-53.1289,245.088,0.640231
228.1000,-56.3665,244.68,0.635124
228.0000,-56.3064,245.189,0.641493
227.9000,-58.2404,244.85,0.637253
227.8000,-56.0605,245.506,0.645459
227.7000,-55.7956,245.459,0.644864
227.6000,-56.8476,246.544,0.658404
227.5000,-55.6262,247.141,0.665831
227.4000,-59.4016,246.375,0.656301
227.3000,-57.436,247.678,0.672498
227.2000,-58.8319,247.666,0.672344
227.1000,-56.6898,247.368,0.668645
227.0000,-61.4329,247.636,0.671978
226.9000,-58.6207,247.809,0.674114
226.8000,-60.4965,248.913,0.687785
226.7000,-60.1596,248.479,0.682421
226.6000,-60.8353,248.081,0.677484
226.5000,-61.256,249.307,0.692639
226.4000,-60.4932,248.864,0.687169
226.3000,-63.1884,249.775,0.698407
226.2000,-62.537,250.98,0.713227
226.1000,-64.1779,248.898,0.687589
226.0000,-65.3012,250.184,0.703442
225.9000,-63.7383,250.429,0.706465
225.8000,-61.4284,250.527,0.707662
225.7000,-63.5163,251.556,0.720281
225.6000,-64.5082,252.383,0.730396
225.5000,-67.024,251.89,0.724372
225.4000,-65.0345,253.265,0.741159
225.3000,-63.9716,251.461,0.719116
225.2000,-68.623,252.395,0.730548
225.1000,-65.9981,254.305,0.753789
225.0000,-62.2457,253.226,0.740676
224.9000,-64.8645,252.294,0.729316
224.8000,-63.4081,253.073,0.738812
224.7000,-63.7429,253.811,0.747789
224.6000,-66.4365,253.517,0.74422
224.5000,-66.2081,254.07,0.750941
224.4000,-68.1643,254.638,0.757829
224.3000,-67.8778,254.133,0.751712
224.2000,-67.6531,254.915,0.761192
224.1000,-68.3304,255.844,0.772428
224.0000,-65.8548,255.758,0.771388
223.9000,-63.6513,255.381,0.766828
223.8000,-69.976,257.067,0.787161
223.7000,-70.5234,255.555,0.768938
223.6000,-65.131,256.446,0.779685
223.5000,-65.8464,257.756,0.795437
223.4000,-65.7952,258.612,0.805702
223.3000,-68.4177,257.434,0.791573
223.2000,-70.1344,257.362,0.790702
223.1000,-71.5918,257.291,0.789858
223.0000,-69.4663,259.045,0.810878
222.9000,-68.2909,258.041,0.798862
222.8000,-67.3049,259.531,0.816683
222.7000,-68.0602,258.312,0.802107
222.6000,-73.0914,259.734,0.819102
222.5000,-69.8977,261.628,0.841611
222.4000,-72.2545,260.404,0.827078
222.3000,-71.0101,261.919,0.845061
222.2000,-72.0365,260.426,0.827348
222.1000,-69.4841,261.092,0.835253
222.0000,-68.3893,260.559,0.828925
221.9000,-71.1544,261.289,0.837593
221.8000,-66.3887,260.965,0.833746
221.7000,-68.1747,263.052,0.858454
221.6000,-71.3729,262.529,0.852286
221.5000,-66.0335,262.918,0.856876
221.4000,-66.8388,262.689,0.854174
221.3000,-70.6635,262.967,0.857451
221.2000,-72.0725,263.505,0.863798
221.1000,-67.5508,263.545,0.864266
221.0000,-69.4381,263.785,0.867094
220.9000,-71.7094,264.264,0.872733
220.8000,-69.6938,264.609,0.876779
220.7000,-72.222,264.313,0.873305
220.6000,-71.1863,265.702,0.889596
220.5000,-67.7427,266.912,0.903729
220.4000,-69.4593,266.027,0.893399
220.3000,-68.1105,265.89,0.891796
220.2000,-71.0839,266.92,0.903822
220.1000,-67.2762,266.426,0.898059
220.0000,-68.0143,267.023,0.905024
219.9000,-71.9833,267.608,0.911831
219.8000,-71.9455,267.421,0.909656
219.7000,-67.1446,268.227,0.919021
219.6000,-69.7332,268.623,0.923622
219.5000,-68.3256,268.636,0.923767
219.4000,-71.933,269.593,0.934852
219.3000,-69.2441,268.607,0.923438
219.2000,-65.5279,269.65,0.935507
219.1000,-69.4376,270.087,0.94056
219.0000,-72.4715,269.608,0.935023
218.9000,-70.477,270.613,0.946624
218.8000,-71.5276,270.363,0.943749
218.7000,-66.6232,270.822,0.949039
218.6000,-69.6167,271.279,0.954294
218.5000,-66.9054,270.915,0.950109
218.4000,-67.3426,272.314,0.966174
218.3000,-69.5858,271.369,0.955324
218.2000,-69.836,272.842,0.972223
218.1000,-71.996,273.49,0.979634
218.0000,-72.0916,272.72,0.970835
217.9000,-70.5819,273.822,0.983425
217.8000,-66.4744,273.604,0.980941
217.7000,-70.8239,274.014,0.985623
217.6000,-69.918,274.248,0.988284
217.5000,-74.9558,274.496,0.991112
217.4000,-66.6142,275.399,1.00138
217.3000,-69.2866,275.069,0.997636
217.2000,-68.237,275.649,1.00423
217.1000,-68.2255,276.967,1.01915
217.0000,-69.4483,276.904,1.01844
216.9000,-66.6234,276.474,1.01358
216.8000,-68.2214,278.286,1.03403
216.7000,-70.1474,278.097,1.0319
216.6000,-68.5318,277.816,1.02874
216.5000,-69.495,278.568,1.03721
216.4000,-68.0432,278.84,1.04027
216.3000,-66.9532,279.206,1.04438
216.2000,-69.6023,279.531,1.04803
216.1000,-70.7131,280.379,1.05753
216.0000,-71.0368,280.169,1.05518
215.9000,-73.2659,281.096,1.06554
215.8000,-69.9099,280.695,1.06106
215.7000,-68.9223,280.988,1.06434
215.6000,-66.8849,281.474,1.06977
215.5000,-69.4408,281.257,1.06734
215.4000,-66.5863,282.255,1.07847
215.3000,-66.7617,282.934,1.08601
215.2000,-65.8447,283.377,1.09093
215.1000,-69.1846,283.378,1.09094
215.0000,-66.6309,283.639,1.09383
214.9000,-68.5053,284.814,1.10683
214.8000,-65.4421,284.483,1.10317
214.7000,-71.1624,284.988,1.10876
214.6000,-67.5137,285.442,1.11377
214.5000,-66.626,285.494,1.11435
214.4000,-70.7228,285.89,1.1187
214.3000,-68.2571,286.401,1.12432
214.2000,-64.4489,287.603,1.13752
214.1000,-68.2024,287.264,1.13381
214.0000,-67.5979,287.341,1.13465
213.9000,-68.9175,288.283,1.14496
213.8000,-68.9807,288.829,1.15093
213.7000,-68.1873,289.559,1.15889
213.6000,-70.55,288.819,1.15082
213.5000,-68.2791,289.305,1.15612
213.4000,-66.9535,290.861,1.17304
213.3000,-70.2165,290.596,1.17016
213.2000,-65.5909,290.968,1.17421
213.1000,-70.7174,291.477,1.17973
213.0000,-71.4854,292.559,1.19143
212.9000,-71.6631,291.963,1.18499
212.8000,-68.4944,292.291,1.18853
212.7000,-65.0196,293.288,1.19929
212.6000,-68.8159,293.798,1.20479
212.5000,-71.2475,294.459,1.2119
212.4000,-73,293.735,1.20412
212.3000,-70.9123,295.528,1.22336
212.2000,-67.7527,295.582,1.22395
212.1000,-70.9225,295.638,1.22454
212.0000,-70.0544,296.679,1.23567
211.9000,-72.9905,297.061,1.23975
211.8000,-74.9617,297.54,1.24486
211.7000,-72.5834,298.34,1.25337
211.6000,-67.3333,298.938,1.25972
211.5000,-70.3681,299.667,1.26744
211.4000,-69.8342,300.493,1.27618
211.3000,-71.4131,301.093,1.28252
211.2000,-67.5136,300.944,1.28094
211.1000,-73.0844,301.461,1.28639
211.0000,-76.6908,302.734,1.29978
210.9000,-70.9266,302.429,1.29658
210.8000,-70.7001,303.133,1.30396
210.7000,-72.1658,303.999,1.31303
210.6000,-75.1622,304.013,1.31319
210.5000,-72.4099,305.104,1.32458
210.4000,-68.3035,305.782,1.33164
210.3000,-75.7304,306.597,1.34012
210.2000,-70.7359,307.562,1.35013
210.1000,-62.4092,308.091,1.35561
210.0000,-74.6931,308.797,1.36291
209.9000,-73.8194,310.099,1.37633
209.8000,-76.7913,309.364,1.36875
209.7000,-73.608,309.663,1.37183
209.6000,-75.1039,310.94,1.38497
209.5000,-76.8168,312.207,1.39795
209.4000,-67.8833,313.383,1.40996
209.3000,-67.6587,313.75,1.41371
209.2000,-74.9362,314.262,1.41892
209.1000,-73.0038,315.878,1.43533
209.0000,-70.0452,316.507,1.4417
208.9000,-74.3485,316.92,1.44588
208.8000,-72.0488,317.063,1.44732
208.7000,-71.4388,318.308,1.45988
208.6000,-73.4282,319.172,1.46856
208.5000,-72.2039,320.08,1.47768
208.4000,-71.2276,320.816,1.48504
208.3000,-70.7572,321.838,1.49525
208.2000,-69.3974,322.601,1.50286
208.1000,-70.5474,324.023,1.51699
208.0000,-69.1026,325.065,1.52731
207.9000,-74.4244,326.246,1.53898
207.8000,-67.4267,327.259,1.54896
207.7000,-67.3127,328.011,1.55634
207.6000,-70.7752,329.109,1.5671
207.5000,-68.2387,328.975,1.5658
207.4000,-75.4184,330.886,1.58447
207.3000,-65.4939,332.35,1.59871
207.2000,-64.212,332.335,1.59857
207.1000,-67.8865,333.662,1.61144
207.0000,-74.7604,334.595,1.62045
206.9000,-71.0459,335.374,1.62797
206.8000,-59.4991,336.171,1.63564
206.7000,-65.1495,337.618,1.64953
206.6000,-60.4369,338.906,1.66186
206.5000,-67.6611,340.053,1.6728
206.4000,-62.5903,340.845,1.68034
206.3000,-63.232,342.618,1.69716
206.2000,-65.4352,343.842,1.70873
206.1000,-59.6795,344.372,1.71373
206.0000,-49.271,345.83,1.72746
205.9000,-55.3072,346.916,1.73764
205.8000,-58.1273,348.817,1.75541
205.7000,-59.3401,349.226,1.75922
205.6000,-55.057,351.159,1.77719
205.5000,-53.1443,352.342,1.78815
205.4000,-50.9751,353.886,1.8024
205.3000,-43.0313,354.288,1.8061
205.2000,-53.0789,356.184,1.82352
205.1000,-47.5706,357.927,1.83946
205.0000,-54.9143,358.743,1.84689
204.9000,-42.9757,361.303,1.87015
204.8000,-48.4042,362.252,1.87873
204.7000,-47.0287,363.556,1.8905
204.6000,-41.3068,365.265,1.90586
204.5000,-43.9804,366.78,1.91943
204.4000,-37.4133,368.714,1.93668
204.3000,-40.0016,370.497,1.95253
204.2000,-35.5135,370.839,1.95556
204.1000,-33.1667,372.173,1.96736
204.0000,-34.6506,373.501,1.97907
203.9000,-28.7265,376.303,2.00367
203.8000,-19.7205,377.774,2.01652
203.7000,-26.0271,380.082,2.0366
203.6000,-28.9863,381.929,2.0526
203.5000,-21.7371,383.218,2.06373
203.4000,-31.5079,384.827,2.07757
203.3000,-30.0098,385.279,2.08145
203.2000,-24.5978,388.285,2.10716
203.1000,-31.881,389.781,2.11989
203.0000,-24.2163,391.026,2.13045
202.9000,-18.7653,393.432,2.15078
202.8000,-26.7308,395.68,2.16969
202.7000,-19.5169,396.197,2.17403
202.6000,-14.8511,397.744,2.18697
202.5000,-7.39144,400.478,2.20975
202.4000,-9.93919,401.782,2.22056
202.3000,-6.19151,403.858,2.23772
202.2000,-11.1489,406.506,2.2595
202.1000,-6.75042,408.824,2.27846
202.0000,-10.3155,411.137,2.2973
201.9000,-9.39854,413.42,2.3158
201.8000,-4.72294,415.962,2.3363
201.7000,-7.19424,417.302,2.34707
201.6000,1.64661,420.211,2.37033
201.5000,7.83443,422.581,2.38919
201.4000,5.79923,424.308,2.40288
201.3000,7.53531,427.087,2.42481
201.2000,7.07872,428.932,2.43929
201.1000,12.8506,430.915,2.45481
201.0000,19.1839,433.891,2.47798
200.9000,7.8188,435.914,2.49365
200.8000,10.4167,437.573,2.50646
200.7000,12.3959,440.381,2.52805
200.6000,21.4876,442.241,2.54228
200.5000,-2.37012,444.676,2.56084
200.4000,13.2606,447.451,2.58189
200.3000,13.3629,449.188,2.59501
200.2000,18.2081,451.592,2.6131
200.1000,14.8649,455.247,2.64044
200.0000,10.7697,457.307,2.65577
199.9000,18.6979,460.43,2.67889
199.8000,21.8936,463.097,2.69854
199.7000,9.46879,465.701,2.71763
199.6000,9.76725,468.287,2.73649
199.5000,26.494,470.914,2.75558
199.4000,28.5343,473.715,2.77582
199.3000,18.3611,474.864,2.78409
199.2000,33.1819,477.555,2.80341
199.1000,30.5759,480.152,2.82196
199.0000,21.8576,482.544,2.83897
198.9000,27.9195,486.064,2.86388
198.8000,16.9617,489.257,2.88634
198.7000,10.1466,492.464,2.90877
198.6000,12.768,495.506,2.92994
198.5000,27.8247,497.684,2.94502
198.4000,17.4944,500.936,2.96744
198.3000,24.8842,503.991,2.98839
198.2000,24.3802,506.131,3.00301
198.1000,39.2916,509.242,3.02416
198.0000,42.5537,512.123,3.04365
197.9000,36.1098,515.35,3.06537
197.8000,23.4881,517.248,3.07809
197.7000,34.7785,520.805,3.10183
197.6000,19.5618,522.448,3.11274
197.5000,25.3363,526.714,3.14095
197.4000,29.3263,529.678,3.16044
197.3000,25.8194,532.558,3.17928
197.2000,33.821,535.181,3.19637
197.1000,23.6788,538.711,3.21926
197.0000,39.3272,541.435,3.23683
196.9000,39.8792,545.274,3.26147
196.8000,40.998,548.385,3.28134
196.7000,24.697,550.717,3.29616
196.6000,38.6668,554.012,3.31702
196.5000,27.4601,558.041,3.34238
196.4000,31.539,560.567,3.35819
196.3000,32.5509,565.326,3.38783
196.2000,37.1629,567.41,3.40074
196.1000,24.4793,570.545,3.4201
196.0000,32.9388,574.671,3.44543
195.9000,26.5408,576.611,3.45728
195.8000,24.1454,580.694,3.48212
195.7000,29.0723,582.875,3.49533
195.6000,6.97662,586.479,3.51707
195.5000,27.4518,588.423,3.52875
195.4000,14.8329,591.913,3.54963
195.3000,37.4978,594.068,3.56247
195.2000,40.4876,596.679,3.57798
195.1000,20.6965,598.223,3.58712
195.0000,25.4092,601.526,3.60661
194.9000,13.445,604.005,3.62118
194.8000,12.4711,605.847,3.63197
194.7000,32.8372,608.402,3.64689
194.6000,28.3278,610.877,3.6613
194.5000,20.1186,613.314,3.67544
194.4000,27.702,616.01,3.69102
194.3000,40.2762,618.876,3.70752
194.2000,38.0485,620.932,3.71932
194.1000,18.1164,624.47,3.73954
194.0000,33.8481,627.121,3.75464
193.9000,17.435,630.03,3.77113
193.8000,17.0602,633.046,3.78817
193.7000,25.3537,636.336,3.80667
193.6000,19.5869,637.952,3.81573
193.5000,21.8545,641.629,3.83627
193.4000,20.1927,642.074,3.83875
193.3000,23.9246,644.258,3.85089
193.2000,20.9734,645.981,3.86045
193.1000,26.9965,648.536,3.87458
193.0000,37.5034,650.119,3.88331
192.9000,29.9269,652.861,3.8984
192.8000,30.9898,655.634,3.91359
192.7000,18.4368,657.687,3.92481
192.6000,31.8095,661.11,3.94344
192.5000,34.3316,662.628,3.95168
192.4000,26.7843,666.418,3.97218
192.3000,23.4107,667.982,3.98061
192.2000,10.6892,669.969,3.9913
192.1000,25.3999,672.191,4.00321
192.0000,25.2946,673.74,4.0115
191.9000,15.6859,676.102,4.02411
191.8000,21.1171,677.426,4.03116
191.7000,24.4543,679.937,4.04449
191.6000,13.4108,681.649,4.05356
191.5000,10.751,683.947,4.06571
191.4000,24.5676,687.248,4.08309
191.3000,18.6498,689.023,4.09241
191.2000,13.2285,691.044,4.103
191.1000,21.4739,694.586,4.12148
191.0000,6.95424,696.516,4.13152
190.9000,-1.26504,699.32,4.14606
190.8000,16.338,702.131,4.1606
190.7000,17.7442,705.847,4.17972
190.6000,23.5665,707.965,4.19059
190.5000,11.899,710.511,4.20362
190.4000,10.0002,712.62,4.21438
190.3000,-3.09941,713.842,4.2206
190.2000,23.6808,717.755,4.24046
190.1000,3.60543,719.458,4.24907
190.0000,29.0385,721.254,4.25814

##### Extended Information
[Comments]
Sample name,PA_EH_JP
Comment
User,HurleyPonticos
Division
Company,Saint Mary's College

[Detailed Information]
Creation date,9/27/2022 4:42 PM

Data array type,Linear data array * 3
Horizontal axis,Wavelength [nm]
Vertical axis(1),CD [mdeg]
Vertical axis(2),HT [V]
Vertical axis(3),Abs
Start,320 nm
End,190 nm
Data interval,0.1 nm
Data points,1301    

[Measurement Information]
Instrument name,J-1500
Model name,J-1500
Serial No.,B051061638

Detector,PM-539
Detector S/N,B051061638
  Lock-in amp.,X mode
  HT volt,Auto

Accessory,PTC-517
Accessory S/N,B026561646
  Temperature,22.12 C
  Control sensor,Holder
  Monitor sensor,Holder

Measurement date,9/27/2022 4:42 PM

CD Overload detect,949
Photometric mode,CD, HT, Abs
Measure range,320 - 190 nm
Data pitch,0.1 nm
CD scale,20 mdeg/0.05 dOD
FL scale,20 mdeg/0.05 dOD
D.I.T.,8 msec
Bandwidth,2.00 nm
Start mode,Immediately
Scanning mode,Continuous
Scanning speed,100 nm/min
Baseline correction,None
Shutter control,Auto
No. of cycle,1/1
N2 Flowmeter,Manual

Solvent,NaPO4 buffer

