TITLE,ECTC_PROTEIN&ADDITIVE_928,,
DATA TYPE,,,
ORIGIN,JASCO,,
OWNER,,,
DATE,22/09/28,,
TIME,17:49:36,,
SPECTROMETER/DATA SYSTEM,,,
LOCALE,1033,,
RESOLUTION,,,
DELTAX,-0.1,,
XUNITS,NANOMETERS,,
YUNITS,CD [molar ellipticity],,
Y2UNITS,HT [V] (did not change),,
Y3UNITS,ABSORBANCE (did not change),,
FIRSTX,320,,
LASTX,190,,
NPOINTS,1301,,
FIRSTY,2.00528,,
MAXY,53.38551,,
MINY,-55.11642,,
XYDATA,,,
320,653360.7143,207.946,0.143435
319.9,780111.0119,208.24,0.147638
319.8,468751.6369,208.261,0.147946
319.7,40080.50595,208.708,0.154329
319.6,368120.0893,207.781,0.141064
319.5,746369.0476,208.342,0.149097
319.4,85222.32143,207.986,0.144003
319.3,364680.2083,207.416,0.135829
319.2,1066209.821,208.278,0.148189
319.1,734580.506,208.482,0.151106
319,203450.744,207.708,0.140024
318.9,925654.7619,207.987,0.14402
318.8,730880.0595,208.726,0.154588
318.7,665992.5595,208.554,0.152127
318.6,495591.369,208.456,0.150734
318.5,702369.0476,208.336,0.149016
318.4,102861.6369,208.622,0.153098
318.3,509341.369,208.167,0.1466
318.2,341612.9464,208.185,0.146859
318.1,458294.3452,207.886,0.142574
318,440356.1012,208.38,0.149648
317.9,453181.5476,208.181,0.146794
317.8,177668.4524,207.958,0.143598
317.7,765989.5833,207.922,0.143094
317.6,467612.5149,208.324,0.148838
317.5,948806.5476,208.099,0.145626
317.4,214945.6845,208.239,0.147622
317.3,554584.0774,208.159,0.146486
317.2,554090.4762,208.015,0.144425
317.1,1088648.81,208.484,0.151139
317,387823.8095,208.713,0.15441
316.9,312798.3631,208.447,0.150604
316.8,376639.881,208.353,0.149259
316.7,559795.9821,208.427,0.150312
316.6,310002.0833,208.378,0.149615
316.5,1166825.893,208.594,0.15271
316.4,343165.1786,208.857,0.156465
316.3,196019.6429,207.257,0.133551
316.2,467591.8155,207.652,0.139212
316.1,623827.2321,207.944,0.143403
316,499134.5238,207.578,0.138155
315.9,519404.1667,207.773,0.14095
315.8,120152.5,208.375,0.149567
315.7,783278.2738,207.912,0.142948
315.6,636607.4405,208.489,0.151204
315.5,267579.3155,208.646,0.153455
315.4,583043.8988,207.146,0.131955
315.3,106900,208.237,0.147605
315.2,957011.9048,207.815,0.141551
315.1,426596.7262,207.857,0.142152
315,469150.6548,207.652,0.139212
314.9,713518.8988,207.988,0.144036
314.8,289281.9345,207.994,0.144117
314.7,315690.744,207.686,0.139699
314.6,409830.2083,208.243,0.147686
314.5,534660.7143,208.007,0.144312
314.4,932086.3095,208.106,0.145724
314.3,321198.3631,207.481,0.136756
314.2,917299.1071,208.244,0.147703
314.1,131486.0268,207.749,0.140609
314,232424.5982,207.537,0.13757
313.9,721156.25,208.129,0.146048
313.8,343502.2321,207.042,0.130456
313.7,409863.6905,207.576,0.138123
313.6,483621.5774,207.274,0.133795
313.5,271323.2307,208.062,0.145091
313.4,452451.3393,208.095,0.145561
313.3,412929.4643,207.577,0.138139
313.2,1282110.119,207.571,0.138057
313.1,198415.1786,207.96,0.14363
313,788097.4702,207.911,0.142932
312.9,76036.45833,206.623,0.124423
312.8,535464.1369,208.423,0.150264
312.7,431073.2143,206.94,0.128989
312.6,782334.6726,207.981,0.143938
312.5,220046.2798,208.231,0.147508
312.4,455807.3958,206.838,0.127522
312.3,233395.7292,207.218,0.132981
312.2,219944.3304,208.03,0.144636
312.1,482853.869,208.35,0.14921
312,-48602.61458,208.371,0.149518
311.9,418303.869,207.773,0.14095
311.8,669321.4286,207.444,0.136236
311.7,437904.3155,208.821,0.155947
311.6,409426.9345,208.011,0.14436
311.5,478860.4167,207.877,0.142445
311.4,131218.3929,208.22,0.147362
311.3,64583.92857,207.876,0.142429
311.2,673361.6071,208.026,0.144571
311.1,639809.1518,209.352,0.163527
311,591579.9107,207.696,0.139846
310.9,305381.8452,207.295,0.134088
310.8,503386.1607,207.451,0.136334
310.7,514569.9405,206.902,0.128436
310.6,728388.0952,208.433,0.15041
310.5,693491.0714,207.657,0.139293
310.4,822052.0833,207.444,0.136236
310.3,544942.8571,208.216,0.147297
310.2,555221.875,207.85,0.142055
310.1,577105.506,208.258,0.147897
310,922636.6071,206.69,0.125385
309.9,183278.7202,207.613,0.138659
309.8,331080.9524,206.919,0.12868
309.7,509599.8512,208.354,0.149275
309.6,414344.494,208.129,0.146048
309.5,118526.7857,208.43,0.150361
309.4,151205.4315,207.475,0.136675
309.3,645729.1667,209.179,0.161056
309.2,380987.3512,206.426,0.121582
309.1,534628.7202,207.829,0.141762
309,610537.9464,207.405,0.135666
308.9,524586.1607,208.05,0.144928
308.8,379062.0536,207.705,0.139975
308.7,823712.7976,207.59,0.138334
308.6,450529.1667,207.284,0.133941
308.5,387666.369,208.423,0.150264
308.4,828968.4524,208.756,0.155025
308.3,67778.86905,207.495,0.136968
308.2,329405.506,207.197,0.132688
308.1,590828.869,207.115,0.131499
308,281811.4583,208.165,0.146567
307.9,91617.9881,207.888,0.142607
307.8,335134.5089,207.807,0.141438
307.7,686702.381,208.378,0.149615
307.6,573286.1607,207.142,0.13189
307.5,1070385.417,208.228,0.147476
307.4,610856.6964,206.424,0.121565
307.3,757412.7976,207.027,0.130245
307.2,253657.7381,207.362,0.135048
307.1,656912.5,207.717,0.140154
307,279259.6726,208.083,0.145399
306.9,-52755.35714,208.127,0.146032
306.8,451042.2619,206.613,0.124276
306.7,476965.625,207.113,0.131483
306.6,655571.4286,207.921,0.143078
306.5,240057.7381,207.66,0.139325
306.4,582194.6429,208.66,0.153649
306.3,466291.2202,207.706,0.139992
306.2,498570.8333,206.559,0.123509
306.1,762453.125,207.728,0.1403
306,526273.0655,207.576,0.138123
305.9,537369.0476,208.135,0.146145
305.8,724986.6071,207.604,0.138529
305.7,632149.5536,207.661,0.139342
305.6,402442.5595,206.823,0.12731
305.5,450455.3274,207.143,0.131906
305.4,482446.5774,207.073,0.130896
305.3,557693.4524,207.564,0.13796
305.2,698892.8571,207.226,0.133095
305.1,186789.5089,207.619,0.13874
305,616813.9881,207.307,0.134267
304.9,307476.6369,207.747,0.140577
304.8,367656.5476,207.457,0.136415
304.7,449002.9762,207.513,0.137228
304.6,1009305.06,207.371,0.135178
304.5,335728.7202,207.894,0.142688
304.4,675577.381,207.197,0.132688
304.3,838654.7619,207.355,0.134951
304.2,262923.3631,208.135,0.146145
304.1,804309.5238,207.639,0.139033
304,396335.4167,206.78,0.126691
303.9,589788.6905,207.314,0.134365
303.8,420719.7917,207.487,0.136854
303.7,379586.3095,206.068,0.116417
303.6,41548.95833,207.128,0.131695
303.5,617722.9167,206.77,0.126544
303.4,397128.869,207.586,0.138269
303.3,-99581.62202,207.204,0.132786
303.2,434412.9464,207.509,0.137163
303.1,597448.9583,207.622,0.138789
303,651127.6786,206.736,0.126054
302.9,480793.4524,207.671,0.139488
302.8,-75135.11905,207.162,0.132183
302.7,350925.625,207.405,0.135666
302.6,965427.0833,206.972,0.129446
302.5,605290.1786,207.502,0.137066
302.4,539372.0238,207.522,0.137358
302.3,402917.9792,207.007,0.129951
302.2,626043.2143,207.441,0.136187
302.1,911397.3214,207.032,0.13031
302,365720.9821,206.885,0.128191
301.9,380417.5595,207.477,0.136708
301.8,234111.9048,207.849,0.142039
301.7,632994.7917,207.401,0.135618
301.6,503789.4345,206.715,0.125745
301.5,881702.5298,207.766,0.140853
301.4,782409.6726,206.67,0.125108
301.3,548383.9286,206.998,0.129821
301.2,734303.5714,207.27,0.13373
301.1,558926.4881,208.146,0.146291
301,799333.3333,207.04,0.130424
300.9,380529.0179,207.755,0.14069
300.8,434648.0655,207.409,0.135731
300.7,732208.631,206.948,0.129104
300.6,33359.375,207.825,0.141698
300.5,310245.6845,207.469,0.136594
300.4,564869.0476,207.099,0.131271
300.3,429128.125,207.464,0.136512
300.2,553695.9821,206.234,0.118821
300.1,262407.1131,206.982,0.129593
300,720908.9286,207.026,0.130228
299.9,188598.5119,207.831,0.141779
299.8,375115.3274,205.912,0.114175
299.7,713387.6488,207.388,0.135422
299.6,515095.2381,206.446,0.121876
299.5,-90094.49405,206.939,0.128973
299.4,377678.0506,206.452,0.121957
299.3,458223.5119,207.553,0.137797
299.2,581247.9167,207.793,0.141243
299.1,617986.6071,207.653,0.139228
299,639970.8333,206.802,0.127
298.9,457610.119,206.49,0.122513
298.8,666007.4405,206.185,0.118117
298.7,633656.25,207.274,0.133795
298.6,192032.7381,207.201,0.132737
298.5,477910.4167,206.236,0.118853
298.4,418866.2202,206.715,0.125745
298.3,647516.0714,206.695,0.125467
298.2,423191.369,206.946,0.129071
298.1,306658.1845,206.636,0.124619
298,328391.8155,207.941,0.143354
297.9,771254.4643,207.139,0.131857
297.8,596993.75,206.536,0.123166
297.7,515325,207.11,0.131434
297.6,472318.4077,206.939,0.128973
297.5,283330.6548,207.467,0.136561
297.4,287319.6429,206.564,0.123574
297.3,381877.7381,206.59,0.12395
297.2,569758.7798,207.427,0.135992
297.1,468052.381,207.115,0.131499
297,683121.4286,206.968,0.129397
296.9,352352.0833,206.885,0.128191
296.8,564620.6845,206.58,0.123803
296.7,356344.0476,206.768,0.126511
296.6,256965.7738,206.721,0.125842
296.5,690138.5417,206.592,0.123982
296.4,640596.7262,206.939,0.128973
296.3,656021.131,207.177,0.132395
296.2,391926.7857,206.417,0.121451
296.1,886873.5119,206.819,0.127245
296,658068.1548,206.725,0.125891
295.9,-13803.03571,206.504,0.122709
295.8,219710.5655,206.93,0.128843
295.7,128830.2083,207.746,0.140561
295.6,680709.8214,207.349,0.134869
295.5,173099.5982,206.84,0.127555
295.4,323916.5179,206.304,0.119834
295.3,438337.4256,206.979,0.129544
295.2,669717.2619,206.662,0.124994
295.1,630089.881,206.683,0.125288
295,729377.9762,206.175,0.11797
294.9,488265.7738,206.759,0.126381
294.8,829260.4167,206.384,0.120977
294.7,711733.631,206.328,0.120177
294.6,633181.3988,206.417,0.121451
294.5,396732.4405,206.852,0.127718
294.4,129033.1845,206.634,0.124586
294.3,213013.2143,206.574,0.123721
294.2,240392.872,206.285,0.119556
294.1,655784.8214,206.76,0.126397
294,867358.631,206.63,0.124521
293.9,857260.4167,207.416,0.135829
293.8,570558.631,207.037,0.130391
293.7,126322.4702,206.819,0.127245
293.6,893760.4167,206.953,0.129169
293.5,808971.7262,206.857,0.1278
293.4,303346.5774,207.569,0.138025
293.3,98072.12798,206.686,0.125337
293.2,322053.8095,206.75,0.12625
293.1,209200.2976,206.784,0.12674
293,621488.8393,207.278,0.133844
292.9,376383.3333,207.126,0.131662
292.8,296424.256,206.898,0.128386
292.7,388154.1667,206.364,0.1207
292.6,191726.3393,206.313,0.119965
292.5,768349.7024,206.577,0.12377
292.4,1075601.786,206.373,0.12083
292.3,270688.0952,206.983,0.129609
292.2,367652.2619,207.044,0.130489
292.1,190968.4643,205.873,0.113602
292,581304.0179,207.03,0.130277
291.9,675220.2381,205.986,0.115239
291.8,346260.8631,206.032,0.11591
291.7,701315.1786,205.799,0.112538
291.6,828845.2381,206.554,0.123427
291.5,61229.03274,206.768,0.126511
291.4,522980.506,205.52,0.108508
291.3,713669.6429,206.483,0.122415
291.2,282987.3512,205.463,0.107672
291.1,654802.0833,206.483,0.122415
291,533423.75,206.503,0.122692
290.9,364213.0952,206.373,0.12083
290.8,416662.7232,206.475,0.1223
290.7,142590.7738,206.717,0.125777
290.6,457638.244,206.116,0.11712
290.5,36567.05357,206.771,0.12656
290.4,602240.4762,207.01,0.13
290.3,452320.5357,206.431,0.121664
290.2,356994.5982,206.71,0.125679
290.1,568447.9167,206.647,0.124766
290,346914.3006,206.309,0.119899
289.9,-65139.21131,206.776,0.126625
289.8,427279.7619,207.548,0.137732
289.7,544008.0357,207.541,0.137618
289.6,791215.7738,207.709,0.14004
289.5,487017.1131,206.521,0.122953
289.4,343105.9524,207.088,0.131124
289.3,277912.3512,206.396,0.121157
289.2,206442.2619,207.383,0.135357
289.1,649658.3333,207.19,0.13259
289,179246.5774,206.936,0.128925
288.9,633419.0476,206.557,0.123476
288.8,327419.9256,207.016,0.130082
288.7,274315.625,207.18,0.132444
288.6,364275.2976,206.661,0.124978
288.5,398129.6131,207.05,0.13057
288.4,493628.4226,207.535,0.137537
288.3,494377.381,207.141,0.131874
288.2,731191.9643,206.839,0.127539
288.1,521376.4881,206.86,0.127832
288,366169.7917,207.258,0.133567
287.9,826879.1667,207.435,0.136106
287.8,718372.7679,206.806,0.127066
287.7,593925.1488,207.363,0.135064
287.6,248021.5774,207.783,0.141097
287.5,236628.5119,207.224,0.133079
287.4,346876.0417,206.716,0.125761
287.3,256218.0655,206.743,0.126152
287.2,507791.5179,206.958,0.129251
287.1,191472.1726,207.368,0.135146
287,274528.5714,207.246,0.133388
286.9,567720.6845,207.255,0.133518
286.8,379369.7917,207.552,0.137781
286.7,402421.4286,206.508,0.122774
286.6,594213.244,207.521,0.137342
286.5,625654.7619,207.294,0.134072
286.4,253610.5655,206.699,0.125516
286.3,232693.6012,207.462,0.136496
286.2,542973.2143,207.176,0.132378
286.1,587988.5417,206.976,0.129511
286,610305.0595,207.147,0.131971
285.9,148266.369,206.965,0.129348
285.8,239790.1042,207.657,0.139293
285.7,113082.2917,207.386,0.135406
285.6,486719.7917,207.011,0.130016
285.5,207428.7202,206.576,0.123753
285.4,127712.9464,206.897,0.12837
285.3,511531.25,207.088,0.131124
285.2,571272.0238,207.211,0.132883
285.1,391758.631,207.221,0.13303
285,464939.3452,207.602,0.138496
284.9,361442.2619,206.605,0.124162
284.8,211854.1667,206.948,0.129104
284.7,51308.63095,207.102,0.13132
284.6,582962.5,207.342,0.134771
284.5,507608.9286,207.178,0.132411
284.4,200115.878,207.403,0.13565
284.3,464216.9643,206.775,0.126609
284.2,236081.8452,207.909,0.142899
284.1,275830.8036,207.701,0.139927
284,712210.5655,207.095,0.131222
283.9,-40043.45238,206.436,0.121729
283.8,251616.8155,207.064,0.130766
283.7,231175.2976,206.277,0.119441
283.6,601365.9226,206.829,0.127392
283.5,462898.2143,207.362,0.135048
283.4,37643.75,206.86,0.127832
283.3,157561.3095,206.683,0.125288
283.2,201953.869,207.533,0.137505
283.1,287352.8274,207.588,0.138301
283,526538.5417,207.564,0.13796
282.9,191468.8988,207.39,0.135455
282.8,378285.2976,207.262,0.133616
282.7,369968.1548,207.27,0.13373
282.6,472798.3631,207.469,0.136594
282.5,570717.8571,207.632,0.138935
282.4,273161.1607,207.74,0.140479
282.3,136583.631,207.82,0.141633
282.2,-369093.244,207.032,0.13031
282.1,283152.0833,206.911,0.128566
282,458066.8155,207.76,0.140772
281.9,477843.006,207.331,0.134609
281.8,161840.9821,207.464,0.136512
281.7,903473.2143,207.248,0.133421
281.6,272218.3036,207.142,0.13189
281.5,343408.7798,206.913,0.128599
281.4,476992.4107,207.34,0.134739
281.3,408909.2262,207.987,0.14402
281.2,377720.5357,207.417,0.135846
281.1,197148.0655,207.851,0.142071
281,467031.6339,207.044,0.130489
280.9,-53401.4881,207.93,0.143208
280.8,270937.3512,207.277,0.133828
280.7,291037.5,207.025,0.130212
280.6,256529.0179,207.249,0.133437
280.5,553227.2321,206.874,0.128044
280.4,185286.3095,207.002,0.129886
280.3,277623.3631,208.048,0.144896
280.2,190628.4226,207.321,0.134462
280.1,136594.9405,207.32,0.134446
280,537599.4048,207.179,0.132427
279.9,575712.2024,207.612,0.138643
279.8,446941.369,207.278,0.133844
279.7,610293.7351,207.594,0.138383
279.6,341624.9554,206.919,0.12868
279.5,339188.0952,207.656,0.139277
279.4,-64384.375,207.377,0.135276
279.3,413181.994,208.27,0.148075
279.2,-26222.47024,207.439,0.136154
279.1,368915.4762,207.747,0.140577
279,-259881.3988,207.019,0.13013
278.9,281951.4881,207.648,0.139163
278.8,452275.1488,207.098,0.131255
278.7,516763.3929,206.922,0.128729
278.6,150002.9315,207.069,0.130847
278.5,327982.1429,207.782,0.14108
278.4,497375.1488,206.779,0.126674
278.3,197312.7976,207.564,0.13796
278.2,416611.4583,208.127,0.146032
278.1,186252.9762,206.751,0.126266
278,-25495.43155,208.006,0.144296
277.9,-248745.6845,207.904,0.142835
277.8,584229.6131,207.994,0.144117
277.7,441085.8631,207.281,0.133893
277.6,132412.6488,207.852,0.142087
277.5,81047.76786,207.597,0.138431
277.4,263508.631,207.504,0.137098
277.3,209463.3929,207.19,0.13259
277.2,159443.3036,207.89,0.142623
277.1,-7822.619048,207.9,0.14277
277,466059.5238,208.019,0.144474
276.9,315278.2738,208.344,0.149129
276.8,257290.625,207.393,0.135504
276.7,403267.2768,207.756,0.140707
276.6,551541.6667,207.096,0.131238
276.5,716528.4226,207.197,0.132688
276.4,-70549.38988,207.794,0.141259
276.3,396523.9583,207.479,0.13674
276.2,619668.75,207.052,0.130603
276.1,372412.4107,207.509,0.137163
276,66245.86458,206.836,0.12749
275.9,81301.78571,207.379,0.135292
275.8,339882.1429,207.769,0.140902
275.7,595135.5655,208.44,0.150507
275.6,523472.0238,207.164,0.132216
275.5,481929.4643,208.056,0.14501
275.4,645200.8929,207.544,0.137667
275.3,332459.2262,207.594,0.138383
275.2,528695.2381,208.233,0.14754
275.1,854998.3631,207.713,0.140089
275,536471.503,208.161,0.146519
274.9,154935.119,207.295,0.134088
274.8,301013.3929,207.266,0.133681
274.7,430918.75,207.457,0.136415
274.6,340712.3512,207.426,0.135976
274.5,392747.0238,207.203,0.132769
274.4,287634.0774,207.403,0.13565
274.3,433037.6488,207.21,0.132867
274.2,-170346.7262,207.218,0.132981
274.1,-10330.50595,207.607,0.138578
274,345243.4524,206.958,0.129251
273.9,-53281.96429,207.036,0.130375
273.8,125949.7024,205.889,0.113832
273.7,232134.8363,207.04,0.130424
273.6,626288.0952,207.096,0.131238
273.5,542203.2292,208.265,0.147994
273.4,-16052.91667,206.445,0.121859
273.3,273529.2054,207.172,0.132329
273.2,250894.3452,207.783,0.141097
273.1,132968.006,206.767,0.126495
273,290616.5179,207.861,0.142217
272.9,242968.75,207.133,0.131759
272.8,493213.244,208.521,0.151657
272.7,548951.6369,207.836,0.14186
272.6,438544.1964,207.773,0.14095
272.5,503667.2619,207.04,0.130424
272.4,58190.02976,207.386,0.135406
272.3,584116.9643,207.178,0.132411
272.2,-78675.40179,207.645,0.139114
272.1,454070.2381,207.658,0.139309
272,18382.44048,207.657,0.139293
271.9,-26039.73214,207.866,0.142282
271.8,93329.01786,207.249,0.133437
271.7,509559.2262,208.069,0.145188
271.6,67467.70833,207.68,0.139618
271.5,560052.8274,208.018,0.144458
271.4,149217.2619,207.794,0.141259
271.3,-170255.2083,208.005,0.144279
271.2,11134.22619,207.524,0.137374
271.1,139038.5417,207.186,0.132525
271,573021.875,207.89,0.142623
270.9,611679.3155,207.844,0.141974
270.8,100149.8958,208.127,0.146032
270.7,166852.4405,207.452,0.13635
270.6,10755.3869,208.08,0.145351
270.5,-191878.4077,207.589,0.138318
270.4,320839.881,208.258,0.147897
270.3,181234.6726,207.68,0.139618
270.2,118517.7083,207.59,0.138334
270.1,635108.7054,207.546,0.1377
270,357294.8958,207.875,0.142412
269.9,178300,208.576,0.152451
269.8,128888.3929,208.064,0.145123
269.7,-194899.5833,208.352,0.149243
269.6,412521.7262,207.317,0.134413
269.5,389314.7321,208.668,0.153762
269.4,-180202.6786,208.09,0.145496
269.3,644698.2143,208.378,0.149615
269.2,551735.3423,208.958,0.157904
269.1,566185.5655,207.614,0.138675
269,423662.6488,208.036,0.144718
268.9,342078.125,208.429,0.150345
268.8,180589.0923,208.995,0.158438
268.7,175911.9048,208.428,0.150329
268.6,347867.4107,208.061,0.145075
268.5,-107845.0893,207.503,0.137082
268.4,-396183.631,208.303,0.148546
268.3,9276.994048,207.717,0.140154
268.2,233704.1667,208.612,0.152969
268.1,192373.5119,208.282,0.148238
268,-111246.8095,208.194,0.146989
267.9,133249.5536,208.254,0.147848
267.8,457304.7619,208.053,0.144961
267.7,172459.3601,208.99,0.158357
267.6,349404.9107,208.319,0.148773
267.5,-240696.7262,208.352,0.149243
267.4,-121140.0298,208.824,0.155996
267.3,279522.0238,208.931,0.157516
267.2,-63229.7619,207.928,0.143175
267.1,35392.09821,208.019,0.144474
267,550895.2381,208.568,0.152337
266.9,93651.04167,209.097,0.159893
266.8,252547.0238,208.398,0.149907
266.7,-36972.02381,208.437,0.150458
266.6,483356.2649,208.803,0.155688
266.5,142754.6131,207.861,0.142217
266.4,405451.7857,208.986,0.158309
266.3,157815.0298,207.927,0.143159
266.2,189055.2217,208.129,0.146048
266.1,175794.7917,208.28,0.148221
266,496056.5476,208.716,0.154442
265.9,94013.9881,208.205,0.147135
265.8,166895.0893,208.546,0.152013
265.7,420062.6488,209.087,0.159747
265.6,142527.4256,208.355,0.149291
265.5,67375.35714,208.829,0.15606
265.4,124646.8304,209.088,0.159763
265.3,189795.0893,208.561,0.15224
265.2,-94244.79167,208.478,0.151042
265.1,5318.89881,209.025,0.158858
265,557844.4792,208.972,0.158098
264.9,22230.80357,209.009,0.158632
264.8,85084.52381,208.499,0.151349
264.7,369818.3036,209.364,0.163689
264.6,543239.5833,208.277,0.148173
264.5,299018.4375,207.739,0.140463
264.4,-181006.3988,209.172,0.160959
264.3,-239467.8571,209.079,0.159634
264.2,579391.9643,208.235,0.147573
264.1,5089.880952,209.135,0.160426
264,212258.378,209.159,0.160765
263.9,-16578.85417,209.206,0.161444
263.8,773710.119,209.16,0.160781
263.7,156080.7143,209.035,0.159004
263.6,403891.369,209.092,0.159812
263.5,616165.7292,208.999,0.158486
263.4,332444.6429,209.045,0.159149
263.3,94751.78571,210.072,0.173765
263.2,209298.0357,210.249,0.176276
263.1,-13616.51786,209.275,0.162429
263,615530.8036,208.782,0.155397
262.9,55637.90179,208.823,0.155979
262.8,-17019.04762,209.79,0.169754
262.7,392566.6667,210.402,0.178447
262.6,-88501.4881,209.25,0.162074
262.5,-349692.4851,209.557,0.166448
262.4,23026.4881,210.235,0.176083
262.3,132075.8929,209.623,0.167384
262.2,365768.3036,209.528,0.166029
262.1,179423.5119,209.403,0.164254
262,13951.04167,209.705,0.168545
261.9,447091.2649,209.62,0.167335
261.8,-50521.27976,209.634,0.167545
261.7,242649.7024,210.23,0.176018
261.6,312688.244,208.814,0.15585
261.5,-366348.6607,209.802,0.169931
261.4,-16289.58333,210.123,0.174489
261.3,125217.2619,210.04,0.173314
261.2,361604.7619,209.841,0.170479
261.1,48323.87946,210.025,0.173105
261,-80380.08571,209.529,0.166045
260.9,58328.86905,209.781,0.169625
260.8,174878.4226,209.519,0.1659
260.7,217058.4821,209.968,0.172284
260.6,262014.2857,209.897,0.171285
260.5,325470.2381,210.732,0.183139
260.4,149348.5119,210.246,0.176244
260.3,-249165.7262,210.09,0.174022
260.2,211908.9286,209.888,0.171156
260.1,376220.3869,210.135,0.174666
260,183447.4702,210.345,0.177643
259.9,440128.125,210.524,0.180183
259.8,-274511.4583,209.663,0.167948
259.7,-294600.744,209.759,0.169319
259.6,407864.1369,210.269,0.176565
259.5,-884.8214286,210.031,0.173185
259.4,-84668.30357,210.724,0.183027
259.3,139463.8095,210.209,0.175712
259.2,75347.47024,210.787,0.18391
259.1,490216.369,210.722,0.182995
259,-492.1130952,210.376,0.178077
258.9,6187.5,210.254,0.176356
258.8,127813.3929,210.508,0.179958
258.7,500308.9286,211.175,0.189412
258.6,186900.8929,210.628,0.181661
258.5,107467.9018,210.326,0.17737
258.4,-144117.5595,210.594,0.181179
258.3,103858.9286,210.924,0.185852
258.2,49405.35714,210.432,0.178881
258.1,157626.4881,210.768,0.183637
258,243412.3512,211.507,0.194107
257.9,416630.8036,210.211,0.175745
257.8,585229.7619,210.769,0.183653
257.7,-244720.9821,210.855,0.184873
257.6,364251.7113,210.967,0.186462
257.5,473425.2976,210.91,0.185659
257.4,41193.00595,210.508,0.179958
257.3,73885.20833,210.477,0.179524
257.2,313449.256,210.639,0.181822
257.1,332830.6548,211.254,0.190518
257,110991.2202,211.497,0.193962
256.9,354450.0595,211.358,0.191992
256.8,14696.13095,211.038,0.187472
256.7,188723.7946,210.999,0.186911
256.6,-152010.4167,211.446,0.193242
256.5,-141127.9762,210.971,0.186526
256.4,-116551.6369,211.779,0.197947
256.3,142381.25,211.318,0.191432
256.2,464388.6905,211.143,0.188948
256.1,-27162.05357,211.424,0.192922
256,449745.9821,211.197,0.189717
255.9,202681.2054,211.379,0.192297
255.8,265350.4464,211.156,0.18914
255.7,253542.5595,210.836,0.1846
255.6,-124633.3333,210.923,0.185836
255.5,717123.8095,211.53,0.194427
255.4,133222.9167,211.123,0.188675
255.3,-335320.0893,211.707,0.196923
255.2,214882.5893,211.567,0.194955
255.1,394204.3155,211.211,0.189909
255,-129439.1369,211.086,0.188146
254.9,-4522.619048,212.477,0.207785
254.8,147056.2351,211.65,0.196123
254.7,273952.6786,211.347,0.191832
254.6,131690.0298,211.482,0.193754
254.5,-257702.2321,212.125,0.202821
254.4,223910.4167,212.398,0.206668
254.3,170646.7262,213.047,0.215799
254.2,552182.5893,212.566,0.209029
254.1,274899.7024,212.132,0.202917
254,277444.9405,211.43,0.193018
253.9,-42431.30952,212.8,0.212328
253.8,286335.2679,211.99,0.20092
253.7,474553.4226,212.352,0.206014
253.6,33701.19048,211.978,0.200745
253.5,303870.3869,212.696,0.210862
253.4,163356.6964,211.692,0.196715
253.3,384183.631,212.576,0.209172
253.2,161527.381,211.871,0.199242
253.1,-76727.67857,212.977,0.214812
253,-363097.0238,212.812,0.212487
252.9,206934.2262,211.752,0.197563
252.8,117980.8036,212.131,0.202901
252.7,161413.244,212.318,0.205536
252.6,826766.369,212.696,0.210862
252.5,169942.5446,212.458,0.207514
252.4,68334.3006,212.516,0.208327
252.3,762930.0595,213.295,0.219282
252.2,12275.14881,212.659,0.210336
252.1,-24240.92262,212.384,0.206477
252,-195243.4524,211.605,0.195483
251.9,4280.654762,212.254,0.204642
251.8,21138.83929,213.071,0.216133
251.7,433949.4048,213.085,0.216324
251.6,73352.52976,212.384,0.206477
251.5,190360.5655,212.935,0.214223
251.4,95790.17857,212.816,0.212551
251.3,-182497.247,211.943,0.200249
251.2,475782.5893,212.413,0.206876
251.1,394899.7024,213.103,0.216579
251,209407.4405,212.824,0.212662
250.9,595431.5476,212.834,0.212806
250.8,240025.506,213.323,0.219664
250.7,330930.8036,213.176,0.217613
250.6,260610.7143,213.399,0.220729
250.5,83618.57143,213.68,0.224668
250.4,-133839.5833,213.32,0.219632
250.3,80501.6369,212.25,0.204578
250.2,-93270.2381,213.223,0.218265
250.1,112242.2619,212.997,0.215099
250,259849.1071,212.707,0.211021
249.9,316930.6994,213.42,0.221031
249.8,367177.2321,213.386,0.220554
249.7,43007.64881,213.084,0.216308
249.6,131503.2738,213.042,0.215719
249.5,-312991.9643,213.787,0.226176
249.4,724258.9286,213.954,0.228508
249.3,-88689.43452,213.831,0.226795
249.2,-35257.7381,213.683,0.224716
249.1,131851.9345,213.497,0.222112
249,304553.2738,213.631,0.223986
248.9,-522348.9583,214.629,0.237948
248.8,-145494.1964,214.26,0.232788
248.7,213975.1488,213.864,0.227255
248.6,214413.8393,214.009,0.229285
248.5,328797.7679,213.885,0.227541
248.4,146708.9286,214.227,0.232328
248.3,-115026.6369,213.255,0.21871
248.2,-362759.2262,214.043,0.229761
248.1,84410.11905,214.084,0.230332
248,-324813.3929,214.067,0.230094
247.9,-18609.94048,214.266,0.232883
247.8,94442.1131,214.019,0.229428
247.7,-259135.5655,213.471,0.221746
247.6,-430669.7917,214.212,0.232122
247.5,-148255.2381,213.619,0.223827
247.4,-230544.494,214.91,0.241869
247.3,-299082.8869,214.286,0.233152
247.2,87041.22024,213.893,0.227652
247.1,10207.14286,214.012,0.229317
247,-443273.0208,214.777,0.24002
246.9,-538670.8333,214.44,0.235305
246.8,-5966.964286,214.38,0.234467
246.7,-316173.9583,214.608,0.237648
246.6,-252551.6369,214.842,0.240921
246.5,275376.6964,215.023,0.243448
246.4,-563997.1726,213.978,0.228841
246.3,-773711.3095,214.994,0.243038
246.2,-737599.8512,214.861,0.241189
246.1,-527778.2738,214.615,0.237758
246,-308804.7619,214.788,0.240162
245.9,-482153.869,215.671,0.252472
245.8,-268483.1845,215.316,0.247521
245.7,-208392.8571,215.376,0.248357
245.6,-378478.2738,215.224,0.246243
245.5,-436826.6369,215.602,0.25151
245.4,-329266.6667,215.571,0.251069
245.3,-256200.8929,215.905,0.255716
245.2,-991480.6548,215.241,0.24648
245.1,-364919.1964,215.36,0.248136
245,-110807.5893,214.876,0.241395
244.9,-934495.5357,215.147,0.24517
244.8,-527421.131,215.824,0.254598
244.7,-794104.0179,215.435,0.249177
244.6,-886604.1667,216.079,0.258139
244.5,-566718.1548,215.269,0.246874
244.4,-442870.2381,215.415,0.248909
244.3,-625815.4762,215.372,0.24831
244.2,-862982.1429,216.261,0.260655
244.1,-973540.1786,215.947,0.256298
244,-1203627.976,215.662,0.252346
243.9,-1134278.274,215.623,0.251794
243.8,-1330406.25,215.764,0.253763
243.7,-896094.494,216.593,0.265258
243.6,-963861.6071,216.424,0.262918
243.5,-985262.2024,215.918,0.255904
243.4,-828458.1845,215.957,0.25644
243.3,-1417357.143,216.71,0.26689
243.2,-548130.3571,217.564,0.278688
243.1,-1286799.107,215.976,0.256707
243,-1195695.982,216.088,0.258265
242.9,-1190425.595,215.951,0.256361
242.8,-888834.8214,216.693,0.266655
242.7,-1399742.56,217.492,0.277702
242.6,-1463525.298,216.592,0.265242
242.5,-1118391.369,216.692,0.266639
242.4,-1472364.583,217.735,0.281049
242.3,-1893068.452,216.579,0.265069
242.2,-1674555.06,217.715,0.280783
242.1,-1818175.595,216.684,0.266529
242,-1217933.036,217.573,0.278813
241.9,-1054935.565,217.265,0.274556
241.8,-1442322.917,217.039,0.271438
241.7,-1888995.536,218.395,0.290151
241.6,-1339194.94,217.057,0.271689
241.5,-1916077.381,217.759,0.281377
241.4,-1707537.202,217.687,0.280392
241.3,-1447224.702,217.68,0.280298
241.2,-2017944.94,217.983,0.284471
241.1,-2331361.607,217.684,0.280345
241,-2446778.274,217.223,0.273976
240.9,-2158215.774,218.212,0.287624
240.8,-2198760.417,218.231,0.287889
240.7,-2193828.869,218.197,0.287421
240.6,-2140413.69,218.553,0.292318
240.5,-2325684.524,218.476,0.291258
240.4,-2260208.333,218.723,0.294654
240.3,-2676799.107,218.568,0.29252
240.2,-2235691.964,218.999,0.298452
240.1,-2144845.238,218.842,0.296289
240,-2133952.381,218.715,0.294545
239.9,-2581401.786,218.97,0.298048
239.8,-2584230.655,219.168,0.30077
239.7,-2597062.5,219.61,0.306828
239.6,-2889241.071,219.86,0.310257
239.5,-2613995.536,220.072,0.313156
239.4,-2976488.095,219.625,0.30703
239.3,-3007406.25,219.789,0.30928
239.2,-3190901.786,220.232,0.31534
239.1,-3098092.262,219.948,0.311451
239,-3195965.774,220.788,0.322935
238.9,-3245702.381,220.621,0.320647
238.8,-2950184.524,220.558,0.319797
238.7,-4203693.452,220.689,0.321575
238.6,-3307034.226,220.521,0.319287
238.5,-3516909.226,220.718,0.321977
238.4,-3776386.905,221.175,0.328201
238.3,-4110659.226,220.906,0.324542
238.2,-3854994.048,221.88,0.337787
238.1,-4409995.536,221.586,0.333798
238,-4458846.726,222.337,0.343999
237.9,-4258674.107,221.963,0.338925
237.8,-4233840.774,222.774,0.34991
237.7,-4136427.083,221.664,0.334861
237.6,-4405316.964,222.451,0.345535
237.5,-4599022.321,221.061,0.326658
237.4,-4662852.679,222.628,0.347946
237.3,-4871845.238,221.867,0.337617
237.2,-5019619.048,223.125,0.354662
237.1,-5128258.929,222.744,0.349511
237,-4546458.333,222.849,0.350938
236.9,-4940071.429,224.241,0.369721
236.8,-5130924.107,222.183,0.341909
236.7,-5465119.048,223.468,0.359301
236.6,-5520223.214,223.833,0.364225
236.5,-5522306.548,223.687,0.362253
236.4,-5607127.976,224.415,0.37207
236.3,-6101160.714,225.416,0.385509
236.2,-5920833.333,224.373,0.371506
236.1,-6319553.571,224.352,0.371216
236,-6168973.214,224.139,0.368348
235.9,-6100312.5,224.657,0.375316
235.8,-5870312.5,225.423,0.3856
235.7,-7011622.024,224.554,0.37393
235.6,-6162306.548,224.914,0.378773
235.5,-6255639.881,225.623,0.388288
235.4,-6256696.429,225.24,0.383153
235.3,-7297886.905,225.884,0.391777
235.2,-7108794.643,226.16,0.395476
235.1,-6817916.667,225.474,0.386283
235,-6844062.5,227.301,0.4107
234.9,-7888005.952,226.794,0.403935
234.8,-7501785.714,227.352,0.411379
234.7,-7400625,227.264,0.410202
234.6,-7234955.357,226.975,0.406353
234.5,-8024077.381,227.716,0.416218
234.4,-8558363.095,227.024,0.407002
234.3,-7809107.143,227.149,0.408678
234.2,-8666250,228.111,0.421472
234.1,-7813392.857,227.854,0.418055
234,-8415476.19,228.213,0.422825
233.9,-8827485.119,228.321,0.424254
233.8,-9028139.881,229.065,0.434116
233.7,-8892053.571,229.487,0.439689
233.6,-9042351.19,228.244,0.423232
233.5,-9394136.905,229.004,0.433307
233.4,-9485922.619,230.029,0.446837
233.3,-9567529.762,229.93,0.445537
233.2,-10091562.5,229.825,0.444147
233.1,-9743690.476,229.672,0.442128
233,-10314226.19,231.028,0.45999
232.9,-10412797.62,229.329,0.437607
232.8,-10297053.57,230.245,0.449689
232.7,-10152172.62,230.979,0.45935
232.6,-10370476.19,231.266,0.463115
232.5,-10239672.62,230.969,0.459216
232.4,-10818824.4,231.559,0.466965
232.3,-10821994.05,232.039,0.473244
232.2,-10810446.43,230.959,0.459082
232.1,-11139672.62,232.132,0.47446
232,-10789196.43,232.595,0.48052
231.9,-12041279.76,232.45,0.478625
231.8,-11009538.69,232.722,0.482177
231.7,-12050000,232.439,0.478476
231.6,-11904389.88,233.209,0.488534
231.5,-11885089.29,232.853,0.483893
231.4,-12270014.88,232.922,0.484796
231.3,-12061785.71,233.726,0.495264
231.2,-12457991.07,233.382,0.490794
231.1,-13567663.69,233.395,0.490956
231,-13277619.05,234.208,0.50154
230.9,-12755669.64,233.435,0.491473
230.8,-13379211.31,233.722,0.49522
230.7,-13174226.19,234.099,0.500112
230.6,-13683303.57,233.833,0.496664
230.5,-12882425.6,235.595,0.519512
230.4,-13777842.26,234.438,0.504526
230.3,-12971175.6,234.786,0.509039
230.2,-13420833.33,235.51,0.518413
230.1,-14248377.98,235.406,0.517065
230,-13896473.21,235.198,0.514367
229.9,-13758467.26,235.441,0.517519
229.8,-14346413.69,235.283,0.515467
229.7,-15115520.83,236.046,0.525337
229.6,-14722559.52,236.319,0.528859
229.5,-14265133.93,235.781,0.521913
229.4,-14459925.6,235.583,0.51935
229.3,-15417797.62,236.019,0.524986
229.2,-15274389.88,236.893,0.536245
229.1,-15793928.57,236.867,0.535909
229,-15913482.14,235.993,0.524649
228.9,-15817827.38,237.2,0.540194
228.8,-15998571.43,237.847,0.548502
228.7,-15786592.26,238.504,0.556921
228.6,-16483050.6,238.639,0.558646
228.5,-16158571.43,238.612,0.558298
228.4,-16567619.05,239.362,0.567881
228.3,-16555982.14,238.417,0.555804
228.2,-16413035.71,239.654,0.571609
228.1,-16594107.14,239.845,0.574049
228,-17289955.36,239.214,0.566001
227.9,-17364985.12,239.538,0.570135
227.8,-17577916.67,240.134,0.577727
227.7,-17788839.29,241.282,0.592304
227.6,-18072976.19,240.721,0.585188
227.5,-17760089.29,241.68,0.597341
227.4,-17696383.93,240.962,0.588237
227.3,-17574925.6,241.205,0.591327
227.2,-18443422.62,241.204,0.591312
227.1,-18299360.12,241.964,0.600939
227,-17884151.79,241.648,0.596939
226.9,-17879732.14,242.387,0.606279
226.8,-18430907.74,242.143,0.603202
226.7,-18458556.55,242.41,0.606566
226.6,-18177693.45,242.609,0.609082
226.5,-18792261.9,243.203,0.616566
226.4,-18197574.4,243.37,0.618677
226.3,-18738050.6,243.435,0.61949
226.2,-19806398.81,242.834,0.611926
226.1,-19477872.02,243.527,0.620644
226,-19747693.45,243.738,0.623294
225.9,-18835357.14,244.239,0.629598
225.8,-19187440.48,245.038,0.639608
225.7,-20038601.19,244.752,0.636019
225.6,-19604122.02,244.86,0.637381
225.5,-20131130.95,245.08,0.640132
225.4,-20163586.31,245.141,0.640898
225.3,-19767053.57,245.263,0.642414
225.2,-20284732.14,245.526,0.6457
225.1,-20380357.14,246.013,0.651781
225,-20141696.43,246.808,0.661689
224.9,-20602693.45,248.739,0.685629
224.8,-20487529.76,247.145,0.665873
224.7,-20175937.5,246.812,0.661731
224.6,-20338392.86,247.149,0.665929
224.5,-21045684.52,246.919,0.66307
224.4,-19972142.86,247.532,0.670685
224.3,-20726785.71,247.84,0.674507
224.2,-20722604.17,248.417,0.68165
224.1,-20896160.71,248.385,0.681257
224,-20649955.36,248.584,0.68371
223.9,-20622812.5,248.452,0.682085
223.8,-21143318.45,247.99,0.676361
223.7,-20871145.83,248.595,0.68385
223.6,-21331145.83,248.695,0.685083
223.5,-20804866.07,250.286,0.704696
223.4,-20012574.4,249.231,0.691702
223.3,-20699211.31,249.759,0.698211
223.2,-21136636.9,250.621,0.708818
223.1,-21755758.93,251.005,0.713532
223,-21769166.67,250.812,0.711169
222.9,-21668824.4,250.323,0.705156
222.8,-21587217.26,251.107,0.714783
222.7,-21332366.07,252.042,0.726228
222.6,-21398050.6,251.513,0.719754
222.5,-22262395.83,251.876,0.724206
222.4,-21614970.24,252.415,0.730783
222.3,-21935892.86,252.223,0.728444
222.2,-21667380.95,251.301,0.717158
222.1,-22127366.07,253.949,0.749469
222,-21586116.07,253.372,0.742455
221.9,-21647842.26,252.768,0.735097
221.8,-20848898.81,253.614,0.745406
221.7,-21419434.52,253.059,0.738647
221.6,-21055014.88,253.573,0.744896
221.5,-21898199.4,253.389,0.742662
221.4,-21917395.83,253.902,0.748904
221.3,-21852023.81,253.941,0.749372
221.2,-21009523.81,254.537,0.756606
221.1,-21738988.1,255.055,0.76288
221,-21083764.88,255.609,0.769581
220.9,-21505639.88,255.976,0.774015
220.8,-21845729.17,256.126,0.775833
220.7,-21151755.95,254.13,0.751671
220.6,-21187380.95,256.355,0.778593
220.5,-21162172.62,256.287,0.777773
220.4,-21813169.64,256.923,0.78543
220.3,-22125997.02,257.082,0.787338
220.2,-21522440.48,257.434,0.791573
220.1,-21100208.33,257.632,0.793954
220,-21179851.19,257.273,0.78964
219.9,-21548363.1,257.304,0.790008
219.8,-21599211.31,258.184,0.800573
219.7,-21763645.83,257.806,0.796035
219.6,-21604270.83,258.075,0.799269
219.5,-21437678.57,258.902,0.809171
219.4,-21128973.21,258.164,0.800328
219.3,-20478169.64,258.68,0.806515
219.2,-21542202.38,259.58,0.817264
219.1,-21490654.76,259.378,0.814857
219,-21455401.79,259.817,0.820088
218.9,-20551056.55,260.969,0.8338
218.8,-21917187.5,260.697,0.830569
218.7,-21186458.33,259.683,0.818494
218.6,-21664270.83,261.115,0.835536
218.5,-22052544.64,261.284,0.837539
218.4,-21123318.45,260.985,0.833988
218.3,-21808541.67,261.46,0.839623
218.2,-21044642.86,261.187,0.836383
218.1,-21601681.55,264.064,0.870374
218,-21448139.88,263.638,0.86536
217.9,-21516681.55,262.574,0.852808
217.8,-21526502.98,263.442,0.863051
217.7,-21135997.02,263.541,0.864225
217.6,-21313735.12,262.298,0.849553
217.5,-22153199.4,262.961,0.857385
217.4,-21282068.45,264.489,0.875369
217.3,-20747544.64,264.313,0.873305
217.2,-21409970.24,264.662,0.877404
217.1,-20651681.55,264.683,0.877657
217,-21628080.36,265.088,0.882403
216.9,-20489523.81,264.842,0.879519
216.8,-20278080.36,266.075,0.893955
216.7,-20985372.02,266.252,0.896021
216.6,-20345208.33,265.797,0.890709
216.5,-21163005.95,266.548,0.899487
216.4,-21706904.76,266.706,0.901325
216.3,-21293645.83,266.9,0.903584
216.2,-21310520.83,266.738,0.901695
216.1,-21422127.98,267.644,0.912253
216,-20748988.1,267.36,0.908943
215.9,-20495491.07,267.505,0.910631
215.8,-21363973.21,267.433,0.909801
215.7,-20563735.12,267.814,0.914229
215.6,-20632633.93,268.227,0.919021
215.5,-21010699.4,269.125,0.929438
215.4,-21580416.67,269.354,0.932087
215.3,-21000520.83,269.858,0.937916
215.2,-21536755.95,270.012,0.939696
215.1,-21169940.48,270.123,0.940978
215,-21606145.83,270.565,0.946075
214.9,-21230595.24,269.876,0.938126
214.8,-21406488.1,270.869,0.949574
214.7,-21139300.6,271.236,0.953799
214.6,-21969241.07,271.929,0.961767
214.5,-21074389.88,271.541,0.957304
214.4,-20171502.98,271.835,0.960688
214.3,-20794375,272.565,0.969057
214.2,-21360357.14,273.135,0.975581
214.1,-21620193.45,273.077,0.974919
214,-20950952.38,273.368,0.978249
213.9,-21447008.93,274.478,0.990905
213.8,-21611339.29,273.873,0.984007
213.7,-21137886.9,274.931,0.996064
213.6,-22654613.1,274.879,0.995471
213.5,-20682172.62,275.348,1.0008
213.4,-20312157.74,274.709,0.993537
213.3,-21736041.67,275.517,1.00272
213.2,-20447232.14,275.519,1.00275
213.1,-20689821.43,275.734,1.00519
213,-21708407.74,276.661,1.01569
212.9,-21783020.83,277.784,1.02838
212.8,-21850074.4,276.424,1.01301
212.7,-21501651.79,276.419,1.01295
212.6,-22007038.69,276.938,1.01882
212.5,-21231116.07,277.73,1.02776
212.4,-20816398.81,278.739,1.03913
212.3,-22199136.9,277.909,1.02978
212.2,-21304315.48,279.887,1.05202
212.1,-20945416.67,280.025,1.05357
212,-22809389.88,282.185,1.07768
211.9,-21945565.48,280.623,1.06026
211.8,-21354166.67,280.314,1.0568
211.7,-22569032.74,280.74,1.06157
211.6,-21924330.36,282.076,1.07647
211.5,-22187336.31,282.81,1.08464
211.4,-21822187.5,281.428,1.06925
211.3,-22629077.38,283.237,1.08938
211.2,-22416413.69,282.653,1.08289
211.1,-21317247.02,283.966,1.09746
211,-21958973.21,284.458,1.1029
210.9,-21824866.07,284.863,1.10738
210.8,-20304345.24,284.721,1.1058
210.7,-23295699.4,284.519,1.10358
210.6,-21652678.57,284.867,1.10742
210.5,-22914285.71,285.705,1.11667
210.4,-21224285.71,286.503,1.12545
210.3,-22501651.79,287.038,1.13132
210.2,-22811190.48,287.475,1.13612
210.1,-23282693.45,288.051,1.14242
210,-22390788.69,287.753,1.13916
209.9,-22541354.17,289.112,1.15402
209.8,-22208035.71,290.307,1.16702
209.7,-22811949.4,290.186,1.16572
209.6,-23240252.98,290.807,1.17246
209.5,-22161160.71,292.066,1.18611
209.4,-22445565.48,292.104,1.18651
209.3,-23581785.71,292.742,1.1934
209.2,-23148035.71,293.31,1.19954
209.1,-24072901.79,293.011,1.19631
209,-22723497.02,294.613,1.21356
208.9,-22985044.64,294.813,1.2157
208.8,-24500014.88,295.686,1.22506
208.7,-23031904.76,295.067,1.21842
208.6,-22406622.02,296.23,1.23088
208.5,-21590044.64,296.408,1.23278
208.4,-23064255.95,297.724,1.24681
208.3,-23238764.88,297.562,1.24509
208.2,-22542872.02,298.372,1.25371
208.1,-23461979.17,299.758,1.2684
208,-21934568.45,299.493,1.26561
207.9,-22475044.64,300.943,1.28093
207.8,-21940937.5,301.55,1.28733
207.7,-23331398.81,302.411,1.29639
207.6,-20769330.36,303.097,1.30358
207.5,-22083348.21,303.645,1.30933
207.4,-21142351.19,305,1.3235
207.3,-21665610.12,304.048,1.31355
207.2,-21345699.4,305.671,1.33049
207.1,-20483139.88,307.07,1.34503
207,-21880714.29,307.373,1.34817
206.9,-20960937.5,308.231,1.35705
206.8,-20937247.02,308.177,1.3565
206.7,-20457410.71,308.229,1.35704
206.6,-19313422.62,309.981,1.37511
206.5,-20828110.12,310.768,1.3832
206.4,-19095788.69,311.527,1.39099
206.3,-19942916.67,310.87,1.38425
206.2,-18689642.86,313.539,1.41156
206.1,-18793184.52,314.021,1.41647
206,-19146860.12,313.797,1.41419
205.9,-18771101.19,314.988,1.42631
205.8,-17770758.93,315.87,1.43525
205.7,-17010997.02,316.377,1.44039
205.6,-18180669.64,317.746,1.45421
205.5,-18160208.33,319.498,1.47184
205.4,-16558630.95,319.591,1.47277
205.3,-16270937.5,321.577,1.49265
205.2,-16815848.21,320.962,1.4865
205.1,-14773928.57,322.027,1.49714
205,-15483943.45,322.991,1.50674
204.9,-15352261.9,323.945,1.51621
204.8,-15354627.98,324.731,1.52401
204.7,-15438288.69,325.874,1.5353
204.6,-13276264.88,326.887,1.54529
204.5,-14071130.95,329.118,1.56719
204.4,-10350461.31,329.397,1.56993
204.3,-13381711.31,330.629,1.58196
204.2,-11968348.21,331.522,1.59066
204.1,-11877604.17,332.628,1.60141
204,-11876785.71,334.327,1.61787
203.9,-10745595.24,334.581,1.62032
203.8,-8717425.595,336.323,1.6371
203.7,-8060744.048,337.937,1.6526
203.6,-9576681.548,337.664,1.64998
203.5,-7351592.262,339.806,1.67045
203.4,-10242514.88,340.304,1.6752
203.3,-8144270.833,341.661,1.68809
203.2,-5995068.452,342.731,1.69824
203.1,-6812901.786,344.52,1.71513
203,-6649092.262,345.231,1.72182
202.9,-3378053.571,346.228,1.73119
202.8,-7067529.762,347.548,1.74356
202.7,-5189622.024,348.646,1.75382
202.6,-7757172.619,349.7,1.76363
202.5,-4424940.476,351.355,1.77901
202.4,-2751537.202,353.03,1.7945
202.3,-4127229.167,353.929,1.8028
202.2,-3881970.238,354.869,1.81144
202.1,-2154794.643,357.081,1.83172
202,-963788.5417,358.505,1.84473
201.9,-2183819.94,359.631,1.85498
201.8,-1141001.339,362.175,1.87803
201.7,-94989.58333,362.612,1.88198
201.6,2057751.488,364.73,1.90106
201.5,2709337.798,365.92,1.91173
201.4,1454248.512,367.045,1.9218
201.3,859421.131,368.983,1.93908
201.2,2820300.744,370.671,1.95407
201.1,3462796.131,371.763,1.96373
201,6395610.119,372.837,1.97322
200.9,4003211.31,374.45,1.98742
200.8,9151428.571,375.576,1.9973
200.7,6137961.31,377.787,2.01664
200.6,5194538.69,379.452,2.03113
200.5,4799252.976,379.989,2.0358
200.4,7335535.714,382.734,2.05955
200.3,8269211.31,384.165,2.07188
200.2,6323797.619,386.229,2.08959
200.1,8548943.452,387.32,2.09892
200,10861562.5,389.886,2.12078
199.9,9469553.571,390.977,2.13004
199.8,9713333.333,392.549,2.14334
199.7,11930580.36,394.085,2.15629
199.6,10370431.55,396.046,2.17276
199.5,11150297.62,396.592,2.17733
199.4,10331086.31,398.374,2.19223
199.3,13212678.57,400.932,2.21352
199.2,12524136.9,402.039,2.22269
199.1,11649017.86,402.643,2.22769
199,14290535.71,405.269,2.24933
198.9,15093928.57,405.644,2.25242
198.8,14057544.64,409.926,2.28744
198.7,15297470.24,410.481,2.29196
198.6,14685476.19,412.408,2.30761
198.5,16853125,414.032,2.32074
198.4,15426964.29,416.348,2.3394
198.3,16204464.29,418.733,2.35853
198.2,14226741.07,420.665,2.37396
198.1,16954985.12,421.078,2.37725
198,16352485.12,422.49,2.38847
197.9,18509538.69,425.272,2.4105
197.8,17110937.5,427.066,2.42464
197.7,16646220.24,429.859,2.44655
197.6,19679389.88,430.928,2.45491
197.5,17441726.19,432.733,2.46898
197.4,19295773.81,432.742,2.46905
197.3,20180178.57,436.805,2.50054
197.2,18305625,437.247,2.50395
197.1,17730491.07,439.197,2.51897
197,17533824.4,441.32,2.53524
196.9,19739895.83,444.169,2.55699
196.8,20318273.81,443.98,2.55555
196.7,18931696.43,446.599,2.57544
196.6,16688883.93,448.666,2.59108
196.5,21294955.36,450.88,2.60775
196.4,17993824.4,453.289,2.62582
196.3,19532544.64,455.518,2.64246
196.2,16830476.19,456.754,2.65166
196.1,20732857.14,460.007,2.67577
196,15454047.62,460.608,2.6802
195.9,19827604.17,463.73,2.70319
195.8,22167142.86,465.934,2.71933
195.7,21897797.62,466.737,2.72519
195.6,19765267.86,469.32,2.74401
195.5,19302886.9,470.954,2.75586
195.4,19306949.4,472.469,2.76682
195.3,22709419.64,472.82,2.76936
195.2,19490714.29,475.574,2.7892
195.1,19490431.55,475.633,2.78962
195,18936428.57,477.517,2.80313
194.9,14248050.6,478.515,2.81027
194.8,23175520.83,479.57,2.8178
194.7,18556830.36,481.559,2.83197
194.6,17826190.48,483.423,2.8452
194.5,17892068.45,486.017,2.86354
194.4,15398913.69,486.892,2.86971
194.3,21395535.71,488.779,2.88298
194.2,17606041.67,490.598,2.89573
194.1,16548288.69,491.644,2.90304
194,16454821.43,492.415,2.90843
193.9,13649940.48,495.63,2.93079
193.8,16139270.83,497.445,2.94337
193.7,17223898.81,500.005,2.96103
193.6,15153869.05,500.131,2.96191
193.5,17685580.36,502.145,2.97575
193.4,14231666.67,503.114,2.98239
193.3,17610818.45,505.218,2.99678
193.2,17041116.07,506.17,3.00327
193.1,12893348.21,508.847,3.02148
193,19028154.76,508.889,3.02177
192.9,16521235.12,509.691,3.0272
192.8,16871696.43,511.257,3.0378
192.7,14233854.17,512.549,3.04652
192.6,19507976.19,515.362,3.06545
192.5,12679985.12,517.314,3.07854
192.4,14329925.6,518.868,3.08892
192.3,14422380.95,518.794,3.08843
192.2,15842306.55,521.149,3.10411
192.1,16888571.43,522.709,3.11447
192,14928511.9,523.547,3.12003
191.9,13895610.12,525.05,3.12997
191.8,18439523.81,527.178,3.14401
191.7,10520163.69,528.578,3.15322
191.6,19819583.33,529.941,3.16217
191.5,17073214.29,531.277,3.17091
191.4,12512276.79,533.364,3.18455
191.3,14270416.67,534.326,3.19081
191.2,12934702.38,536.022,3.20184
191.1,10952142.86,537.89,3.21395
191,13479389.88,540.431,3.23037
190.9,15210714.29,541.885,3.23973
190.8,12245654.76,544.644,3.25744
190.7,12063571.43,547.025,3.27266
190.6,13737842.26,548.47,3.28188
190.5,11098125,548.41,3.2815
190.4,11366741.07,552.208,3.30561
190.3,12256220.24,553.789,3.31561
190.2,11363273.81,554.865,3.3224
190.1,13945312.5,557.554,3.33932
190,13168273.81,558.93,3.34795
,,,
##### Extended Information,,,
[Comments],,,
Sample name,ECTC_PROTEIN&ADDITIVE_928,,
Comment,PROTEIN&ADDITIVE,,
User,TRICIACHESELDINE,,
Division,,,
Company,Saint Mary's College,,
,,,
[Detailed Information],,,
Creation date,9/28/2022 16:49,,
,,,
Data array type,Linear data array * 3,,
Horizontal axis,Wavelength [nm],,
Vertical axis(1),CD [mdeg],,
Vertical axis(2),HT [V],,
Vertical axis(3),Abs,,
Start,320 nm,,
End,190 nm,,
Data interval,0.1 nm,,
Data points,1301,,
,,,
[Measurement Information],,,
Instrument name,J-1500,,
Model name,J-1500,,
Serial No.,B051061638,,
,,,
Detector,PM-539,,
Detector S/N,B051061638,,
Lock-in amp.,X mode,,
HT volt,Auto,,
,,,
Accessory,PTC-517,,
Accessory S/N,B026561646,,
Temperature,22.83 C,,
Control sensor,Holder,,
Monitor sensor,Holder,,
,,,
Measurement date,9/28/2022 16:49,,
,,,
CD Overload detect,1020,,
Photometric mode,CD,HT,Abs
Measure range,320 - 190 nm,,
Data pitch,0.1 nm,,
CD scale,20 mdeg/0.05 dOD,,
FL scale,20 mdeg/0.05 dOD,,
D.I.T.,8 msec,,
Bandwidth,2.00 nm,,
Start mode,Immediately,,
Scanning mode,Continuous,,
Scanning speed,200 nm/min,,
Baseline correction,None,,
Shutter control,Auto,,
No. of cycle,1-Jan,,
N2 Flowmeter,Manual,,
,,,
Solvent,NaPO4 buffer,,
