TITLE,Sample_JH_CW
DATA TYPE,
ORIGIN,JASCO
OWNER,
DATE,22/09/27
TIME,15:50:07
SPECTROMETER/DATA SYSTEM,
LOCALE,1033
RESOLUTION,
DELTAX,-0.1
XUNITS,NANOMETERS
YUNITS,CD [mdeg]
Y2UNITS,HT [V]
Y3UNITS,ABSORBANCE
FIRSTX,  320.0000
LASTX,  190.0000
NPOINTS,    1301
FIRSTY,     0.15875
MAXY,    22.28363
MINY,   -52.51188
XYDATA
320.0000,0.158754,207.433,0.136073
319.9000,0.498115,206.664,0.12501
319.8000,1.34455,205.971,0.115026
319.7000,-0.23927,205.447,0.107442
319.6000,1.10057,206.388,0.121043
319.5000,1.14909,206.462,0.122104
319.4000,1.39344,207.079,0.130994
319.3000,3.51123,206.568,0.123639
319.2000,1.00728,206.001,0.115452
319.1000,1.84537,206.357,0.120585
319.0000,-0.123046,205.742,0.111719
318.9000,0.990857,206.027,0.115828
318.8000,1.54338,206.823,0.12731
318.7000,1.14614,205.655,0.110458
318.6000,1.61422,206.235,0.118837
318.5000,1.84406,206.216,0.118559
318.4000,0.837074,206.316,0.119997
318.3000,2.94969,205.997,0.115403
318.2000,1.05019,206.451,0.121941
318.1000,2.13734,206.146,0.117545
318.0000,0.679903,206.994,0.129772
317.9000,-0.535052,206.406,0.121304
317.8000,2.93993,206.457,0.122039
317.7000,1.89338,206.747,0.126217
317.6000,0.933975,206.136,0.117398
317.5000,0.324888,205.86,0.113422
317.4000,1.81784,206.903,0.128452
317.3000,-0.264473,205.851,0.113291
317.2000,0.270755,205.54,0.108786
317.1000,0.0334453,206.401,0.121222
317.0000,0.276588,206.234,0.118821
316.9000,-0.378617,207.111,0.13145
316.8000,1.32711,205.503,0.108262
316.7000,2.15333,206.15,0.117611
316.6000,-0.651712,206.003,0.115484
316.5000,0.546574,206.633,0.12457
316.4000,1.0638,205.942,0.114601
316.3000,0.386189,205.977,0.115108
316.2000,0.736829,205.987,0.115255
316.1000,2.00905,205.799,0.112538
316.0000,0.00294156,207.241,0.133323
315.9000,1.73766,206.064,0.116368
315.8000,1.79595,206.247,0.119
315.7000,1.25899,206.121,0.117186
315.6000,3.16383,206.037,0.115975
315.5000,1.43482,205.679,0.110802
315.4000,2.59875,205.907,0.114093
315.3000,1.22907,206.188,0.11815
315.2000,-0.481788,206.321,0.120079
315.1000,0.447877,206.087,0.116695
315.0000,2.19994,206.261,0.119213
314.9000,1.20899,205.805,0.11262
314.8000,1.05516,205.722,0.111424
314.7000,2.83722,206.341,0.120357
314.6000,0.819285,206.423,0.121549
314.5000,-0.00655273,205.222,0.104194
314.4000,2.51144,205.44,0.107344
314.3000,0.315048,205.674,0.110737
314.2000,1.69121,205.691,0.110982
314.1000,1.40311,205.934,0.114486
314.0000,1.41599,205.886,0.113799
313.9000,0.402044,205.503,0.108262
313.8000,0.90141,206.191,0.118199
313.7000,0.625828,205.244,0.104506
313.6000,1.25949,205.842,0.11316
313.5000,2.04719,206.317,0.120013
313.4000,0.165124,205.962,0.114895
313.3000,1.32408,206.015,0.115664
313.2000,0.338694,205.423,0.107098
313.1000,0.875462,205.55,0.108934
313.0000,1.26068,206.191,0.118199
312.9000,1.45688,205.464,0.107688
312.8000,0.237926,206.187,0.118134
312.7000,0.742406,206.14,0.117463
312.6000,1.1854,205.456,0.107573
312.5000,1.30078,205.979,0.115141
312.4000,0.168091,205.884,0.113766
312.3000,0.428559,205.668,0.110638
312.2000,1.88573,204.914,0.0997272
312.1000,2.67013,205.681,0.110835
312.0000,1.2009,205.459,0.107623
311.9000,-1.06009,205.925,0.114355
311.8000,1.68539,205.97,0.11501
311.7000,0.442773,206.059,0.116286
311.6000,0.329303,205.903,0.114044
311.5000,1.68335,205.257,0.104703
311.4000,2.02999,205.263,0.104785
311.3000,0.463979,205.911,0.114159
311.2000,0.718711,206.483,0.122415
311.1000,0.832174,205.717,0.111359
311.0000,1.12677,204.882,0.099267
310.9000,2.82549,206.265,0.119262
310.8000,0.51704,206.192,0.118215
310.7000,0.912612,206.492,0.122545
310.6000,1.47829,205.527,0.108606
310.5000,1.58445,205.882,0.113733
310.4000,1.66798,205.031,0.101419
310.3000,2.48435,206.261,0.119213
310.2000,0.604061,205.591,0.109524
310.1000,1.02263,205.654,0.110442
310.0000,1.50549,205.825,0.112915
309.9000,3.16744,205.329,0.105736
309.8000,0.371642,205.745,0.111752
309.7000,2.89149,206.211,0.118494
309.6000,0.847018,205.737,0.111637
309.5000,0.388056,206.071,0.116466
309.4000,0.738367,205.346,0.105983
309.3000,1.46495,205.739,0.11167
309.2000,2.07104,205.826,0.112931
309.1000,0.794718,205.926,0.114371
309.0000,0.0827257,205.615,0.109885
308.9000,0.708349,205.779,0.112243
308.8000,0.616185,205.451,0.107508
308.7000,1.33041,205.595,0.10959
308.6000,2.02806,205.988,0.115272
308.5000,2.84017,205.426,0.107147
308.4000,0.949422,206.102,0.116907
308.3000,0.471098,205.324,0.105671
308.2000,1.01009,206.076,0.116531
308.1000,-0.918326,205.196,0.103817
308.0000,-0.459642,205.111,0.102585
307.9000,0.777406,205.4,0.10677
307.8000,2.26685,205.375,0.106409
307.7000,1.15427,205.793,0.112456
307.6000,0.690816,205.127,0.102815
307.5000,-0.762988,205.382,0.106507
307.4000,-0.922219,205.937,0.114535
307.3000,1.99382,206.079,0.11658
307.2000,1.46908,206.299,0.119752
307.1000,1.65448,205.208,0.103981
307.0000,0.538686,206.245,0.118984
306.9000,1.43146,205.626,0.110032
306.8000,2.42274,206.244,0.118968
306.7000,-0.0942571,205.199,0.103849
306.6000,0.926127,205.917,0.114241
306.5000,0.0869577,205.997,0.115403
306.4000,1.11937,205.89,0.113848
306.3000,0.0614117,205.733,0.111588
306.2000,0.625598,205.688,0.110933
306.1000,1.14069,204.921,0.0998258
306.0000,-0.652779,205.818,0.112816
305.9000,1.45977,205.282,0.105064
305.8000,1.53504,205.731,0.111556
305.7000,0.171067,206.098,0.116858
305.6000,1.26698,205.988,0.115272
305.5000,2.0666,204.741,0.0972121
305.4000,0.209852,204.873,0.0991357
305.3000,1.3942,206.642,0.1247
305.2000,1.44136,205.264,0.104801
305.1000,-0.258552,206.019,0.115713
305.0000,1.68416,205.416,0.106999
304.9000,1.20757,206.34,0.12034
304.8000,-0.133012,204.677,0.0962912
304.7000,0.52038,205.64,0.110245
304.6000,1.05367,206.004,0.115501
304.5000,1.57357,205.333,0.105802
304.4000,1.59174,205.849,0.113259
304.3000,1.62872,205.622,0.109983
304.2000,1.09223,205.541,0.108803
304.1000,-0.290106,205.452,0.107524
304.0000,0.314021,205.493,0.108114
303.9000,1.19162,205.209,0.103997
303.8000,1.18219,205.626,0.110032
303.7000,0.559624,205.367,0.106294
303.6000,0.438185,204.634,0.095666
303.5000,1.16901,205.507,0.108311
303.4000,1.14797,205.61,0.109803
303.3000,1.29326,205.592,0.10954
303.2000,0.612159,205.541,0.108803
303.1000,1.70975,205.294,0.105228
303.0000,-0.128001,205.963,0.114912
302.9000,1.00243,206.017,0.115681
302.8000,-1.40857,206.256,0.119131
302.7000,0.742567,204.879,0.0992179
302.6000,1.64068,204.984,0.100746
302.5000,0.657151,205.194,0.103784
302.4000,1.21254,205.509,0.108344
302.3000,2.27863,204.09,0.0877609
302.2000,1.01911,205.279,0.105014
302.1000,-0.167956,205.554,0.109
302.0000,0.325484,205.244,0.104506
301.9000,0.80667,205.075,0.10206
301.8000,0.836008,205.34,0.1059
301.7000,0.860203,205.339,0.105884
301.6000,0.774524,205.647,0.110343
301.5000,1.02572,205.106,0.102503
301.4000,-0.214686,205.432,0.107229
301.3000,0.378546,205.815,0.112767
301.2000,-0.988984,205.206,0.103964
301.1000,1.51274,205.589,0.109508
301.0000,0.909003,205.818,0.112816
300.9000,1.63875,205.255,0.10467
300.8000,1.12215,205.682,0.110851
300.7000,3.84824,204.997,0.100926
300.6000,1.32812,205.504,0.108278
300.5000,-0.28769,205.311,0.105474
300.4000,-0.656107,205.482,0.10795
300.3000,0.582561,205.379,0.106458
300.2000,0.708324,204.465,0.0932142
300.1000,1.94193,205.978,0.115125
300.0000,0.982943,205.28,0.105031
299.9000,0.384191,204.425,0.0926213
299.8000,2.95967,204.179,0.0890468
299.7000,1.60082,206.143,0.117513
299.6000,0.0877858,204.633,0.0956496
299.5000,0.872257,205.768,0.112096
299.4000,2.69988,204.658,0.0960117
299.3000,0.782117,203.738,0.0826299
299.2000,1.65469,203.76,0.0829436
299.1000,1.08757,205.941,0.114584
299.0000,1.92859,205.585,0.109442
298.9000,0.899919,204.626,0.0955509
298.8000,1.83585,204.95,0.100253
298.7000,2.65865,205.317,0.105572
298.6000,1.97426,204.488,0.0935434
298.5000,1.35258,205.858,0.113389
298.4000,0.240517,205.066,0.101929
298.3000,1.13892,204.63,0.0956004
298.2000,0.448046,205.416,0.106999
298.1000,2.02379,205.05,0.101699
298.0000,0.923638,204.436,0.0927859
297.9000,1.27002,205.321,0.105622
297.8000,1.64835,204.573,0.0947778
297.7000,2.03017,205.304,0.105376
297.6000,1.72385,205.076,0.102076
297.5000,1.55,204.893,0.099415
297.4000,1.15958,205.491,0.108082
297.3000,1.24851,205.246,0.104539
297.2000,0.609758,204.579,0.09486
297.1000,-0.706232,204.406,0.0923579
297.0000,1.61801,206.114,0.117087
296.9000,2.60086,205.442,0.107377
296.8000,0.138356,205.14,0.102996
296.7000,1.49125,205.527,0.108606
296.6000,0.0973175,204.825,0.0984288
296.5000,1.84954,205.155,0.103225
296.4000,1.2708,205.171,0.103455
296.3000,2.08092,205.492,0.108098
296.2000,1.9735,204.314,0.0910076
296.1000,0.984081,204.644,0.0958141
296.0000,1.20514,204.778,0.0977548
295.9000,1.67273,205.511,0.108377
295.8000,1.62776,204.644,0.0958141
295.7000,1.64304,206.077,0.116548
295.6000,0.920348,204.763,0.0975409
295.5000,1.53569,204.598,0.0951396
295.4000,1.1607,204.193,0.0892612
295.3000,1.75525,205.302,0.105343
295.2000,0.326158,204.922,0.0998421
295.1000,1.30886,204.999,0.100959
295.0000,-0.382371,205.157,0.103242
294.9000,2.45598,205.465,0.107705
294.8000,0.599923,205.293,0.105212
294.7000,-0.388432,205.652,0.110409
294.6000,0.65399,205.409,0.106901
294.5000,1.059,205.158,0.103258
294.4000,1.60878,205.022,0.101288
294.3000,1.48821,204.902,0.0995465
294.2000,0.596288,205.124,0.102766
294.1000,0.362843,205.311,0.105474
294.0000,-0.677796,204.525,0.0940864
293.9000,1.1618,205.887,0.113815
293.8000,0.795707,205.099,0.102405
293.7000,0.987518,204.434,0.0927531
293.6000,2.8674,204.803,0.0981164
293.5000,2.04566,204.962,0.100417
293.4000,0.754336,204.673,0.0962253
293.3000,1.28124,205.373,0.106376
293.2000,1.47412,204.852,0.0988233
293.1000,0.252488,204.995,0.100894
293.0000,0.571038,205.705,0.111179
292.9000,1.7853,204.289,0.090645
292.8000,1.68907,204.842,0.0986754
292.7000,1.7173,203.509,0.0792934
292.6000,0.473447,204.625,0.0955345
292.5000,2.6368,204.631,0.0956168
292.4000,0.807577,205.002,0.101009
292.3000,3.23527,204.067,0.0874147
292.2000,1.19215,204.564,0.094646
292.1000,1.65512,204.953,0.100286
292.0000,1.49231,204.852,0.0988233
291.9000,0.323752,205.114,0.102618
291.8000,0.16823,205.227,0.10426
291.7000,0.579809,204.062,0.0873487
291.6000,1.26398,204.237,0.0898872
291.5000,-0.464986,204.182,0.0890964
291.4000,1.15928,204.554,0.0944978
291.3000,2.68928,204.495,0.0936421
291.2000,0.729856,204.737,0.0971629
291.1000,2.68705,204.538,0.0942674
291.0000,0.360202,204.479,0.0934116
290.9000,1.29544,204.99,0.100828
290.8000,2.58434,204.595,0.0950901
290.7000,-0.279202,204.376,0.0919134
290.6000,1.17483,203.936,0.0855181
290.5000,1.92205,204.089,0.0877445
290.4000,0.681675,203.795,0.0834553
290.3000,0.897434,204.731,0.097064
290.2000,2.02006,204.659,0.0960281
290.1000,1.6521,204.491,0.0935926
290.0000,1.55849,205.344,0.10595
289.9000,1.943,204.456,0.0930824
289.8000,2.23054,204.019,0.0867223
289.7000,0.302946,205.125,0.102782
289.6000,0.371858,205.672,0.110704
289.5000,-0.196936,204.902,0.0995465
289.4000,0.818063,205.153,0.103193
289.3000,0.480008,204.758,0.0974587
289.2000,0.772773,205.404,0.106819
289.1000,1.76714,204.945,0.100171
289.0000,1.25343,205.8,0.112554
288.9000,0.709988,205.303,0.105359
288.8000,1.52566,205.115,0.102634
288.7000,1.01671,204.627,0.0955673
288.6000,2.625,205.37,0.106327
288.5000,0.457716,205.032,0.101436
288.4000,2.20274,205.339,0.105884
288.3000,2.71823,205.294,0.105228
288.2000,0.419925,205.73,0.111539
288.1000,2.31875,205.429,0.10718
288.0000,0.816998,205.48,0.107918
287.9000,-0.119654,205.109,0.102552
287.8000,3.82821,204.868,0.0990535
287.7000,1.25938,205.132,0.102881
287.6000,0.992055,205.94,0.114568
287.5000,1.75429,205.708,0.111228
287.4000,1.06287,205.748,0.111801
287.3000,0.639308,205.397,0.106721
287.2000,1.1313,205.755,0.111899
287.1000,1.07551,204.814,0.0982808
287.0000,-0.708056,204.683,0.0963734
286.9000,-0.690672,205.334,0.105818
286.8000,0.229316,205.476,0.107868
286.7000,0.623897,204.877,0.0991848
286.6000,1.94386,205.183,0.10362
286.5000,1.3722,205.67,0.110671
286.4000,1.83713,205.31,0.105458
286.3000,2.477,205.008,0.101091
286.2000,-0.591457,206.337,0.120308
286.1000,1.63919,205.677,0.110769
286.0000,1.01563,205.002,0.101009
285.9000,0.844302,205.725,0.111474
285.8000,-0.590994,205.11,0.102569
285.7000,1.60876,205.083,0.102175
285.6000,0.663064,205.085,0.102208
285.5000,0.133029,206.257,0.119147
285.4000,0.744011,204.962,0.100417
285.3000,0.960629,204.993,0.100877
285.2000,1.17048,205.238,0.104424
285.1000,0.497852,205.366,0.106278
285.0000,-0.492217,206.146,0.117545
284.9000,1.3837,205.433,0.107245
284.8000,0.299219,205.339,0.105884
284.7000,0.584519,205.763,0.112014
284.6000,-0.293676,205.158,0.103258
284.5000,0.525191,205.698,0.11108
284.4000,2.10442,205.884,0.113766
284.3000,0.162363,204.531,0.0941687
284.2000,2.07792,205.46,0.107639
284.1000,1.0693,205.426,0.107147
284.0000,1.05393,205.601,0.109672
283.9000,2.75687,205.353,0.106081
283.8000,1.2846,205.223,0.10421
283.7000,0.861426,204.811,0.0982317
283.6000,0.277833,205.159,0.103275
283.5000,0.0047166,204.418,0.0925225
283.4000,1.73301,205.114,0.102618
283.3000,1.84354,205.188,0.103702
283.2000,0.850583,204.728,0.0970313
283.1000,0.940791,205.562,0.109114
283.0000,-0.340849,205.534,0.108704
282.9000,0.556268,205.481,0.107934
282.8000,0.028531,205.917,0.114241
282.7000,0.910296,205.526,0.10859
282.6000,-1.00876,205.086,0.102224
282.5000,0.410258,205.429,0.10718
282.4000,1.3619,205.49,0.108065
282.3000,1.4634,205.593,0.109557
282.2000,-0.460994,205.285,0.105097
282.1000,1.29592,206.361,0.120651
282.0000,-0.0168897,205.185,0.103653
281.9000,1.57047,205.346,0.105983
281.8000,1.22478,205.459,0.107623
281.7000,2.63123,205.884,0.113766
281.6000,0.665301,205.751,0.111851
281.5000,-1.47862,205.51,0.10836
281.4000,-0.0431778,205.025,0.101337
281.3000,-0.346424,205.657,0.110491
281.2000,0.951668,205.123,0.10275
281.1000,1.07989,205.194,0.103784
281.0000,2.46785,205.311,0.105474
280.9000,0.52903,205.049,0.101682
280.8000,-0.37098,204.992,0.100861
280.7000,-0.206882,205.3,0.105326
280.6000,1.01538,205.442,0.107377
280.5000,-0.0324649,205.351,0.106065
280.4000,1.54154,204.838,0.0986259
280.3000,1.66615,206.025,0.115795
280.2000,1.32521,206.072,0.116482
280.1000,0.180755,205.698,0.11108
280.0000,1.58915,205.739,0.11167
279.9000,0.782124,205.086,0.102224
279.8000,1.34004,205.659,0.110507
279.7000,-3.01112,205.586,0.109458
279.6000,1.47845,205.987,0.115255
279.5000,1.26675,204.745,0.0972779
279.4000,0.536424,205.491,0.108082
279.3000,0.544665,206.09,0.116744
279.2000,2.08472,204.706,0.0967024
279.1000,-0.0155485,205.946,0.114666
279.0000,2.04874,204.984,0.100746
278.9000,0.854453,204.944,0.100154
278.8000,-0.398409,207.177,0.132395
278.7000,1.74455,206.072,0.116482
278.6000,0.74777,206.123,0.117218
278.5000,0.335783,206.012,0.115615
278.4000,0.338506,205.757,0.111932
278.3000,-0.283445,205.819,0.112833
278.2000,-0.0561428,206.333,0.120242
278.1000,0.179444,205.728,0.111506
278.0000,-0.221526,205.544,0.108852
277.9000,0.202713,205.453,0.107541
277.8000,-0.688429,206.034,0.115926
277.7000,1.25255,205.417,0.107016
277.6000,1.22524,205.536,0.108737
277.5000,-2.03559,206.145,0.117529
277.4000,1.97306,206.451,0.121941
277.3000,0.447082,206.019,0.115713
277.2000,1.05496,205.763,0.112014
277.1000,1.42849,205.949,0.114699
277.0000,-0.0174891,205.775,0.112194
276.9000,-0.650912,205.827,0.112948
276.8000,0.113349,205.949,0.114699
276.7000,1.416,206.643,0.124716
276.6000,0.643687,206.054,0.116221
276.5000,0.0356394,205.873,0.113602
276.4000,-0.608004,207.397,0.135553
276.3000,0.82152,206.002,0.115468
276.2000,1.61782,205.85,0.113275
276.1000,1.77646,204.362,0.0917156
276.0000,0.84898,205.44,0.107344
275.9000,0.813539,205.869,0.113553
275.8000,2.59095,205.884,0.113766
275.7000,2.94706,206.157,0.117709
275.6000,-0.893475,205.771,0.112129
275.5000,1.89464,206.656,0.124896
275.4000,0.634729,204.918,0.0997763
275.3000,1.28202,205.584,0.109426
275.2000,1.41426,206.712,0.125712
275.1000,1.74136,205.644,0.110294
275.0000,0.389572,205.866,0.113504
274.9000,-0.778834,206.688,0.125369
274.8000,2.07492,205.532,0.108672
274.7000,1.17458,205.406,0.106852
274.6000,-0.437121,205.39,0.106622
274.5000,0.776817,206.451,0.121941
274.4000,1.51825,206.243,0.118951
274.3000,2.02803,206.455,0.122007
274.2000,0.645755,205.052,0.101731
274.1000,0.0515633,205.4,0.10677
274.0000,0.768616,206.66,0.124961
273.9000,1.13632,206.07,0.11645
273.8000,0.779459,205.102,0.102454
273.7000,1.61253,205.015,0.101189
273.6000,1.24781,204.962,0.100417
273.5000,-0.565782,206.013,0.115632
273.4000,1.48664,205.107,0.10252
273.3000,0.353987,205.677,0.110769
273.2000,0.250782,206.56,0.123525
273.1000,0.861315,205.375,0.106409
273.0000,1.112,205.235,0.104374
272.9000,-0.25562,205.481,0.107934
272.8000,0.542528,206.326,0.120144
272.7000,0.499202,205.983,0.11519
272.6000,0.252053,206.293,0.11967
272.5000,-0.90299,206.238,0.118869
272.4000,-0.327192,206.201,0.118346
272.3000,0.0878999,206.865,0.127914
272.2000,-0.725836,205.448,0.107459
272.1000,1.78039,206.745,0.126185
272.0000,0.73252,206.519,0.122921
271.9000,1.03123,205.418,0.107032
271.8000,1.48219,205.276,0.104965
271.7000,1.01218,204.527,0.0941028
271.6000,-1.22403,205.776,0.112211
271.5000,2.01352,205.8,0.112554
271.4000,1.74651,205.628,0.110065
271.3000,-1.22605,205.81,0.112702
271.2000,1.96176,205.853,0.113324
271.1000,0.35992,205.231,0.104325
271.0000,0.0470439,205.746,0.111769
270.9000,-0.183135,205.784,0.112325
270.8000,2.30945,205.802,0.112587
270.7000,-1.73015,205.41,0.106917
270.6000,1.21718,206.528,0.123052
270.5000,0.0853279,206.401,0.121222
270.4000,1.38196,205.723,0.111441
270.3000,-0.248233,205.569,0.109213
270.2000,0.305403,205.408,0.106885
270.1000,-0.0346397,207.333,0.134641
270.0000,1.94907,205.57,0.109229
269.9000,0.433847,206.492,0.122545
269.8000,0.88442,205.763,0.112014
269.7000,1.08353,206.756,0.126348
269.6000,-1.44181,206.542,0.123264
269.5000,0.0227081,207.027,0.130245
269.4000,0.640529,207.126,0.131662
269.3000,0.791441,206.045,0.11609
269.2000,0.621934,206.999,0.129837
269.1000,1.07735,206.278,0.119458
269.0000,0.236452,205.756,0.111916
268.9000,-0.904462,205.644,0.110294
268.8000,-0.763003,207.934,0.143257
268.7000,-0.0763718,206.628,0.124504
268.6000,1.74363,206.379,0.120912
268.5000,0.0869238,206.116,0.11712
268.4000,-0.165361,204.51,0.0938559
268.3000,0.0138175,206.728,0.12594
268.2000,0.727678,206.525,0.123019
268.1000,1.53058,206.991,0.129723
268.0000,0.902542,206.547,0.123329
267.9000,0.0695496,205.787,0.112358
267.8000,0.801684,207.737,0.14043
267.7000,0.0219035,205.529,0.108639
267.6000,-0.43072,206.657,0.124912
267.5000,0.711132,207.189,0.132574
267.4000,-0.651572,207.002,0.129886
267.3000,0.464626,206.286,0.119572
267.2000,-1.26278,207.109,0.131417
267.1000,-1.42264,209.251,0.16209
267.0000,0.955704,206.066,0.1164
266.9000,0.515053,207.271,0.133746
266.8000,1.65409,206.8,0.126968
266.7000,1.71246,207.351,0.134902
266.6000,-0.308197,207.775,0.140983
266.5000,1.65833,207.198,0.132704
266.4000,-1.32658,206.75,0.12625
266.3000,-0.541399,207.698,0.139878
266.2000,1.5608,207.256,0.133534
266.1000,-0.619844,207.066,0.130799
266.0000,0.843268,206.797,0.126935
265.9000,0.737913,206.47,0.122219
265.8000,-0.501836,206.749,0.126234
265.7000,1.50254,207.626,0.138838
265.6000,-1.18023,207.274,0.133795
265.5000,2.15974,206.653,0.124863
265.4000,0.975196,206.783,0.126723
265.3000,-1.46042,207.001,0.12987
265.2000,-0.272358,207.682,0.13965
265.1000,0.547141,206.651,0.124831
265.0000,0.934106,206.475,0.1223
264.9000,-2.57361,207.309,0.1343
264.8000,0.43599,207.122,0.131613
264.7000,-0.653175,208.337,0.149032
264.6000,0.310977,206.514,0.122856
264.5000,0.813366,206.678,0.125222
264.4000,0.213705,208.39,0.149794
264.3000,-1.02741,207.998,0.144182
264.2000,-1.55796,207.272,0.133762
264.1000,0.00765966,207.202,0.132753
264.0000,-1.74594,207.854,0.14212
263.9000,-0.0283803,207.66,0.139325
263.8000,-0.321956,207.032,0.13031
263.7000,-0.392993,207.962,0.143663
263.6000,-0.155498,207.605,0.138545
263.5000,0.535263,207.782,0.14108
263.4000,-0.149962,207.426,0.135976
263.3000,-0.823082,207.415,0.135813
263.2000,1.62437,205.651,0.110393
263.1000,-0.135736,207.001,0.12987
263.0000,1.73726,206.753,0.126299
262.9000,1.19988,207.38,0.135309
262.8000,1.80657,207.105,0.131369
262.7000,1.77765,208.189,0.146908
262.6000,1.33571,207.743,0.140528
262.5000,0.853139,207.328,0.13456
262.4000,0.908469,208.585,0.15258
262.3000,0.772601,207.476,0.136691
262.2000,1.25167,207.885,0.142558
262.1000,0.556708,208.726,0.154588
262.0000,0.446019,207.384,0.135374
261.9000,-0.389159,207.977,0.143873
261.8000,1.23415,207.85,0.142055
261.7000,1.00965,207.362,0.135048
261.6000,0.488987,207.777,0.141015
261.5000,-0.740036,207.606,0.138561
261.4000,1.60649,207.687,0.139715
261.3000,-0.996554,207.119,0.131564
261.2000,2.11248,208.146,0.146291
261.1000,-0.083094,208.563,0.152256
261.0000,2.42522,206.892,0.128305
260.9000,0.62234,206.967,0.129381
260.8000,1.06769,206.49,0.122513
260.7000,-0.0412842,207.39,0.135455
260.6000,1.21155,207.47,0.13661
260.5000,0.628927,208.098,0.14561
260.4000,-1.2524,208.075,0.145286
260.3000,0.692201,209.159,0.160765
260.2000,-0.00960272,207.028,0.130261
260.1000,0.437095,207.548,0.137732
260.0000,0.7007,208.265,0.147994
259.9000,1.49853,208.721,0.154523
259.8000,-0.318067,208.378,0.149615
259.7000,1.43978,208.467,0.150896
259.6000,-0.299243,208.525,0.151722
259.5000,1.4141,209.517,0.165867
259.4000,0.139451,207.75,0.140625
259.3000,2.36354,208.08,0.145351
259.2000,0.853282,208.72,0.154507
259.1000,1.98976,208.706,0.154313
259.0000,-0.220846,208.293,0.1484
258.9000,-1.17391,209.254,0.162122
258.8000,0.252556,208.688,0.154054
258.7000,1.28729,209.571,0.166642
258.6000,2.48455,207.601,0.13848
258.5000,0.475319,208.737,0.15475
258.4000,0.550019,208.841,0.156238
258.3000,1.15271,208.731,0.154669
258.2000,-0.920133,208.816,0.155882
258.1000,-0.0697312,208.364,0.149421
258.0000,0.749486,209.193,0.16125
257.9000,1.5782,208.81,0.155785
257.8000,-0.228699,209.08,0.15965
257.7000,1.38661,209.325,0.16314
257.6000,1.50203,210.372,0.178029
257.5000,-0.383067,208.12,0.145918
257.4000,0.538005,208.036,0.144718
257.3000,1.8545,209.939,0.171881
257.2000,-0.921874,209.101,0.159941
257.1000,0.113655,209.329,0.163188
257.0000,-0.370957,209.93,0.171752
256.9000,-0.400458,208.561,0.15224
256.8000,0.697957,207.771,0.140918
256.7000,1.86796,208.949,0.157775
256.6000,-0.0532933,208.897,0.157031
256.5000,0.166286,208.253,0.147832
256.4000,0.505883,211.209,0.189893
256.3000,2.22297,210.085,0.173958
256.2000,1.13134,209.305,0.162849
256.1000,0.149754,209.173,0.160975
256.0000,-0.194729,209.656,0.167852
255.9000,1.29356,209.675,0.168126
255.8000,2.11345,209.892,0.171204
255.7000,2.71449,210.207,0.17568
255.6000,1.28859,209.755,0.169254
255.5000,0.734273,209.249,0.162058
255.4000,0.91454,210.574,0.18089
255.3000,1.59363,209.57,0.166626
255.2000,0.619536,210.233,0.176051
255.1000,-1.75407,210.687,0.182497
255.0000,0.734547,210.738,0.183219
254.9000,0.829638,210.464,0.179331
254.8000,-0.0557912,209.069,0.159489
254.7000,-0.185221,208.401,0.14994
254.6000,-0.69328,209.738,0.169012
254.5000,-0.111403,211.675,0.196475
254.4000,-0.050472,210.696,0.182625
254.3000,0.0410556,210.556,0.180633
254.2000,0.385786,210.74,0.183251
254.1000,0.0738941,210.809,0.184231
254.0000,-1.0363,210.419,0.178688
253.9000,1.0239,210.494,0.179765
253.8000,0.632973,209.684,0.168255
253.7000,-1.80493,210.245,0.176228
253.6000,1.03484,211.439,0.193146
253.5000,0.32039,210.147,0.174827
253.4000,1.87233,210.549,0.180537
253.3000,0.502372,210.051,0.173475
253.2000,-0.230352,210.841,0.18468
253.1000,-0.0508141,210.159,0.175005
253.0000,1.40484,210.925,0.185868
252.9000,2.54375,210.647,0.181935
252.8000,-0.997642,211.101,0.188354
252.7000,1.07975,211.085,0.18813
252.6000,-0.877659,210.625,0.181613
252.5000,-0.714796,210.315,0.177225
252.4000,1.36916,211.169,0.189316
252.3000,1.17958,210.585,0.181051
252.2000,0.599771,211.043,0.187537
252.1000,-0.120052,211.378,0.192281
252.0000,0.631478,211.119,0.188611
251.9000,0.906276,211.24,0.190326
251.8000,-0.806712,210.982,0.18667
251.7000,-0.62878,210.638,0.181806
251.6000,0.5548,211.641,0.195995
251.5000,0.451746,210.522,0.180151
251.4000,-0.213429,211.624,0.195755
251.3000,1.76773,211.038,0.187472
251.2000,0.876028,210.789,0.183942
251.1000,-1.05176,211.456,0.193386
251.0000,1.75807,212.28,0.205009
250.9000,-0.400777,211.752,0.197563
250.8000,-0.330894,211.771,0.197835
250.7000,1.14607,211.228,0.19015
250.6000,-0.346291,211.86,0.199082
250.5000,0.812758,211.603,0.195451
250.4000,1.90468,212.633,0.209969
250.3000,-0.0588726,210.941,0.186093
250.2000,1.04109,211.419,0.192857
250.1000,-1.06744,211.703,0.196875
250.0000,1.37376,211.946,0.200297
249.9000,0.0206041,211.688,0.196651
249.8000,0.535069,211.368,0.192137
249.7000,-0.774904,211.783,0.197995
249.6000,1.24453,212.354,0.206046
249.5000,-0.0223603,211.938,0.200185
249.4000,0.286008,211.444,0.19321
249.3000,-0.362469,211.623,0.195739
249.2000,0.183581,211.792,0.198123
249.1000,-0.113355,212.451,0.207418
249.0000,-1.40706,212.447,0.207354
248.9000,0.208851,212.478,0.207801
248.8000,-1.50944,211.79,0.198091
248.7000,0.749714,212.08,0.202183
248.6000,0.13068,211.582,0.195163
248.5000,1.43075,211.97,0.200633
248.4000,0.466701,211.724,0.197163
248.3000,-1.40082,213.357,0.220141
248.2000,0.575985,212.566,0.209029
248.1000,0.31533,212.429,0.207099
248.0000,1.36324,212.252,0.20461
247.9000,1.04382,212.398,0.206668
247.8000,1.07846,211.55,0.194715
247.7000,0.0611658,212.129,0.202885
247.6000,-1.29643,212.388,0.206525
247.5000,-1.20576,212.872,0.213331
247.4000,-1.5698,212.282,0.205041
247.3000,-1.24802,212.885,0.213523
247.2000,-0.539509,211.03,0.18736
247.1000,0.656565,213.096,0.216483
247.0000,-0.217637,212.205,0.203955
246.9000,-0.600757,213.74,0.22551
246.8000,0.794381,213.787,0.226176
246.7000,-1.84501,213.002,0.215162
246.6000,-0.389148,212.65,0.210209
246.5000,-0.264229,213.792,0.22624
246.4000,-1.09385,212.855,0.213092
246.3000,0.888025,213.859,0.227176
246.2000,-1.37732,213.371,0.220348
246.1000,-0.045034,212.117,0.202709
246.0000,-0.544032,213.118,0.216786
245.9000,-0.778596,213.497,0.222112
245.8000,-1.53403,213.02,0.215417
245.7000,1.24996,212.953,0.214478
245.6000,-0.0403498,215.034,0.243591
245.5000,-1.45788,213.494,0.222064
245.4000,-0.458013,214.03,0.229571
245.3000,-1.95035,213.945,0.228382
245.2000,-1.21583,213.142,0.217135
245.1000,-1.0295,212.993,0.215035
245.0000,-0.09444,213.967,0.228699
244.9000,-1.35042,212.489,0.207945
244.8000,-3.19929,214.147,0.231219
244.7000,-0.234206,214.181,0.231695
244.6000,-0.604752,213.813,0.226541
244.5000,-1.23238,214.115,0.23076
244.4000,-1.3733,213.963,0.228635
244.3000,-0.95215,214.217,0.232186
244.2000,0.284211,214.084,0.230332
244.1000,-1.49303,214.737,0.239451
244.0000,-2.87838,215.196,0.245849
243.9000,-1.41903,213.542,0.222747
243.8000,-1.56925,214.868,0.241284
243.7000,-2.95855,214.415,0.234957
243.6000,-1.34669,213.404,0.220808
243.5000,-1.09511,215.285,0.247095
243.4000,-2.30354,213.724,0.225288
243.3000,-3.77542,214.175,0.231599
243.2000,-3.27453,214.101,0.230569
243.1000,-2.20724,214.622,0.237853
243.0000,-3.56931,215.763,0.253748
242.9000,0.221865,215.86,0.255086
242.8000,-1.6782,215.355,0.248073
242.7000,-1.98613,215.43,0.249114
242.6000,-2.14245,214.729,0.23934
242.5000,-2.46071,216.658,0.266168
242.4000,-3.39458,215.582,0.251227
242.3000,-4.20084,215.85,0.25496
242.2000,-4.23398,215.252,0.246638
242.1000,-3.37822,215.596,0.251416
242.0000,-1.74889,214.506,0.236224
241.9000,-2.61251,217.284,0.274822
241.8000,-4.53572,216.572,0.264975
241.7000,-3.33948,215.199,0.245896
241.6000,-4.77195,215.616,0.2517
241.5000,-1.16522,215.896,0.25559
241.4000,-4.47214,215.446,0.249335
241.3000,-5.69885,216.09,0.25828
241.2000,-2.48912,216.986,0.270702
241.1000,-3.87299,217.101,0.2723
241.0000,-5.27344,216.093,0.258328
240.9000,-2.59677,216.938,0.270043
240.8000,-4.85945,218.114,0.286282
240.7000,-4.73674,216.961,0.270357
240.6000,-3.24274,217.326,0.275402
240.5000,-2.35942,217.312,0.275213
240.4000,-4.54219,216.686,0.266545
240.3000,-4.18832,217.718,0.280814
240.2000,-5.91602,217.651,0.279892
240.1000,-4.60084,217.106,0.272363
240.0000,-5.41561,217.749,0.281252
239.9000,-5.77578,217.211,0.27382
239.8000,-6.71859,217.769,0.281518
239.7000,-7.20216,218.115,0.286297
239.6000,-7.14957,218.168,0.287015
239.5000,-6.40945,219.63,0.307108
239.4000,-6.48852,218.481,0.291336
239.3000,-8.00091,218.546,0.292224
239.2000,-5.81501,218.239,0.287998
239.1000,-8.50496,219.926,0.311156
239.0000,-7.30336,218.619,0.293221
238.9000,-5.84778,219.528,0.30571
238.8000,-8.41893,218.373,0.289839
238.7000,-7.19644,220.181,0.314643
238.6000,-7.53234,219.469,0.304903
238.5000,-7.22188,219.826,0.309792
238.4000,-9.61882,219.978,0.311869
238.3000,-7.5983,220.807,0.323183
238.2000,-8.01545,220.663,0.32122
238.1000,-8.58057,219.919,0.311063
238.0000,-6.9644,220.904,0.324511
237.9000,-9.2589,221.042,0.326395
237.8000,-10.1179,219.988,0.312009
237.7000,-9.00454,220.838,0.323615
237.6000,-9.42883,220.563,0.319859
237.5000,-10.2083,221.125,0.327522
237.4000,-11.5532,220.771,0.322704
237.3000,-11.0695,221.112,0.327352
237.2000,-9.8601,221.806,0.336786
237.1000,-11.225,221.873,0.337694
237.0000,-14.4095,221.77,0.336294
236.9000,-13.4069,221.635,0.334461
236.8000,-10.7957,222.17,0.341725
236.7000,-12.3988,221.909,0.338187
236.6000,-11.7602,223.055,0.353712
236.5000,-12.3395,222.625,0.3479
236.4000,-14.5434,224.057,0.367249
236.3000,-12.1202,222.753,0.349634
236.2000,-13.8833,223.219,0.355934
236.1000,-11.9476,223.083,0.354095
236.0000,-14.0416,223.272,0.356653
235.9000,-15.9508,223.443,0.358964
235.8000,-14.1109,224.035,0.366943
235.7000,-12.9683,224.048,0.367127
235.6000,-14.636,224.336,0.371003
235.5000,-11.418,224.547,0.373838
235.4000,-12.9162,223.66,0.361886
235.3000,-16.7083,224.617,0.374783
235.2000,-14.1747,225.264,0.383473
235.1000,-16.474,225.116,0.381481
235.0000,-17.0493,225.732,0.389744
234.9000,-15.7824,225.265,0.383488
234.8000,-16.6484,225.826,0.391004
234.7000,-17.8686,226.504,0.400063
234.6000,-15.2413,226.457,0.399443
234.5000,-18.1458,226.036,0.393809
234.4000,-19.1216,226.708,0.402786
234.3000,-18,227.406,0.412088
234.2000,-17.8761,227.328,0.411062
234.1000,-19.3457,227.023,0.406987
234.0000,-19.432,227.199,0.409342
233.9000,-18.6249,227.717,0.416233
233.8000,-20.9001,227.967,0.419561
233.7000,-22.6414,228.878,0.431642
233.6000,-21.8761,229.307,0.437308
233.5000,-19.4091,228.713,0.429451
233.4000,-22.2852,228.077,0.42102
233.3000,-21.5548,229.37,0.438147
233.2000,-21.1486,229.536,0.440332
233.1000,-22.407,229.95,0.445806
233.0000,-20.5666,229.463,0.439374
232.9000,-22.4115,228.818,0.430847
232.8000,-23.3885,231.787,0.46995
232.7000,-23.8689,229.336,0.437698
232.6000,-23.5928,231.551,0.466861
232.5000,-26.3139,233.246,0.489022
232.4000,-22.2735,231.403,0.464914
232.3000,-24.9867,231.685,0.468614
232.2000,-26.7759,232.321,0.476936
232.1000,-25.1842,233.057,0.486555
232.0000,-26.2312,232.5,0.479276
231.9000,-26.7579,232.894,0.484426
231.8000,-27.9051,232.888,0.484352
231.7000,-26.8207,233.543,0.492889
231.6000,-28.0019,234.156,0.500862
231.5000,-26.309,234.241,0.501966
231.4000,-28.7167,234.684,0.507716
231.3000,-28.6772,235.305,0.51576
231.2000,-29.159,234.83,0.509611
231.1000,-28.8166,235.436,0.517446
231.0000,-31.7554,235.935,0.523903
230.9000,-26.9965,236.17,0.52693
230.8000,-30.8434,235.369,0.516581
230.7000,-30.4701,236.298,0.528582
230.6000,-28.6658,236.336,0.529078
230.5000,-30.846,236.093,0.525936
230.4000,-29.8884,235.998,0.524708
230.3000,-28.3047,235.876,0.523142
230.2000,-32.7673,237.665,0.546176
230.1000,-32.4741,237.57,0.544954
230.0000,-30.74,237.472,0.543688
229.9000,-32.5192,238.656,0.558863
229.8000,-33.3891,237.88,0.548923
229.7000,-31.9608,238.039,0.550971
229.6000,-32.2033,238.528,0.557225
229.5000,-32.152,240.627,0.583994
229.4000,-32.9617,240.608,0.583749
229.3000,-35.7738,239.509,0.569759
229.2000,-34.8177,240.435,0.581546
229.1000,-36.4942,240.935,0.587906
229.0000,-32.9819,241.492,0.594959
228.9000,-34.102,241.45,0.594429
228.8000,-37.7582,242.541,0.608225
228.7000,-36.9468,242.561,0.608482
228.6000,-37.2993,242.764,0.611041
228.5000,-35.0034,243.574,0.621243
228.4000,-39.6171,244.458,0.632341
228.3000,-38.6635,244.168,0.628702
228.2000,-37.2887,244.515,0.633051
228.1000,-37.785,246.312,0.655511
228.0000,-38.1058,246.546,0.658432
227.9000,-38.06,246.851,0.662225
227.8000,-39.7729,247.185,0.66638
227.7000,-42.4815,247.255,0.667238
227.6000,-40.6928,248.022,0.676754
227.5000,-39.5262,249.225,0.691632
227.4000,-38.2753,249.293,0.692471
227.3000,-42.8853,249.691,0.697374
227.2000,-41.9957,249.838,0.699188
227.1000,-45.43,249.89,0.69983
227.0000,-39.9583,251.573,0.72049
226.9000,-41.1506,251.532,0.71999
226.8000,-40.1988,253.492,0.743917
226.7000,-41.943,253.435,0.743227
226.6000,-38.623,252.429,0.730963
226.5000,-42.9786,254,0.750088
226.4000,-44.0039,254.854,0.760451
226.3000,-40.7271,254.992,0.762125
226.2000,-42.9434,255.693,0.770594
226.1000,-41.3132,256.022,0.774575
226.0000,-44.4937,256.57,0.781174
225.9000,-44.1465,256.414,0.779303
225.8000,-42.6043,256.541,0.780832
225.7000,-41.7639,259.494,0.816236
225.6000,-41.7618,259.801,0.819899
225.5000,-45.2707,260.24,0.825123
225.4000,-42.8127,260.481,0.827995
225.3000,-43.557,260.898,0.832952
225.2000,-45.6816,261.821,0.843907
225.1000,-44.3177,262.663,0.853866
225.0000,-45.9242,263.938,0.868895
224.9000,-44.2987,264.643,0.877178
224.8000,-49.03,266.955,0.904231
224.7000,-46.1066,266.925,0.903875
224.6000,-50.1218,266.755,0.901893
224.5000,-49.1346,268.05,0.916968
224.4000,-43.2954,268.719,0.924739
224.3000,-44.6922,269.294,0.931392
224.2000,-45.2603,270.25,0.942442
224.1000,-49.702,271.032,0.951452
224.0000,-45.2529,272.737,0.971029
223.9000,-50.6481,274.347,0.989421
223.8000,-46.6204,273.371,0.978275
223.7000,-47.398,274.881,0.995497
223.6000,-49.1282,276.129,1.00966
223.5000,-43.1775,277.615,1.02647
223.4000,-47.7633,278.193,1.03299
223.3000,-46.7506,278.694,1.03862
223.2000,-49.8308,280.689,1.061
223.1000,-51.2226,281.377,1.06868
223.0000,-48.4339,283.486,1.09213
222.9000,-50.8848,284.004,1.09788
222.8000,-50.8509,285.404,1.11335
222.7000,-48.0192,288.376,1.14598
222.6000,-45.4914,288.527,1.14762
222.5000,-51.7843,290.481,1.16892
222.4000,-46.8987,290.389,1.16792
222.3000,-48.729,291.74,1.18257
222.2000,-43.2646,292.429,1.19003
222.1000,-42.9321,294.142,1.20849
222.0000,-49.7219,295.462,1.22266
221.9000,-51.2907,297.268,1.24196
221.8000,-46.3019,298.232,1.25222
221.7000,-51.4386,299.751,1.26833
221.6000,-52.5119,301.092,1.2825
221.5000,-43.5257,302.285,1.29507
221.4000,-42.4162,304.8,1.3214
221.3000,-46.7097,305.825,1.33209
221.2000,-51.4107,307.931,1.35396
221.1000,-51.0968,307.25,1.3469
221.0000,-46.3226,311.011,1.3857
220.9000,-52.2927,313.55,1.41167
220.8000,-46.8524,314.678,1.42315
220.7000,-44.9843,315.546,1.43196
220.6000,-43.189,318.181,1.4586
220.5000,-52.1968,321.55,1.49238
220.4000,-43.285,322.292,1.49978
220.3000,-41.4033,324.424,1.52097
220.2000,-43.3659,328.038,1.55661
220.1000,-39.628,328.72,1.5633
220.0000,-45.0346,329.442,1.57037
219.9000,-49.1431,332.292,1.59815
219.8000,-49.7586,335.309,1.62734
219.7000,-50.6753,336.814,1.64183
219.6000,-41.8979,338.614,1.65907
219.5000,-40.6676,340.456,1.67664
219.4000,-46.1254,343.326,1.70386
219.3000,-49.7877,344.715,1.71697
219.2000,-45.7474,348.027,1.74804
219.1000,-46.3021,350.45,1.77061
219.0000,-45.6665,353.175,1.79584
218.9000,-34.2603,354.587,1.80885
218.8000,-46.6815,357.418,1.83481
218.7000,-40.5905,360.145,1.85965
218.6000,-42.2506,362.038,1.87679
218.5000,-37.5856,364.911,1.90268
218.4000,-43.8038,367.428,1.92522
218.3000,-47.1438,369.843,1.94673
218.2000,-45.7765,372.914,1.9739
218.1000,-43.2105,376.02,2.00119
218.0000,-34.7272,379.835,2.03446
217.9000,-39.7386,382.708,2.05933
217.8000,-33.6402,386.935,2.09563
217.7000,-39.1479,389.066,2.11381
217.6000,-34.21,393.634,2.15249
217.5000,-35.2579,396.538,2.17689
217.4000,-35.6969,398.841,2.19612
217.3000,-27.0118,404.339,2.24168
217.2000,-44.9391,407.669,2.26902
217.1000,-37.1351,411.614,2.30117
217.0000,-36.4357,413.774,2.31866
216.9000,-26.6339,418.506,2.35672
216.8000,-28.7007,422.395,2.38772
216.7000,-34.0252,426.696,2.42173
216.6000,-35.557,431.037,2.45576
216.5000,-27.7005,434.363,2.48164
216.4000,-27.9583,436.56,2.49864
216.3000,-22.6706,440.867,2.53178
216.2000,-29.4958,443.858,2.55462
216.1000,-24.3536,447.658,2.58346
216.0000,-18.4304,451.79,2.61458
215.9000,-31.2322,455.531,2.64255
215.8000,-35.3624,459.35,2.67091
215.7000,-39.0209,461.811,2.68908
215.6000,-20.3421,466.561,2.72391
215.5000,-27.4293,470.681,2.75388
215.4000,-17.966,474.03,2.77809
215.3000,-5.9572,478.912,2.81311
215.2000,-16.331,483.526,2.84593
215.1000,-12.0199,487.965,2.87726
215.0000,-9.17415,491.649,2.90308
214.9000,-22.6083,494.729,2.92454
214.8000,-28.368,499.322,2.95633
214.7000,-14.933,503.88,2.98763
214.6000,-14.9153,507.594,3.01297
214.5000,-17.5646,512.156,3.04387
214.4000,-10.8581,518.112,3.08387
214.3000,-16,521.558,3.10683
214.2000,-17.6568,526.417,3.139
214.1000,-9.58262,529.737,3.16083
214.0000,-18.3256,534.538,3.19219
213.9000,-13.2433,540.99,3.23397
213.8000,-6.08763,545.137,3.2606
213.7000,-10.385,549.989,3.29153
213.6000,-7.51297,553.583,3.3143
213.5000,-18.6116,557.64,3.33986
213.4000,-11.6393,563.328,3.37542
213.3000,-21.972,565.925,3.39155
213.2000,-17.0314,572.052,3.42936
213.1000,-15.3554,576.434,3.45621
213.0000,-12.6983,581.815,3.48892
212.9000,-0.228681,583.884,3.50143
212.8000,-14.1508,588.793,3.53097
212.7000,-12.0543,592.618,3.55384
212.6000,-13.4577,596.75,3.5784
212.5000,-6.10444,601.722,3.60777
212.4000,-3.08673,606.162,3.63381
212.3000,-0.997474,613.005,3.67365
212.2000,-8.93026,617.312,3.69853
212.1000,-8.3365,623.725,3.7353
212.0000,-1.28471,628.715,3.76368
211.9000,9.24192,633.089,3.78841
211.8000,-10.8685,639.073,3.822
211.7000,-10.651,644.882,3.85436
211.6000,-19.8264,647.489,3.8688
211.5000,0.486084,651.518,3.89102
211.4000,-7.52644,656.851,3.92024
211.3000,-17.1701,661.782,3.94709
211.2000,1.0489,665.282,3.96605
211.1000,-8.13536,669.351,3.98797
211.0000,-8.32992,673.416,4.00977
210.9000,-15.3101,678.412,4.0364
210.8000,-10.4877,682.062,4.05575
210.7000,5.6626,687.335,4.08355
210.6000,-21.6941,690.252,4.09885
210.5000,-14.1203,692.902,4.1127
210.4000,-7.59706,698.206,4.14029
210.3000,1.59149,702.723,4.16365
210.2000,-14.1896,708.461,4.19313
210.1000,-10.0357,711.897,4.21069
210.0000,0.890243,715.156,4.22728
209.9000,-17.6605,720.165,4.25265
209.8000,-5.23929,724.685,4.27541
209.7000,8.32317,726.318,4.2836
209.6000,-4.62969,732.334,4.31366
209.5000,-14.0522,736.844,4.33604
209.4000,-12.068,739.933,4.35131
209.3000,-8.77126,743.275,4.36777
209.2000,-8.74402,747.809,4.39
209.1000,0.586084,751.805,4.40949
209.0000,-3.23492,754.601,4.42308
208.9000,5.64239,756.577,4.43266
208.8000,7.30518,759.424,4.44641
208.7000,-1.11169,761.285,4.45539
208.6000,-3.7122,764.317,4.46996
208.5000,-7.36314,766.593,4.48087
208.4000,-9.23373,769.252,4.49358
208.3000,-6.7292,770.763,4.50078
208.2000,-10.294,774.133,4.51681
208.1000,-11.5497,776.839,4.52964
208.0000,2.28239,779.753,4.54341
207.9000,6.67545,782.553,4.55659
207.8000,-2.5103,784.684,4.56661
207.7000,-6.75439,787.492,4.57976
207.6000,6.8035,789.878,4.59091
207.5000,-5.13597,792.293,4.60216
207.4000,-4.43115,792.752,4.60429
207.3000,7.97831,794.95,4.6145
207.2000,-7.30213,795.646,4.61773
207.1000,-2.58601,797.531,4.62647
207.0000,9.69261,798.005,4.62866
206.9000,-5.3743,798.793,4.6323
206.8000,5.22279,799.966,4.63772
206.7000,13.6379,801.139,4.64313
206.6000,-4.02004,803.008,4.65174
206.5000,0.391217,803.782,4.65529
206.4000,-1.24996,806.035,4.66564
206.3000,11.8754,807.321,4.67153
206.2000,3.07605,807.013,4.67012
206.1000,-2.86964,808.184,4.67548
206.0000,-11.0234,808.109,4.67514
205.9000,-14.5686,809.271,4.68045
205.8000,-2.99365,809.651,4.68219
205.7000,-5.3128,810.377,4.6855
205.6000,-19.8217,810.227,4.68482
205.5000,1.71784,810.466,4.68591
205.4000,6.73045,811.875,4.69233
205.3000,-2.85941,811.279,4.68961
205.2000,-13.0246,812.642,4.69583
205.1000,-11.1499,812.557,4.69544
205.0000,10.1741,812.671,4.69596
204.9000,7.45902,812.399,4.69472
204.8000,13.4159,813.341,4.69901
204.7000,-16.716,813.575,4.70007
204.6000,-3.24154,812.898,4.69699
204.5000,-4.38669,815.431,4.70851
204.4000,3.32333,815.826,4.7103
204.3000,-4.12623,815.198,4.70745
204.2000,-2.88047,813.466,4.69958
204.1000,-1.80186,815.049,4.70678
204.0000,-0.588112,815.012,4.70661
203.9000,11.1139,815.968,4.71095
203.8000,-3.19407,816.408,4.71294
203.7000,-15.1526,817.175,4.71642
203.6000,-4.02315,817.755,4.71905
203.5000,12.1778,817.423,4.71754
203.4000,12.6589,816.76,4.71454
203.3000,-1.61894,816.931,4.71532
203.2000,14.0091,817.596,4.71833
203.1000,2.9367,817.778,4.71915
203.0000,11.4509,818.818,4.72386
202.9000,0.550944,819.132,4.72528
202.8000,12.6367,820.578,4.73181
202.7000,-2.69756,820.864,4.73311
202.6000,-9.30827,821.463,4.73581
202.5000,-1.568,822.665,4.74123
202.4000,9.74306,821.893,4.73775
202.3000,1.38512,823.015,4.7428
202.2000,1.15709,825.262,4.75291
202.1000,6.48102,826.206,4.75715
202.0000,9.13733,827.545,4.76316
201.9000,-3.74642,829.203,4.77059
201.8000,9.06962,830.986,4.77856
201.7000,-3.82454,832.527,4.78544
201.6000,18.3699,834.368,4.79364
201.5000,-1.89109,835.178,4.79725
201.4000,3.3176,837.171,4.8061
201.3000,9.95499,838.945,4.81397
201.2000,-4.04208,842.083,4.82785
201.1000,2.01206,844.49,4.83847
201.0000,10.8691,846.268,4.84629
200.9000,3.84444,847.898,4.85346
200.8000,3.58743,850.459,4.86469
200.7000,12.5009,852.544,4.87381
200.6000,2.42394,855.48,4.88662
200.5000,-7.93691,858.565,4.90004
200.4000,-0.271333,863.354,4.9208
200.3000,-1.51119,866.375,4.93383
200.2000,-1.35109,869.369,4.94672
200.1000,-1.44034,873.471,4.96431
200.0000,-7.74947,877.112,4.97987
199.9000,4.18359,882.577,5.00311
199.8000,11.5657,887.049,5.02204
199.7000,10.577,890.81,5.0379
199.6000,10.1395,895.862,5.05911
199.5000,0.558765,900.075,5.07672
199.4000,3.56238,903.382,5.09049
199.3000,0.96812,907.444,5.10735
199.2000,9.30398,911.561,5.12437
199.1000,-4.2196,917.759,5.14986
199.0000,-2.5465,922.649,5.16988
198.9000,0.851156,927.327,5.18894
198.8000,2.46923,936.88,5.22761
198.7000,5.72722,942.049,5.24839
198.6000,7.51104,948.021,5.27228
198.5000,-3.34007,956.463,5.30583
198.4000,5.41539,962.92,5.33132
198.3000,-1.17671,968.05,5.35146
198.2000,-13.8251,973.212,5.37164
198.1000,11.6275,980.119,5.3985
198.0000,-6.05811,986.033,5.42136
197.9000,-1.89418,995.412,5.45739
197.8000,-7.70796,999.742,5.47392
197.7000,5.01996,1006.09,5.49803
197.6000,4.76835,1012.81,5.52344
197.5000,-9.65609,1019.3,5.54783
197.4000,2.67696,1022.65,5.56038
197.3000,7.11214,1030.49,5.58955
197.2000,-1.62154,1037.31,5.61484
197.1000,5.16673,1042.78,5.63498
197.0000,1.75183,1048.04,5.65424
196.9000,-2.64401,1053.62,5.67462
196.8000,-5.99219,1060.21,5.69858
196.7000,11.9029,1064.74,5.71496
196.6000,0.339561,1068.85,5.72974
196.5000,-7.393,1071.23,5.73832
196.4000,-5.63619,1072.54,5.743
196.3000,-1.35235,1075,5.75182
196.2000,7.73216,1075.71,5.75439
196.1000,-2.56908,1074.82,5.75119
196.0000,-1.27494,1075.08,5.7521
195.9000,5.06183,1076.22,5.7562
195.8000,4.97946,1076.23,5.75624
195.7000,-11.0914,1077.06,5.7592
195.6000,-12.2736,1075.45,5.75343
195.5000,0.172822,1076.38,5.75676
195.4000,-1.91103,1076.8,5.75828
195.3000,6.19468,1076.42,5.7569
195.2000,-3.32628,1076.47,5.75709
195.1000,4.28546,1075.98,5.75533
195.0000,21.3837,1075.7,5.75432
194.9000,18.7712,1076.85,5.75846
194.8000,5.75074,1076.66,5.75776
194.7000,6.37328,1075.94,5.7552
194.6000,4.88737,1076.91,5.75865
194.5000,4.15561,1075.75,5.75453
194.4000,-7.01982,1075.9,5.75504
194.3000,-7.34542,1076.87,5.75852
194.2000,9.22968,1077.04,5.75911
194.1000,-11.7145,1075.33,5.753
194.0000,-11.0908,1076.71,5.75793
193.9000,-4.97826,1076.99,5.75896
193.8000,-15.8505,1076.96,5.75885
193.7000,-9.36723,1076.6,5.75754
193.6000,-9.30215,1076.29,5.75644
193.5000,-10.7245,1076.72,5.758
193.4000,1.77455,1077.35,5.76025
193.3000,1.73835,1077.53,5.76089
193.2000,-0.435797,1075.74,5.75449
193.1000,-17.2087,1076.07,5.75567
193.0000,-3.80071,1076.7,5.75792
192.9000,-18.5203,1077.3,5.76005
192.8000,-10.3505,1076.17,5.75602
192.7000,2.76882,1076.22,5.7562
192.6000,2.1126,1076.69,5.75786
192.5000,5.78237,1077.24,5.75983
192.4000,1.43817,1076.73,5.75801
192.3000,7.04301,1076.71,5.75793
192.2000,-14.7691,1076.95,5.75879
192.1000,-1.26424,1077.89,5.76215
192.0000,-2.96361,1077.12,5.75943
191.9000,-0.373004,1077.18,5.75963
191.8000,-10.922,1076.25,5.75629
191.7000,1.87904,1076.54,5.75734
191.6000,-1.24207,1077.16,5.75954
191.5000,12.3993,1077.63,5.76122
191.4000,1.89827,1077.24,5.75983
191.3000,13.7065,1076.43,5.75695
191.2000,6.4144,1076.43,5.75694
191.1000,22.2836,1077.01,5.75902
191.0000,-10.7232,1075.64,5.75411
190.9000,9.21428,1076.91,5.75867
190.8000,-8.5732,1076.84,5.75841
190.7000,4.79781,1077.05,5.75917
190.6000,12.8899,1077.2,5.75969
190.5000,-15.0938,1076.91,5.75867
190.4000,-11.5357,1077.1,5.75935
190.3000,-0.56909,1076.99,5.75896
190.2000,-1.20944,1077.17,5.75959
190.1000,3.90775,1076.83,5.75838
190.0000,-6.34199,1077.6,5.76113

##### Extended Information
[Comments]
Sample name,Sample_JH_CW
Comment
User,ScharfMinor
Division
Company,Saint Mary's College

[Detailed Information]
Creation date,9/27/2022 3:50 PM

Data array type,Linear data array * 3
Horizontal axis,Wavelength [nm]
Vertical axis(1),CD [mdeg]
Vertical axis(2),HT [V]
Vertical axis(3),Abs
Start,320 nm
End,190 nm
Data interval,0.1 nm
Data points,1301    

[Measurement Information]
Instrument name,J-1500
Model name,J-1500
Serial No.,B051061638

Detector,PM-539
Detector S/N,B051061638
  Lock-in amp.,X mode
  HT volt,Auto

Accessory,PTC-517
Accessory S/N,B026561646
  Temperature,22.11 C
  Control sensor,Holder
  Monitor sensor,Holder

Measurement date,9/27/2022 3:49 PM

CD Overload detect,960
Photometric mode,CD, HT, Abs
Measure range,320 - 190 nm
Data pitch,0.1 nm
CD scale,20 mdeg/0.05 dOD
FL scale,20 mdeg/0.05 dOD
D.I.T.,8 msec
Bandwidth,2.00 nm
Start mode,Immediately
Scanning mode,Continuous
Scanning speed,100 nm/min
Baseline correction,None
Shutter control,Auto
No. of cycle,1/1
N2 Flowmeter,Manual

Solvent,NaPO4 buffer

