TITLE,SL + BM Additive and Protein
DATA TYPE,
ORIGIN,JASCO
OWNER,
DATE,22/09/29
TIME,13:30:30
SPECTROMETER/DATA SYSTEM,
LOCALE,1033
RESOLUTION,
DELTAX,-0.1
XUNITS,NANOMETERS
YUNITS,CD [mdeg]
Y2UNITS,HT [V]
Y3UNITS,ABSORBANCE
FIRSTX,  320.0000
LASTX,  190.0000
NPOINTS,    1301
FIRSTY,     2.44002
MAXY,    52.54485
MINY,   -69.59888
XYDATA
320.0000,2.44002,208.822,0.155963
319.9000,2.26478,208.863,0.156546
319.8000,1.63062,209.168,0.160895
319.7000,2.33589,208.361,0.149372
319.6000,2.05975,209.247,0.162025
319.5000,2.64328,209.089,0.15978
319.4000,1.04061,209.356,0.163576
319.3000,2.6618,208.832,0.156109
319.2000,3.01427,209.099,0.159909
319.1000,0.620077,208.821,0.155947
319.0000,1.80817,209.344,0.163414
318.9000,1.46485,209.234,0.161848
318.8000,2.57581,208.27,0.148075
318.7000,1.82405,208.833,0.156125
318.6000,0.554833,208.784,0.155413
318.5000,1.16301,208.398,0.149907
318.4000,3.30429,207.891,0.14264
318.3000,2.53945,208.585,0.15258
318.2000,3.06853,208.234,0.147557
318.1000,2.32596,208.669,0.153779
318.0000,2.95615,208.985,0.158292
317.9000,1.1254,208.79,0.15551
317.8000,1.68228,208.929,0.157484
317.7000,1.96569,209.046,0.159165
317.6000,2.38198,209.151,0.160652
317.5000,1.36658,208.88,0.156788
317.4000,1.20261,208.224,0.147411
317.3000,1.96658,209.261,0.162219
317.2000,2.47138,208.522,0.151673
317.1000,1.89682,208.957,0.157888
317.0000,2.08407,208.711,0.154377
316.9000,2.02463,208.165,0.146567
316.8000,1.821,208.344,0.149129
316.7000,1.81399,208.711,0.154377
316.6000,0.261216,208.787,0.155462
316.5000,1.45278,208.875,0.156724
316.4000,1.79244,208.389,0.149778
316.3000,2.98282,208.285,0.148286
316.2000,2.87687,208.577,0.152467
316.1000,1.40655,208.518,0.151625
316.0000,1.7992,207.578,0.138155
315.9000,0.717918,208.967,0.158034
315.8000,1.48816,208.61,0.152936
315.7000,1.92647,208.463,0.150831
315.6000,2.94406,208.174,0.146697
315.5000,2.72119,208.572,0.152386
315.4000,1.88208,208.575,0.152434
315.3000,1.10733,208.814,0.15585
315.2000,2.8556,208.703,0.154264
315.1000,0.28542,207.272,0.133762
315.0000,1.63162,207.601,0.13848
314.9000,0.970746,208.575,0.152434
314.8000,2.38734,208.01,0.144344
314.7000,2.76552,207.852,0.142087
314.6000,2.86275,209.1,0.159925
314.5000,2.94832,207.933,0.14324
314.4000,2.25398,208.321,0.148805
314.3000,0.359287,208.263,0.147978
314.2000,1.49662,208.79,0.15551
314.1000,1.22441,208.197,0.147021
314.0000,3.21559,208.098,0.14561
313.9000,2.20689,207.982,0.143955
313.8000,1.44866,207.726,0.140284
313.7000,-0.250946,208.634,0.153276
313.6000,2.0226,208.131,0.146081
313.5000,2.60888,208.047,0.14488
313.4000,1.53232,207.87,0.142347
313.3000,1.34594,207.741,0.140495
313.2000,2.30312,208.74,0.154798
313.1000,1.87084,207.501,0.137049
313.0000,0.448031,207.692,0.139797
312.9000,2.01569,208.21,0.147216
312.8000,1.51522,207.944,0.143403
312.7000,0.642033,207.057,0.130668
312.6000,2.0893,208.5,0.151366
312.5000,1.36685,208.021,0.144506
312.4000,0.796354,207.978,0.14389
312.3000,2.70311,207.853,0.142104
312.2000,0.744375,207.911,0.142932
312.1000,2.54328,207.887,0.142591
312.0000,0.263082,208.111,0.145789
311.9000,2.38384,208.304,0.148562
311.8000,1.75953,208.243,0.147686
311.7000,1.91085,208.356,0.149307
311.6000,3.13545,207.678,0.139586
311.5000,1.22913,208.459,0.150782
311.4000,0.582292,208.198,0.147037
311.3000,1.41274,207.366,0.135113
311.2000,0.450328,207.985,0.143987
311.1000,2.67946,208.203,0.147119
311.0000,-0.604681,207.87,0.142347
310.9000,1.65381,208.393,0.149826
310.8000,2.12533,207.678,0.139586
310.7000,3.56296,207.976,0.143857
310.6000,0.983892,207.716,0.140138
310.5000,1.41066,207.279,0.13386
310.4000,0.222976,207.41,0.135748
310.3000,0.780452,208.893,0.156982
310.2000,1.62938,207.903,0.142818
310.1000,2.22594,208.776,0.1553
310.0000,1.32433,208.449,0.150636
309.9000,1.02159,208.057,0.145026
309.8000,3.05976,207.533,0.137505
309.7000,2.58277,208.27,0.148075
309.6000,-0.552392,207.138,0.131841
309.5000,1.70236,207.562,0.137927
309.4000,0.0665034,207.32,0.134446
309.3000,1.75016,207.916,0.142997
309.2000,1.86968,207.869,0.142331
309.1000,2.96359,207.816,0.141568
309.0000,-0.260219,209.472,0.165238
308.9000,0.477761,208.227,0.147459
308.8000,1.85972,208.348,0.149194
308.7000,1.1007,208.701,0.154232
308.6000,2.25587,208.504,0.151414
308.5000,0.394999,208.304,0.148562
308.4000,0.799346,207.895,0.142705
308.3000,1.56761,207.496,0.136984
308.2000,2.80227,207.768,0.140886
308.1000,-0.0513374,207.873,0.14238
308.0000,2.87749,207.808,0.141454
307.9000,1.07129,207.267,0.133697
307.8000,1.63505,207.924,0.14311
307.7000,2.68908,208.024,0.144555
307.6000,1.00119,207.876,0.142429
307.5000,1.17111,207.978,0.14389
307.4000,2.00345,208.012,0.144377
307.3000,1.66329,208.415,0.15015
307.2000,1.337,207.892,0.142656
307.1000,1.37357,207.901,0.142786
307.0000,1.97044,208.392,0.14981
306.9000,1.56258,208.181,0.146794
306.8000,0.745764,208.554,0.152127
306.7000,1.56661,207.592,0.13835
306.6000,1.38816,208.073,0.145253
306.5000,-1.10581,208.573,0.152402
306.4000,2.87272,207.811,0.141503
306.3000,1.52533,208.291,0.148367
306.2000,3.01134,208.047,0.14488
306.1000,0.920077,208.242,0.14767
306.0000,-0.0634257,208.313,0.148692
305.9000,1.67774,208.133,0.146113
305.8000,-0.0989649,208.592,0.152677
305.7000,1.46465,208.35,0.14921
305.6000,1.91382,207.61,0.13861
305.5000,1.51208,207.773,0.14095
305.4000,1.96469,207.942,0.14337
305.3000,3.15865,208.03,0.144636
305.2000,1.43147,208.157,0.146454
305.1000,1.85277,207.928,0.143175
305.0000,1.90223,207.542,0.137635
304.9000,1.55033,207.763,0.140804
304.8000,0.0417346,208.637,0.153325
304.7000,1.77373,208.527,0.151754
304.6000,1.30105,207.29,0.134023
304.5000,2.49271,207.82,0.141633
304.4000,0.879277,207.392,0.135487
304.3000,2.88439,208.234,0.147557
304.2000,3.14816,207.516,0.137261
304.1000,0.84166,207.879,0.142477
304.0000,0.971358,207.803,0.141389
303.9000,3.4106,208.74,0.154798
303.8000,2.23955,208.305,0.148578
303.7000,1.00515,207.21,0.132867
303.6000,2.61055,207.868,0.142315
303.5000,2.94618,207.337,0.13469
303.4000,1.54483,207.45,0.136317
303.3000,1.4275,207.508,0.137147
303.2000,-0.00264061,208.429,0.150345
303.1000,3.09951,207.176,0.132378
303.0000,1.4341,207.927,0.143159
302.9000,2.61301,208.591,0.152661
302.8000,1.83566,208.26,0.147929
302.7000,0.558381,207.643,0.139081
302.6000,2.95915,207.998,0.144182
302.5000,0.510087,207.98,0.143922
302.4000,1.34521,207.024,0.130196
302.3000,2.62647,207.628,0.13887
302.2000,1.24664,208.208,0.147183
302.1000,2.36568,207.815,0.141551
302.0000,-0.133405,207.069,0.130847
301.9000,1.10905,207.023,0.130179
301.8000,0.985215,207.883,0.142526
301.7000,2.3158,207.622,0.138789
301.6000,0.319945,207.454,0.136382
301.5000,1.87613,207.423,0.135927
301.4000,3.40641,207.975,0.143841
301.3000,0.446922,207.474,0.136659
301.2000,2.39634,206.794,0.126886
301.1000,1.77704,207.686,0.139699
301.0000,1.40679,207.802,0.141373
300.9000,1.86093,207.931,0.143224
300.8000,2.2806,207.28,0.133876
300.7000,2.61856,206.806,0.127066
300.6000,1.90389,207.831,0.141779
300.5000,1.22149,207.887,0.142591
300.4000,0.538766,207.585,0.138252
300.3000,1.72858,207.891,0.14264
300.2000,3.13354,206.818,0.127229
300.1000,1.13024,208.305,0.148578
300.0000,1.87002,207.873,0.14238
299.9000,0.0820671,207.227,0.133111
299.8000,2.77158,207.349,0.134869
299.7000,1.84859,207.893,0.142672
299.6000,1.58109,206.933,0.128892
299.5000,1.57369,206.78,0.126691
299.4000,1.20092,207.473,0.136642
299.3000,1.53579,206.998,0.129821
299.2000,1.43776,207.308,0.134283
299.1000,1.22938,208.118,0.145902
299.0000,2.64034,206.558,0.123492
298.9000,1.54286,206.858,0.127816
298.8000,1.31354,207.324,0.134511
298.7000,2.10823,207.155,0.132085
298.6000,2.3127,207.232,0.133193
298.5000,0.977574,207.245,0.133372
298.4000,2.98319,207.663,0.139374
298.3000,1.18862,206.746,0.126201
298.2000,2.32271,207.783,0.141097
298.1000,2.26653,207.252,0.133469
298.0000,2.05178,206.801,0.126984
297.9000,1.91982,206.61,0.124243
297.8000,0.252638,207.657,0.139293
297.7000,1.9636,207.797,0.141292
297.6000,1.18108,207.139,0.131857
297.5000,0.891235,207.723,0.140236
297.4000,0.950902,207.031,0.130293
297.3000,0.39927,207.563,0.137943
297.2000,2.14789,207.673,0.13952
297.1000,2.0174,207.271,0.133746
297.0000,1.15926,207.682,0.13965
296.9000,0.603233,207.433,0.136073
296.8000,1.49744,207.279,0.13386
296.7000,1.34074,207.206,0.132818
296.6000,0.38557,206.56,0.123525
296.5000,1.74086,207.771,0.140918
296.4000,2.1267,207.873,0.14238
296.3000,2.12624,207.861,0.142217
296.2000,1.90802,207.918,0.143029
296.1000,-0.196437,206.526,0.123035
296.0000,1.96728,206.618,0.124358
295.9000,-1.07063,208.177,0.146746
295.8000,1.93105,209.484,0.165399
295.7000,2.02651,207.469,0.136594
295.6000,3.54983,206.787,0.126788
295.5000,1.80544,206.788,0.126805
295.4000,-0.372968,208.516,0.151592
295.3000,2.14923,207.373,0.135211
295.2000,4.01198,208.265,0.147994
295.1000,1.36696,206.88,0.128126
295.0000,2.35907,206.939,0.128973
294.9000,1.12099,207.156,0.132102
294.8000,2.01074,207.914,0.14298
294.7000,2.33971,205.64,0.110245
294.6000,3.62914,206.656,0.124896
294.5000,0.795964,208.004,0.144263
294.4000,1.82283,206.962,0.129299
294.3000,1.37386,207.865,0.142266
294.2000,1.85476,208.107,0.14574
294.1000,2.14797,207.701,0.139927
294.0000,1.1878,206.588,0.123917
293.9000,1.355,207.173,0.132346
293.8000,0.384032,208.125,0.146
293.7000,0.457499,207.914,0.14298
293.6000,3.53481,206.61,0.124243
293.5000,0.550264,206.606,0.124178
293.4000,-0.387345,206.946,0.129071
293.3000,0.662768,207.025,0.130212
293.2000,1.21937,207.366,0.135113
293.1000,1.58265,208.075,0.145286
293.0000,0.973647,207.941,0.143354
292.9000,0.0911508,207.05,0.13057
292.8000,2.65943,206.997,0.129804
292.7000,1.19757,207.394,0.13552
292.6000,1.94702,206.971,0.12943
292.5000,0.752456,207.572,0.138074
292.4000,0.562863,207.111,0.13145
292.3000,2.71447,207.687,0.139715
292.2000,0.680784,206.412,0.121386
292.1000,1.29529,206.58,0.123803
292.0000,1.77709,207.884,0.142542
291.9000,0.639411,206.793,0.12687
291.8000,0.18955,206.982,0.129593
291.7000,0.948606,206.986,0.129658
291.6000,0.200548,207.649,0.139179
291.5000,-0.180649,207.211,0.132883
291.4000,2.65076,206.626,0.124472
291.3000,2.35678,206.856,0.127783
291.2000,1.6829,207.126,0.131662
291.1000,3.21184,205.977,0.115108
291.0000,1.4446,206.588,0.123917
290.9000,1.94892,206.735,0.126038
290.8000,2.44476,206.908,0.128533
290.7000,0.913626,207.287,0.133974
290.6000,1.60222,207.12,0.13158
290.5000,2.30822,206.301,0.119785
290.4000,2.02381,206.777,0.126642
290.3000,1.92326,207.066,0.130799
290.2000,1.61968,207.109,0.131417
290.1000,1.9365,206.728,0.12594
290.0000,2.15976,206.505,0.122725
289.9000,1.7121,207.681,0.139634
289.8000,2.64196,206.854,0.127751
289.7000,1.6892,207.457,0.136415
289.6000,0.385886,207.031,0.130293
289.5000,1.86252,206.946,0.129071
289.4000,1.51884,207.108,0.131401
289.3000,0.985143,207.59,0.138334
289.2000,1.96271,207.343,0.134788
289.1000,1.20298,207.481,0.136756
289.0000,1.94582,207.495,0.136968
288.9000,1.30269,207.927,0.143159
288.8000,1.37554,207.76,0.140772
288.7000,0.954768,207.818,0.1416
288.6000,-0.654314,207.698,0.139878
288.5000,1.78014,207.667,0.139439
288.4000,3.44375,208.336,0.149016
288.3000,1.97909,208.261,0.147946
288.2000,2.31449,206.633,0.12457
288.1000,0.207741,206.958,0.129251
288.0000,0.764019,207.624,0.138821
287.9000,0.977844,207.244,0.133355
287.8000,1.00509,208.195,0.147005
287.7000,3.40756,207.136,0.131808
287.6000,1.77873,207.313,0.134348
287.5000,0.962621,207.953,0.143533
287.4000,0.0099167,208.057,0.145026
287.3000,2.2861,207.68,0.139618
287.2000,-0.173464,207.194,0.132639
287.1000,1.87054,207.424,0.135943
287.0000,1.87033,207.82,0.141633
286.9000,1.35817,206.279,0.119474
286.8000,2.82908,207.271,0.133746
286.7000,0.916245,207.263,0.133632
286.6000,0.600781,208.15,0.146356
286.5000,2.43881,207.496,0.136984
286.4000,2.01695,208.202,0.147102
286.3000,1.00789,207.664,0.13939
286.2000,1.48153,207.488,0.13687
286.1000,0.771458,207.669,0.139455
286.0000,1.55512,207.734,0.140398
285.9000,2.46764,207.554,0.137814
285.8000,0.918463,207.471,0.136626
285.7000,2.25266,207.973,0.143825
285.6000,3.0401,207.926,0.143143
285.5000,0.993137,207.278,0.133844
285.4000,0.436306,208.09,0.145496
285.3000,1.85179,207.678,0.139586
285.2000,1.74041,207.738,0.140447
285.1000,1.46865,208.169,0.146632
285.0000,-0.00369742,208.07,0.145204
284.9000,1.93279,208.684,0.153989
284.8000,0.365774,208.193,0.146973
284.7000,-0.17904,207.275,0.133811
284.6000,1.232,208.245,0.147719
284.5000,2.10787,208.812,0.155818
284.4000,1.16149,207.852,0.142087
284.3000,0.566616,208.186,0.146875
284.2000,0.982469,207.671,0.139488
284.1000,0.817755,208.232,0.147524
284.0000,1.0126,207.66,0.139325
283.9000,-0.56721,208.551,0.152094
283.8000,-0.256898,207.289,0.134007
283.7000,0.969982,208.462,0.150815
283.6000,3.09961,207.221,0.13303
283.5000,1.30158,207.768,0.140886
283.4000,1.33556,207.963,0.143679
283.3000,1.79365,208.021,0.144506
283.2000,1.10959,207.933,0.14324
283.1000,1.34897,207.735,0.140414
283.0000,-0.485349,207.718,0.140171
282.9000,2.0339,207.213,0.132916
282.8000,1.62284,207.427,0.135992
282.7000,0.462808,208.047,0.14488
282.6000,-0.684068,208.06,0.145058
282.5000,1.38525,208.03,0.144636
282.4000,0.25021,207.606,0.138561
282.3000,1.16975,206.869,0.127963
282.2000,1.60669,208.68,0.15394
282.1000,0.368706,207.424,0.135943
282.0000,1.69706,208.167,0.1466
281.9000,0.865104,206.426,0.121582
281.8000,1.31281,207.52,0.137326
281.7000,1.37308,207.509,0.137163
281.6000,2.0945,208.094,0.145545
281.5000,0.201531,208.384,0.149696
281.4000,-2.29551,207.741,0.140495
281.3000,2.41769,208.222,0.147378
281.2000,1.43857,207.544,0.137667
281.1000,1.80737,207.963,0.143679
281.0000,2.1816,208.013,0.144393
280.9000,1.62096,207.649,0.139179
280.8000,1.39036,208.212,0.147248
280.7000,1.46543,207.918,0.143029
280.6000,2.00277,207.326,0.134544
280.5000,1.20608,208.912,0.157241
280.4000,1.59627,208.314,0.148708
280.3000,1.69054,208.082,0.145383
280.2000,0.758312,207.616,0.138708
280.1000,2.83395,207.757,0.140723
280.0000,1.25963,207.937,0.143305
279.9000,1.78637,208.131,0.146081
279.8000,1.39626,207.705,0.139975
279.7000,1.31446,207.692,0.139797
279.6000,-0.123132,208.016,0.144442
279.5000,2.01453,208.395,0.149859
279.4000,0.213055,207.704,0.139959
279.3000,0.642387,208.195,0.147005
279.2000,1.76598,207.588,0.138301
279.1000,1.75278,208.346,0.149162
279.0000,1.19708,208.342,0.149097
278.9000,1.19338,208.159,0.146486
278.8000,1.24888,208.256,0.147865
278.7000,1.93963,209.3,0.162784
278.6000,-0.144435,207.524,0.137374
278.5000,1.2568,208.611,0.152953
278.4000,1.37063,207.746,0.140561
278.3000,3.1937,208.37,0.149502
278.2000,-0.644186,208.866,0.156594
278.1000,1.11476,207.576,0.138123
278.0000,1.79637,207.802,0.141373
277.9000,1.95243,208.524,0.151706
277.8000,0.398335,208.22,0.147362
277.7000,0.9611,208.062,0.145091
277.6000,1.78982,208.225,0.147427
277.5000,1.03031,208.016,0.144442
277.4000,1.17551,207.907,0.142867
277.3000,1.73666,207.853,0.142104
277.2000,0.395006,207.87,0.142347
277.1000,-0.299064,207.935,0.143273
277.0000,1.69189,208.458,0.150766
276.9000,1.15912,208.167,0.1466
276.8000,0.808154,208.029,0.14462
276.7000,2.52906,208.092,0.145529
276.6000,1.41884,207.037,0.130391
276.5000,2.89263,208.081,0.145367
276.4000,0.865796,207.942,0.14337
276.3000,1.798,208.223,0.147394
276.2000,0.817741,207.513,0.137228
276.1000,0.153663,208.031,0.144653
276.0000,1.23149,208.135,0.146145
275.9000,1.00407,208.122,0.145951
275.8000,0.683145,208.158,0.14647
275.7000,0.57077,208.394,0.149842
275.6000,1.05695,207.816,0.141568
275.5000,0.622177,208.569,0.152354
275.4000,0.524088,207.846,0.142006
275.3000,1.57405,207.433,0.136073
275.2000,0.42152,208.189,0.146908
275.1000,0.596685,208.282,0.148238
275.0000,1.24025,207.532,0.137488
274.9000,0.493155,208.787,0.155462
274.8000,0.327741,207.904,0.142835
274.7000,1.51427,207.938,0.143322
274.6000,2.84393,208.416,0.150167
274.5000,2.23248,208.543,0.151981
274.4000,1.41126,208.151,0.146372
274.3000,2.2131,207.819,0.141617
274.2000,2.0165,207.826,0.141714
274.1000,0.631252,208.466,0.15088
274.0000,1.9673,207.231,0.133176
273.9000,0.749956,207.674,0.139537
273.8000,1.52817,207.893,0.142672
273.7000,0.0759718,208.442,0.150539
273.6000,-0.819902,207.433,0.136073
273.5000,1.73392,207.993,0.144101
273.4000,0.994199,208.091,0.145513
273.3000,1.29772,208.274,0.148124
273.2000,0.125669,208.116,0.14587
273.1000,-0.461039,208.73,0.154652
273.0000,0.754265,208.116,0.14587
272.9000,2.23403,207.846,0.142006
272.8000,0.652617,208.62,0.153082
272.7000,1.67613,208.054,0.144977
272.6000,0.88053,208.887,0.156885
272.5000,0.98559,207.734,0.140398
272.4000,1.18302,207.492,0.136919
272.3000,1.65067,207.764,0.14082
272.2000,2.44852,208.525,0.151722
272.1000,0.914255,208.45,0.150653
272.0000,0.0971716,208.257,0.147881
271.9000,-0.614133,208.291,0.148367
271.8000,1.3227,208.71,0.154361
271.7000,1.4492,208.223,0.147394
271.6000,0.489548,207.918,0.143029
271.5000,0.984205,208.689,0.15407
271.4000,0.415093,208.004,0.144263
271.3000,-0.0895486,208.428,0.150329
271.2000,1.02878,208.28,0.148221
271.1000,-0.432357,208.189,0.146908
271.0000,0.772123,208.522,0.151673
270.9000,0.110421,208.933,0.157548
270.8000,1.74493,207.802,0.141373
270.7000,2.00842,207.158,0.132118
270.6000,0.763215,207.656,0.139277
270.5000,0.621636,207.927,0.143159
270.4000,0.0901364,208.615,0.153001
270.3000,1.66745,208.995,0.158438
270.2000,0.027712,208.791,0.155526
270.1000,1.11192,207.805,0.141405
270.0000,0.636506,208.716,0.154442
269.9000,-0.552267,207.848,0.142023
269.8000,0.247581,208.814,0.15585
269.7000,0.103912,208.244,0.147703
269.6000,1.14633,208.455,0.150717
269.5000,3.02608,208.282,0.148238
269.4000,1.50075,209.125,0.16028
269.3000,1.24053,208.835,0.156141
269.2000,1.51628,208.739,0.154782
269.1000,2.85423,208.503,0.151398
269.0000,3.22568,208.449,0.150636
268.9000,0.138219,209.455,0.164996
268.8000,1.90157,210.328,0.177402
268.7000,0.215637,208.411,0.150085
268.6000,1.3672,208.728,0.15462
268.5000,1.00045,208.347,0.149178
268.4000,2.46629,207.789,0.141178
268.3000,-0.874313,208.888,0.156901
268.2000,0.149718,208.822,0.155963
268.1000,0.413008,208.658,0.153617
268.0000,1.80366,209.978,0.172429
267.9000,0.0734564,208.653,0.153552
267.8000,0.675586,209.523,0.165964
267.7000,0.744647,208.794,0.155559
267.6000,-0.585784,208.673,0.153827
267.5000,0.414361,208.176,0.14673
267.4000,-1.05497,208.609,0.15292
267.3000,0.152576,208.822,0.155963
267.2000,1.77916,209.306,0.162865
267.1000,1.52546,209.289,0.162623
267.0000,0.338445,209.689,0.168319
266.9000,1.11501,209.003,0.158551
266.8000,-0.29662,209.77,0.16948
266.7000,2.16605,209.981,0.172477
266.6000,-0.407713,209.543,0.166239
266.5000,1.01582,209.06,0.159359
266.4000,-0.543018,209.953,0.172074
266.3000,1.25776,207.965,0.143711
266.2000,0.664596,209.534,0.166109
266.1000,-1.01435,209.568,0.166593
266.0000,1.00658,209.531,0.166077
265.9000,-0.396355,208.848,0.156335
265.8000,0.902977,209.47,0.165206
265.7000,0.578735,208.956,0.157872
265.6000,-0.0472248,208.622,0.153098
265.5000,0.57703,209.361,0.163656
265.4000,0.395297,210.394,0.178335
265.3000,0.36261,209.685,0.168271
265.2000,0.293089,209.645,0.16769
265.1000,0.707381,208.476,0.151025
265.0000,-1.19832,209.701,0.168497
264.9000,0.173962,209.513,0.165819
264.8000,0.432231,209.968,0.172284
264.7000,0.0945546,209.024,0.158842
264.6000,1.9948,209.139,0.160491
264.5000,2.01678,210,0.172751
264.4000,0.27653,209.314,0.162978
264.3000,1.14061,209.319,0.163059
264.2000,2.03326,209.27,0.162348
264.1000,-0.592883,209.617,0.167303
264.0000,0.398609,210.041,0.17333
263.9000,1.8917,209.336,0.163301
263.8000,3.1108,209.662,0.167932
263.7000,0.913686,210.485,0.179637
263.6000,-0.00480858,210.259,0.17642
263.5000,0.57587,209.539,0.16619
263.4000,1.20786,209.691,0.168351
263.3000,2.05248,210.407,0.178527
263.2000,2.38894,210.717,0.182914
263.1000,-0.726736,209.487,0.165448
263.0000,0.580967,209.809,0.170028
262.9000,-0.458067,210.71,0.182818
262.8000,1.84026,210.232,0.176034
262.7000,-0.988229,210.701,0.182689
262.6000,1.36672,209.221,0.161654
262.5000,0.490082,210.45,0.179138
262.4000,-0.00548154,209.445,0.164851
262.3000,0.640893,209.162,0.160814
262.2000,1.45591,209.971,0.172332
262.1000,1.17949,210.62,0.181549
262.0000,-1.25972,210.7,0.182673
261.9000,0.967521,210.751,0.183396
261.8000,1.04092,211.022,0.187248
261.7000,3.4477,209.96,0.172171
261.6000,1.32313,210.257,0.176388
261.5000,2.97026,210.053,0.173491
261.4000,2.32982,210.645,0.181902
261.3000,0.864584,210.136,0.174683
261.2000,0.0794668,210.159,0.175005
261.1000,1.89267,211.575,0.195067
261.0000,2.71497,210.643,0.18187
260.9000,1.0571,210.178,0.175278
260.8000,0.865048,210.127,0.174554
260.7000,-0.646017,209.566,0.166577
260.6000,1.7426,210.626,0.181629
260.5000,3.10742,210.958,0.186333
260.4000,0.952357,210.429,0.178833
260.3000,-0.390033,209.465,0.165125
260.2000,0.832687,211.927,0.200025
260.1000,1.90292,211.52,0.194283
260.0000,1.31164,210.831,0.184536
259.9000,0.307656,211.417,0.192826
259.8000,1.1968,211.113,0.188531
259.7000,1.52882,210.598,0.181228
259.6000,2.29246,209.936,0.171832
259.5000,0.196679,211.904,0.199706
259.4000,-0.207409,210.975,0.186574
259.3000,1.59905,210.642,0.181854
259.2000,1.19113,211.378,0.192281
259.1000,-0.454708,210.633,0.181726
259.0000,1.49729,210.69,0.182545
258.9000,1.84215,209.911,0.171478
258.8000,-0.625701,210.072,0.173765
258.7000,-0.383938,211.371,0.192185
258.6000,2.66283,210.468,0.179396
258.5000,2.7774,211.16,0.189188
258.4000,1.72256,211.173,0.189381
258.3000,0.937882,210.836,0.1846
258.2000,0.180676,210.842,0.184696
258.1000,0.852753,210.423,0.178752
258.0000,0.509455,211.327,0.19156
257.9000,0.726183,210.475,0.179492
257.8000,1.69507,209.87,0.170898
257.7000,1.40051,211.599,0.195403
257.6000,-0.0153705,210.973,0.186542
257.5000,0.448232,211.022,0.187248
257.4000,-0.038735,211.37,0.192169
257.3000,0.126699,210.397,0.178383
257.2000,1.69368,211.834,0.198714
257.1000,0.629902,210.355,0.177788
257.0000,3.71428,210.995,0.186863
256.9000,-0.280765,211.8,0.198235
256.8000,-0.461087,212.474,0.207737
256.7000,0.178103,211.366,0.192105
256.6000,-0.268036,210.976,0.18659
256.5000,-1.23734,212.958,0.214542
256.4000,0.601829,211.405,0.192665
256.3000,-0.157878,212.166,0.203396
256.2000,2.08688,211.145,0.18898
256.1000,-0.753865,211.42,0.192873
256.0000,0.503301,212.052,0.201799
255.9000,-1.05778,210.628,0.181661
255.8000,-1.29124,212.52,0.208391
255.7000,1.71892,212.942,0.214319
255.6000,0.771121,211.643,0.196027
255.5000,1.7542,212.406,0.20678
255.4000,2.60325,211.303,0.191224
255.3000,0.394262,211.889,0.199498
255.2000,-0.548688,211.855,0.199018
255.1000,1.30218,212.611,0.209667
255.0000,1.00922,211.903,0.199689
254.9000,0.467136,212.442,0.207291
254.8000,2.40636,212.344,0.205902
254.7000,-0.339834,212.525,0.208455
254.6000,2.39955,212.467,0.207642
254.5000,-0.0221958,211.936,0.200153
254.4000,0.20164,211.428,0.192986
254.3000,-0.12036,212.405,0.206764
254.2000,2.11228,211.896,0.199594
254.1000,0.418022,211.911,0.199802
254.0000,-0.65151,212.478,0.207801
253.9000,-0.163411,212.566,0.209029
253.8000,0.986167,212.915,0.213936
253.7000,-0.111605,212.383,0.206461
253.6000,0.356305,212.985,0.214923
253.5000,1.30216,212.62,0.209794
253.4000,2.94982,212.074,0.202103
253.3000,0.371948,213.878,0.227446
253.2000,0.0979703,213.371,0.220348
253.1000,1.44294,213.612,0.223716
253.0000,0.859448,212.245,0.204514
252.9000,0.427365,212.677,0.210591
252.8000,0.697718,212.68,0.210639
252.7000,0.948053,212.237,0.204402
252.6000,1.87351,213.072,0.216149
252.5000,-1.45239,213.027,0.215513
252.4000,0.95098,213.297,0.219298
252.3000,1.23241,212.009,0.201192
252.2000,-0.207262,213.097,0.216499
252.1000,1.14027,212.56,0.208949
252.0000,2.40839,213.072,0.216149
251.9000,-0.394416,212.894,0.21365
251.8000,0.885541,213.44,0.221317
251.7000,0.597119,212.837,0.212838
251.6000,0.0828867,212.592,0.209396
251.5000,0.785925,213.285,0.219139
251.4000,0.653247,213.614,0.223747
251.3000,0.272352,212.936,0.214239
251.2000,-1.38281,212.756,0.211707
251.1000,0.247417,213.421,0.221047
251.0000,-0.51615,213.702,0.224986
250.9000,0.0901422,213.157,0.217342
250.8000,0.571292,213.831,0.226795
250.7000,-0.744609,214.377,0.234435
250.6000,1.4281,213.469,0.221714
250.5000,0.16005,213.686,0.224764
250.4000,2.16019,213.587,0.223367
250.3000,1.86193,214.058,0.229967
250.2000,1.00727,213.229,0.218344
250.1000,-0.291416,213.94,0.228318
250.0000,0.591445,213.723,0.225272
249.9000,2.09377,214.483,0.235907
249.8000,1.25044,213.837,0.226875
249.7000,1.44863,213.907,0.227858
249.6000,1.02726,213.027,0.215513
249.5000,0.316407,214.185,0.231742
249.4000,-0.873846,214.023,0.229476
249.3000,0.901517,214.321,0.233643
249.2000,-0.178921,213.902,0.227779
249.1000,0.297018,213.988,0.228984
249.0000,1.0015,212.911,0.213889
248.9000,-0.620102,214.346,0.233992
248.8000,-1.58801,213.743,0.225557
248.7000,-1.61223,214.211,0.232107
248.6000,0.172784,212.932,0.214175
248.5000,-0.547371,215.011,0.243275
248.4000,-0.818109,213.514,0.22235
248.3000,-0.19723,214.18,0.231679
248.2000,1.61669,214.348,0.234023
248.1000,1.60015,214.674,0.238581
248.0000,0.722186,214.004,0.229206
247.9000,-0.725946,214.932,0.242169
247.8000,1.13519,213.933,0.228223
247.7000,-0.687566,213.331,0.219775
247.6000,-1.68037,213.817,0.226589
247.5000,0.974413,214.762,0.239798
247.4000,-0.251339,214.38,0.234467
247.3000,-0.218557,214.746,0.239577
247.2000,-1.44171,214.51,0.236287
247.1000,1.00785,214.699,0.238929
247.0000,0.32893,214.339,0.233896
246.9000,-0.345275,215.486,0.249887
246.8000,-0.561199,214.915,0.241932
246.7000,-1.09425,214.066,0.230078
246.6000,-0.500887,214.687,0.238755
246.5000,0.790457,214.691,0.238818
246.4000,-0.699038,215.521,0.250376
246.3000,-1.57798,215.116,0.244744
246.2000,1.5438,215.871,0.255243
246.1000,-0.161983,215.213,0.246085
246.0000,-1.49259,215.03,0.243543
245.9000,-0.830187,215.058,0.243938
245.8000,-1.58347,215.764,0.253763
245.7000,-1.07647,215.564,0.250975
245.6000,-0.537546,216.061,0.257887
245.5000,-0.458398,216.109,0.258548
245.4000,0.0125167,215.699,0.25285
245.3000,0.267999,215.756,0.253653
245.2000,0.998396,216.076,0.258092
245.1000,-3.53227,215.788,0.254094
245.0000,-0.572022,215.473,0.249714
244.9000,0.254021,215.166,0.245438
244.8000,-1.93033,215.813,0.25444
244.7000,-2.37941,216.155,0.259193
244.6000,-1.21561,215.894,0.255558
244.5000,-2.65597,216.947,0.270169
244.4000,-2.74655,217.286,0.274854
244.3000,-0.981431,217.013,0.271078
244.2000,-1.52405,215.854,0.255007
244.1000,-1.0606,216.189,0.259664
244.0000,-0.554292,216.416,0.262808
243.9000,-1.75855,216.501,0.263986
243.8000,-1.51269,216.03,0.257447
243.7000,-2.06372,216.207,0.259916
243.6000,-2.40317,216.365,0.262101
243.5000,-3.5413,216.883,0.269275
243.4000,-2.70401,216.632,0.265807
243.3000,-1.05111,216.403,0.262635
243.2000,-4.11784,217.078,0.271971
243.1000,-2.57257,216.851,0.268836
243.0000,-3.43182,216.46,0.263421
242.9000,-1.30738,217.803,0.281987
242.8000,-3.43189,217.303,0.275088
242.7000,-3.37104,218.23,0.287874
242.6000,-2.75264,216.925,0.269855
242.5000,-3.79587,217.01,0.271031
242.4000,-4.00591,218.035,0.285189
242.3000,-5.5391,217.601,0.279204
242.2000,-4.33231,218.029,0.285111
242.1000,-4.62541,217.589,0.279032
242.0000,-3.71992,217.832,0.282393
241.9000,-4.43457,217.493,0.277718
241.8000,-2.24841,218.051,0.285408
241.7000,-2.98173,218.692,0.294234
241.6000,-4.79647,217.851,0.282658
241.5000,-4.38035,217.921,0.283612
241.4000,-3.97792,217.614,0.279376
241.3000,-4.9523,218.077,0.285767
241.2000,-6.40599,218.202,0.287483
241.1000,-5.22376,219.034,0.298935
241.0000,-5.11826,219.818,0.309683
240.9000,-5.68221,219.336,0.30307
240.8000,-6.16519,218.971,0.298063
240.7000,-4.69633,219.071,0.299433
240.6000,-7.21176,219.467,0.304872
240.5000,-4.5146,219.501,0.305338
240.4000,-4.87109,219.671,0.307666
240.3000,-6.64099,218.526,0.291943
240.2000,-6.4984,218.617,0.293206
240.1000,-6.49189,218.99,0.298328
240.0000,-6.50509,219.525,0.305664
239.9000,-8.55335,219.763,0.308923
239.8000,-8.43349,219.771,0.309032
239.7000,-8.72293,219.687,0.307883
239.6000,-6.47758,219.775,0.309094
239.5000,-8.91008,219.97,0.311761
239.4000,-6.35228,221.18,0.328278
239.3000,-7.53975,220.294,0.316191
239.2000,-9.97593,220.988,0.325654
239.1000,-10.6308,221.561,0.333459
239.0000,-9.12582,221.344,0.3305
238.9000,-9.18724,221.066,0.326719
238.8000,-8.33646,222.078,0.340479
238.7000,-8.53795,222.34,0.34403
238.6000,-11.855,221.322,0.330207
238.5000,-10.1559,221.571,0.333598
238.4000,-10.9752,222.477,0.345889
238.3000,-10.7883,222.227,0.342509
238.2000,-9.21322,222.076,0.340448
238.1000,-11.3485,222.175,0.341802
238.0000,-11.8166,222.466,0.34575
237.9000,-12.9006,223.268,0.356592
237.8000,-10.7767,223.177,0.355367
237.7000,-12.4828,222.347,0.344138
237.6000,-11.807,223.905,0.365202
237.5000,-14.3285,223.517,0.359959
237.4000,-10.6795,223.034,0.353436
237.3000,-11.3219,225.112,0.381435
237.2000,-15.2895,224.428,0.372238
237.1000,-13.8124,226.023,0.393642
237.0000,-15.0403,223.95,0.365798
236.9000,-12.8562,225.133,0.381709
236.8000,-17.5471,224.639,0.375072
236.7000,-14.8859,224.567,0.374113
236.6000,-13.7912,224.665,0.375423
236.5000,-15.3785,225.36,0.384764
236.4000,-15.257,225.731,0.389729
236.3000,-15.2163,225.341,0.384506
236.2000,-14.8915,226.822,0.404313
236.1000,-16.9002,226.116,0.394885
236.0000,-17.1676,227.13,0.408421
235.9000,-15.9736,226.4,0.398686
235.8000,-17.5759,226.276,0.397021
235.7000,-16.886,226.185,0.395809
235.6000,-18.7978,226.425,0.399019
235.5000,-18.6842,226.529,0.400396
235.4000,-20.2421,226.339,0.397869
235.3000,-16.3376,227.361,0.4115
235.2000,-19.2518,226.811,0.404162
235.1000,-18.0107,227.16,0.408814
235.0000,-20.2988,227.505,0.413415
234.9000,-19.6337,228.128,0.421697
234.8000,-20.3042,228.34,0.424509
234.7000,-19.7172,228.077,0.42102
234.6000,-19.9118,228.147,0.421938
234.5000,-22.8577,228.872,0.431552
234.4000,-21.953,229.124,0.434896
234.3000,-22.4672,229.052,0.433936
234.2000,-22.2075,229.513,0.440033
234.1000,-20.3158,229.21,0.436035
234.0000,-25.4807,229.488,0.439704
233.9000,-25.4527,230.097,0.447733
233.8000,-26.3557,230.046,0.447061
233.7000,-23.5099,230.601,0.454374
233.6000,-26.2935,230.464,0.452569
233.5000,-24.8752,230.919,0.458561
233.4000,-28.1796,230.79,0.456862
233.3000,-24.9895,230.388,0.45157
233.2000,-24.3672,230.867,0.457875
233.1000,-27.5342,231.512,0.466341
233.0000,-27.4917,232.113,0.474223
232.9000,-26.4662,232.188,0.475202
232.8000,-25.4184,232.614,0.480772
232.7000,-29.0428,232.452,0.478654
232.6000,-28.9134,233.348,0.490351
232.5000,-29.5496,232.453,0.478669
232.4000,-30.3661,232.908,0.484603
232.3000,-28.9874,233.258,0.48917
232.2000,-30.4551,233.048,0.486437
232.1000,-31.1058,234.267,0.502305
232.0000,-29.3854,233.716,0.495131
231.9000,-31.3137,234.525,0.505644
231.8000,-32.4468,234.063,0.499655
231.7000,-32.1392,234.234,0.501878
231.6000,-32.0887,235.175,0.514073
231.5000,-34.2973,235.658,0.520317
231.4000,-32.8493,235.62,0.519834
231.3000,-36.5668,236.047,0.525351
231.2000,-32.0519,236.413,0.530072
231.1000,-33.3032,235.118,0.51334
231.0000,-34.1361,236.433,0.53032
230.9000,-35.7603,235.564,0.519102
230.8000,-36.2181,235.252,0.515071
230.7000,-37.2346,234.69,0.50779
230.6000,-37.529,236.285,0.528421
230.5000,-37.5495,236.963,0.537149
230.4000,-35.0025,236.294,0.528538
230.3000,-37.4518,237.815,0.548095
230.2000,-38.558,237.585,0.545143
230.1000,-40.5425,238.456,0.556312
230.0000,-38.5258,237.48,0.54379
229.9000,-39.1191,238.155,0.552452
229.8000,-39.3059,237.622,0.545623
229.7000,-39.665,237.631,0.545739
229.6000,-40.0232,239.092,0.564439
229.5000,-40.4482,238.934,0.562427
229.4000,-41.1742,239.902,0.57477
229.3000,-42.1714,239.944,0.575304
229.2000,-40.4239,239.286,0.566912
229.1000,-43.1479,238.699,0.559414
229.0000,-42.0042,239.635,0.571363
228.9000,-39.6759,241.253,0.59193
228.8000,-43.6276,240.247,0.579154
228.7000,-47.2969,239.628,0.571276
228.6000,-44.0879,240.237,0.579039
228.5000,-44.2011,241.192,0.591154
228.4000,-44.777,240.839,0.586684
228.3000,-46.9405,241.927,0.600466
228.2000,-45.8104,242.321,0.60545
228.1000,-46.6325,242.469,0.60731
228.0000,-46.9753,242.901,0.612769
227.9000,-45.0075,243.257,0.617251
227.8000,-47.3362,243.296,0.617736
227.7000,-45.7373,243.526,0.62063
227.6000,-48.4869,243.152,0.615924
227.5000,-48.0872,243.888,0.625188
227.4000,-48.411,243.757,0.623536
227.3000,-49.0427,244.515,0.633051
227.2000,-50.2247,244.27,0.629982
227.1000,-47.0802,244.635,0.634557
227.0000,-48.7933,245.104,0.64043
226.9000,-53.6351,245.17,0.641252
226.8000,-51.942,245.356,0.643576
226.7000,-48.2046,246.823,0.661872
226.6000,-51.7491,245.467,0.644964
226.5000,-48.6249,245.732,0.648275
226.4000,-48.5126,246.754,0.661013
226.3000,-50.7893,246.093,0.652785
226.2000,-54.2017,247.193,0.666478
226.1000,-50.4159,247.366,0.668617
226.0000,-52.3425,247.093,0.665225
225.9000,-53.208,248.43,0.681804
225.8000,-53.4553,247.542,0.670811
225.7000,-52.3148,248.448,0.682028
225.6000,-55.7369,247.981,0.676249
225.5000,-55.1184,248.943,0.688149
225.4000,-53.8553,249.216,0.69152
225.3000,-56.769,249.073,0.689758
225.2000,-52.2486,249.287,0.692401
225.1000,-56.5924,249.623,0.696536
225.0000,-53.0001,249.761,0.69824
224.9000,-56.1912,250.34,0.705365
224.8000,-55.0928,250.64,0.709054
224.7000,-58.1898,249.776,0.698421
224.6000,-58.0105,250.961,0.71299
224.5000,-57.3679,250.699,0.709778
224.4000,-55.8828,251.001,0.713477
224.3000,-54.3783,252.149,0.727544
224.2000,-56.8688,251.172,0.715575
224.1000,-59.0378,253.098,0.739116
224.0000,-58.487,251.436,0.71881
223.9000,-57.7755,252.047,0.726298
223.8000,-57.6799,252.265,0.728956
223.7000,-58.783,252.315,0.729566
223.6000,-58.4676,254.114,0.751478
223.5000,-53.4781,253.14,0.739627
223.4000,-57.1703,253.058,0.738633
223.3000,-56.6775,254.573,0.757046
223.2000,-58.6924,253.741,0.746949
223.1000,-57.8539,254.484,0.75596
223.0000,-58.1315,254.675,0.758282
222.9000,-58.1956,253.854,0.748312
222.8000,-61.5679,254.884,0.760808
222.7000,-58.8453,255.297,0.765814
222.6000,-58.1595,255.797,0.771853
222.5000,-60.0977,256.58,0.781296
222.4000,-58.5044,258.256,0.801428
222.3000,-59.8523,256.319,0.778156
222.2000,-59.595,255.774,0.771579
222.1000,-57.7362,257.514,0.792539
222.0000,-58.6992,257.104,0.78761
221.9000,-56.0459,256.971,0.786002
221.8000,-60.5658,258.318,0.802175
221.7000,-57.5172,259.012,0.810485
221.6000,-59.3322,258.495,0.804291
221.5000,-60.0796,258.369,0.802785
221.4000,-57.8162,258.642,0.806054
221.3000,-60.747,259.176,0.812435
221.2000,-58.7019,259.898,0.82106
221.1000,-60.4537,258.917,0.809348
221.0000,-58.4329,259.523,0.816588
220.9000,-57.7389,259.451,0.815723
220.8000,-57.4025,260.695,0.830542
220.7000,-59,260.624,0.829693
220.6000,-60.6635,261.102,0.835374
220.5000,-59.717,261.143,0.835859
220.4000,-58.0941,261.86,0.844363
220.3000,-60.1233,261.605,0.841342
220.2000,-59.1687,262.561,0.852661
220.1000,-58.7689,262.301,0.84958
220.0000,-56.0822,261.899,0.844833
219.9000,-57.1548,262.448,0.851322
219.8000,-58.3146,263.456,0.863224
219.7000,-61.3368,263.573,0.864599
219.6000,-57.2382,263.613,0.865066
219.5000,-55.3555,263.742,0.866588
219.4000,-58.7164,264.33,0.873505
219.3000,-61.548,264.168,0.8716
219.2000,-59.0809,264.533,0.875888
219.1000,-60.289,265.077,0.88227
219.0000,-55.94,265.474,0.88693
218.9000,-60.1122,265.726,0.889874
218.8000,-57.7989,265.769,0.890378
218.7000,-58.0694,265.214,0.883877
218.6000,-56.7369,267.255,0.90773
218.5000,-59.9087,266.55,0.8995
218.4000,-56.6824,267.26,0.907783
218.3000,-55.9621,267.096,0.905869
218.2000,-57.1019,266.876,0.903307
218.1000,-59.6094,267.566,0.911343
218.0000,-56.6857,267.882,0.915019
217.9000,-58.3562,267.913,0.915375
217.8000,-60.7607,269.4,0.932625
217.7000,-60.0968,268.937,0.92726
217.6000,-59.3305,268.553,0.922807
217.5000,-55.2523,269.077,0.928887
217.4000,-54.793,269.694,0.936018
217.3000,-61.9631,270.086,0.940546
217.2000,-54.8633,270.621,0.946715
217.1000,-58.1527,270.706,0.947694
217.0000,-58.1457,271.285,0.95436
216.9000,-55.0705,270.901,0.949939
216.8000,-58.9894,271.551,0.957421
216.7000,-55.1009,271.937,0.961858
216.6000,-57.7146,272.321,0.966265
216.5000,-56.1189,273.322,0.977718
216.4000,-57.4388,273.164,0.975918
216.3000,-57.489,273.679,0.981796
216.2000,-53.9527,274.232,0.988104
216.1000,-60.5108,274.273,0.988568
216.0000,-57.8029,273.748,0.982585
215.9000,-57.574,274.184,0.987561
215.8000,-57.3056,275.091,0.997881
215.7000,-53.0791,275.403,1.00143
215.6000,-55.6059,275.645,1.00417
215.5000,-57.37,275.731,1.00515
215.4000,-56.3665,276.496,1.01382
215.3000,-59.4397,276.55,1.01444
215.2000,-60.2491,276.916,1.01858
215.1000,-58.2906,277.341,1.02338
215.0000,-57.5678,277.767,1.02819
214.9000,-59.1028,277.472,1.02486
214.8000,-57.0577,277.732,1.02779
214.7000,-57.5924,278.339,1.03463
214.6000,-58.9226,278.895,1.04089
214.5000,-61.648,278.249,1.03361
214.4000,-59.9999,279.036,1.04247
214.3000,-58.9994,279.734,1.0503
214.2000,-59.2723,280.162,1.0551
214.1000,-58.8364,280.092,1.05432
214.0000,-57.289,280.949,1.0639
213.9000,-58.2644,280.894,1.06329
213.8000,-60.2708,280.89,1.06324
213.7000,-57.9496,281.984,1.07545
213.6000,-60.8056,282.461,1.08076
213.5000,-54.2434,282.956,1.08626
213.4000,-62.1642,282.819,1.08474
213.3000,-59.5795,283.659,1.09406
213.2000,-60.4878,281.821,1.07363
213.1000,-57.8922,283.59,1.09329
213.0000,-57.4318,284.615,1.10464
212.9000,-62.7823,283.1,1.08786
212.8000,-57.4326,284.057,1.09846
212.7000,-56.1918,285.921,1.11904
212.6000,-62.138,285.868,1.11846
212.5000,-59.5442,285.981,1.1197
212.4000,-59.5593,286.907,1.12989
212.3000,-57.0264,286.937,1.13021
212.2000,-59.9617,286.675,1.12734
212.1000,-51.9583,287.63,1.13782
212.0000,-57.9805,288.724,1.14978
211.9000,-58.9735,290.166,1.1655
211.8000,-59.5993,290.737,1.1717
211.7000,-61.9221,288.802,1.15063
211.6000,-61.1567,290.379,1.16781
211.5000,-58.7925,290.883,1.17329
211.4000,-60.8086,292.166,1.18718
211.3000,-60.2282,291.991,1.1853
211.2000,-54.4444,291.948,1.18483
211.1000,-62.4214,292.887,1.19497
211.0000,-61.1787,292.79,1.19393
210.9000,-63.7169,293.472,1.20128
210.8000,-62.9172,293.745,1.20423
210.7000,-64.0314,295.012,1.21784
210.6000,-60.285,294.777,1.21531
210.5000,-61.8556,295.256,1.22045
210.4000,-61.5955,297.037,1.2395
210.3000,-64.2347,296.904,1.23808
210.2000,-59.8997,296.834,1.23733
210.1000,-60.7326,297.992,1.24967
210.0000,-60.5213,298.045,1.25024
209.9000,-69.5989,299.12,1.26164
209.8000,-60.7422,300.561,1.2769
209.7000,-59.9815,299.741,1.26822
209.6000,-62.6776,300.603,1.27734
209.5000,-58.2154,301.991,1.29197
209.4000,-58.1635,301.634,1.28821
209.3000,-62.1634,302.041,1.29249
209.2000,-63.0521,303.469,1.30749
209.1000,-66.9958,303.557,1.30841
209.0000,-57.6674,305.338,1.32702
208.9000,-63.9972,305.906,1.33293
208.8000,-58.3109,305.907,1.33294
208.7000,-61.2288,305.93,1.33319
208.6000,-64.3897,306.82,1.34243
208.5000,-59.5754,307.104,1.34539
208.4000,-61.9057,308.365,1.35844
208.3000,-68.0807,308.847,1.36342
208.2000,-61.7007,310.456,1.38
208.1000,-60.3808,310.864,1.38419
208.0000,-65.5761,311.877,1.39457
207.9000,-61.8286,312.184,1.39772
207.8000,-62.5847,313.389,1.41003
207.7000,-63.3863,313.294,1.40906
207.6000,-64.423,315.143,1.42788
207.5000,-57.1447,316.36,1.44022
207.4000,-60.8563,316.989,1.44658
207.3000,-65.2951,316.791,1.44457
207.2000,-58.5281,318.131,1.4581
207.1000,-58.3938,319.83,1.47517
207.0000,-52.0821,319.957,1.47644
206.9000,-56.6187,320.506,1.48194
206.8000,-54.1328,320.69,1.48378
206.7000,-61.5291,321.853,1.49541
206.6000,-58.0798,323.3,1.50981
206.5000,-60.0863,324.256,1.51929
206.4000,-51.5988,325.262,1.52926
206.3000,-55.7825,325.964,1.5362
206.2000,-47.9455,326.579,1.54226
206.1000,-61.3094,327.577,1.55208
206.0000,-47.6134,328.36,1.55976
205.9000,-54.5123,329.699,1.57288
205.8000,-46.149,331.166,1.5872
205.7000,-48.2394,331.301,1.58851
205.6000,-44.5621,332.899,1.60404
205.5000,-50.9798,334.106,1.61573
205.4000,-42.8042,334.943,1.62381
205.3000,-46.0755,335.403,1.62825
205.2000,-41.1361,337.483,1.64824
205.1000,-40.0835,338.967,1.66245
205.0000,-41.5548,339.749,1.66991
204.9000,-46.312,340.729,1.67924
204.8000,-40.5718,342.497,1.69602
204.7000,-42.4861,343.119,1.7019
204.6000,-28.8652,343.982,1.71006
204.5000,-37.2529,345.356,1.72299
204.4000,-33.9323,346.771,1.73628
204.3000,-38.7051,348.46,1.75208
204.2000,-27.7333,349.433,1.76116
204.1000,-27.2073,350.952,1.77527
204.0000,-29.7882,351.441,1.77981
203.9000,-24.8603,353.489,1.79874
203.8000,-32.2144,355.035,1.81298
203.7000,-31.987,357.467,1.83525
203.6000,-22.4874,357.243,1.8332
203.5000,-27.9121,358.853,1.8479
203.4000,-24.0702,360.516,1.86301
203.3000,-17.2081,361.652,1.87331
203.2000,-10.0277,362.064,1.87703
203.1000,-21.5427,364.322,1.89739
203.0000,-17.7131,365.136,1.9047
202.9000,-22.9028,366.35,1.91559
202.8000,-13.5498,368.381,1.93372
202.7000,-16.9195,369.979,1.94793
202.6000,-9.79648,371.086,1.95775
202.5000,-18.5833,373.222,1.97662
202.4000,-7.8415,374.882,1.99122
202.3000,-20.4886,375.729,1.99864
202.2000,-8.6162,377.368,2.01298
202.1000,-11.3226,379.389,2.03059
202.0000,-14.4296,381.966,2.05292
201.9000,-7.81341,382.175,2.05472
201.8000,-2.78957,385.013,2.07916
201.7000,-1.10719,386.609,2.09285
201.6000,3.81575,388.208,2.1065
201.5000,1.2514,389.796,2.12001
201.4000,-6.92419,391.987,2.13859
201.3000,1.23831,393.532,2.15163
201.2000,6.60469,395.773,2.17047
201.1000,6.57885,397.949,2.18868
201.0000,9.17114,399.142,2.19863
200.9000,5.62096,401.169,2.21548
200.8000,12.2385,402.404,2.22571
200.7000,17.4244,404.052,2.23932
200.6000,14.7251,406.64,2.26059
200.5000,11.3576,407.597,2.26843
200.4000,16.673,410.113,2.28897
200.3000,8.79117,412.28,2.30657
200.2000,5.70862,414.084,2.32117
200.1000,16.9102,416.283,2.33889
200.0000,33.325,418.019,2.35282
199.9000,13.7611,420.941,2.37616
199.8000,14.8205,423.36,2.39538
199.7000,20.6143,424.416,2.40374
199.6000,32.7087,426.99,2.42404
199.5000,18.4258,428.814,2.43837
199.4000,26.7711,430.07,2.44821
199.3000,31.0894,432.192,2.46477
199.2000,26.7494,435.031,2.48682
199.1000,28.0285,435.74,2.49231
199.0000,24.6402,437.916,2.50911
198.9000,30.7477,440.824,2.53145
198.8000,26.9096,443.34,2.55067
198.7000,27.0808,445.531,2.56734
198.6000,43.4665,448.469,2.58959
198.5000,39.0582,450.462,2.60461
198.4000,29.4081,453.083,2.62427
198.3000,43.4521,455.7,2.64382
198.2000,36.4526,457.587,2.65784
198.1000,30.1729,459.326,2.67073
198.0000,30.456,461.804,2.68903
197.9000,28.1805,464.053,2.70556
197.8000,35.6099,466.257,2.72169
197.7000,28.6638,468.705,2.73954
197.6000,40.0369,470.218,2.75053
197.5000,34.3177,472.789,2.76914
197.4000,29.3454,475.125,2.78597
197.3000,18.8857,477.909,2.80594
197.2000,35.6906,480.384,2.82361
197.1000,34.3751,482.674,2.83989
197.0000,31.906,484.87,2.85544
196.9000,43.8177,487.851,2.87646
196.8000,31.9702,489.787,2.89005
196.7000,46.9748,492.527,2.90921
196.6000,33.5606,494.733,2.92457
196.5000,33.1581,498.035,2.94745
196.4000,33.5784,500.421,2.9639
196.3000,46.7368,502.832,2.98046
196.2000,40.4708,505.098,2.99596
196.1000,35.5288,507.936,3.01529
196.0000,49.0884,510.102,3.02999
195.9000,39.3243,512.233,3.04439
195.8000,41.7173,515.975,3.06956
195.7000,52.5449,518.455,3.08616
195.6000,44.1433,520.325,3.09863
195.5000,36.7985,522.595,3.11371
195.4000,32.8503,524.72,3.12779
195.3000,32.8822,526.635,3.14043
195.2000,29.5286,528.625,3.15352
195.1000,29.9842,530.807,3.16784
195.0000,46.8968,533.144,3.18311
194.9000,43.7106,534.314,3.19073
194.8000,44.6656,535.746,3.20005
194.7000,50.2525,539.016,3.22123
194.6000,26.9767,539.895,3.22691
194.5000,40.5433,541.656,3.23826
194.4000,46.0728,544.409,3.25594
194.3000,37.02,546.245,3.26768
194.2000,24.9897,548.706,3.28338
194.1000,34.0528,551.416,3.30059
194.0000,30.867,553.797,3.31566
193.9000,42.5054,556.504,3.33272
193.8000,44.8781,558.916,3.34786
193.7000,23.1171,560.942,3.36054
193.6000,29.3114,562.186,3.3683
193.5000,21.457,565.444,3.38856
193.4000,21.9857,566.703,3.39637
193.3000,39.5536,568.518,3.40759
193.2000,48.8268,569.804,3.41553
193.1000,20.9262,571.233,3.42433
193.0000,24.889,573.648,3.43916
192.9000,27.7768,575.503,3.45052
192.8000,36.4037,577.726,3.46408
192.7000,32.4066,579.937,3.47753
192.6000,29.647,582.158,3.49099
192.5000,26.3945,584.553,3.50547
192.4000,34.6133,586.17,3.51521
192.3000,19.505,588.664,3.53019
192.2000,23.1978,591.241,3.54562
192.1000,21.3834,592.363,3.55232
192.0000,34.1354,594.344,3.56411
191.9000,30.0845,595.991,3.5739
191.8000,23.7687,597.56,3.5832
191.7000,20.3605,599.956,3.59736
191.6000,27.0589,601.61,3.60711
191.5000,16.1405,603.289,3.61698
191.4000,25.7839,605.754,3.63143
191.3000,30.1423,607.912,3.64404
191.2000,21.8214,610.408,3.65858
191.1000,29.8764,612.793,3.67242
191.0000,35.2874,616.107,3.69158
190.9000,33.1732,618.467,3.70517
190.8000,17.5987,621.358,3.72176
190.7000,24.1464,624.247,3.73827
190.6000,5.22147,627.006,3.75398
190.5000,30.3885,628.886,3.76465
190.4000,19.2707,629.998,3.77095
190.3000,20.0587,633.037,3.78811
190.2000,31.8813,636.036,3.80499
190.1000,20.0435,636.36,3.80681
190.0000,32.3937,639.849,3.82634

##### Extended Information
[Comments]
Sample name,SL + BM Additive and Protein
Comment,Additive and Protein 
User,Stacie Lally and Beth Mlinek
Division
Company,Saint Mary's College

[Detailed Information]
Creation date,9/29/2022 1:30 PM

Data array type,Linear data array * 3
Horizontal axis,Wavelength [nm]
Vertical axis(1),CD [mdeg]
Vertical axis(2),HT [V]
Vertical axis(3),Abs
Start,320 nm
End,190 nm
Data interval,0.1 nm
Data points,1301    

[Measurement Information]
Instrument name,J-1500
Model name,J-1500
Serial No.,B051061638

Detector,PM-539
Detector S/N,B051061638
  Lock-in amp.,X mode
  HT volt,Auto

Accessory,PTC-517
Accessory S/N,B026561646
  Temperature,22.61 C
  Control sensor,Holder
  Monitor sensor,Holder

Measurement date,9/29/2022 1:30 PM

CD Overload detect,969
Photometric mode,CD, HT, Abs
Measure range,320 - 190 nm
Data pitch,0.1 nm
CD scale,20 mdeg/0.05 dOD
FL scale,20 mdeg/0.05 dOD
D.I.T.,8 msec
Bandwidth,2.00 nm
Start mode,Immediately
Scanning mode,Continuous
Scanning speed,200 nm/min
Baseline correction,None
Shutter control,Auto
No. of cycle,1/1
N2 Flowmeter,Manual

Solvent,NaPO4 buffer

