TITLE,SL + BM control
DATA TYPE,
ORIGIN,JASCO
OWNER,
DATE,22/09/29
TIME,14:19:02
SPECTROMETER/DATA SYSTEM,
LOCALE,1033
RESOLUTION,
DELTAX,-0.1
XUNITS,NANOMETERS
YUNITS,CD [mdeg]
Y2UNITS,HT [V]
Y3UNITS,ABSORBANCE
FIRSTX,  320.0000
LASTX,  190.0000
NPOINTS,    1301
FIRSTY,     3.27158
MAXY,    50.61398
MINY,   -68.70493
XYDATA
320.0000,3.27158,209.263,0.162251
319.9000,2.38621,208.327,0.148886
319.8000,3.45212,207.543,0.137651
319.7000,1.40398,209.667,0.168013
319.6000,2.01682,208.938,0.157613
319.5000,1.92787,208.31,0.148643
319.4000,3.79804,208.441,0.150523
319.3000,1.59022,208.752,0.15496
319.2000,-0.225571,208.608,0.152904
319.1000,3.04752,208.546,0.152013
319.0000,1.05218,208.28,0.148221
318.9000,0.606415,209.947,0.171994
318.8000,1.20519,208.541,0.151949
318.7000,1.55835,208.98,0.158211
318.6000,3.02448,208.714,0.154426
318.5000,2.71818,208.641,0.153374
318.4000,1.77851,208.895,0.156998
318.3000,1.54758,209.351,0.163511
318.2000,0.491094,207.874,0.142396
318.1000,2.34937,207.678,0.139586
318.0000,0.458359,208.339,0.149064
317.9000,1.99584,208.267,0.148027
317.8000,0.864299,208.522,0.151673
317.7000,0.536328,208.501,0.151382
317.6000,1.82162,208.314,0.148708
317.5000,1.7514,208.901,0.157096
317.4000,0.567058,209.527,0.166013
317.3000,0.969849,209.057,0.159311
317.2000,0.753371,208.951,0.157807
317.1000,1.46678,209.255,0.162138
317.0000,1.12966,208.984,0.158276
316.9000,2.54469,206.794,0.126886
316.8000,0.620369,209.024,0.158842
316.7000,1.39139,208.448,0.15062
316.6000,3.33786,208.611,0.152953
316.5000,2.46717,208.237,0.147605
316.4000,0.911567,207.72,0.140187
316.3000,0.0885207,208.998,0.15847
316.2000,0.531249,208.191,0.14694
316.1000,1.03387,208.172,0.146665
316.0000,0.324396,208.841,0.156238
315.9000,2.65785,207.594,0.138383
315.8000,1.92388,208.462,0.150815
315.7000,1.2858,208.154,0.146405
315.6000,3.70374,208.699,0.154199
315.5000,1.54905,207.246,0.133388
315.4000,2.27181,208.321,0.148805
315.3000,2.26223,208.618,0.15305
315.2000,0.554995,208.539,0.151916
315.1000,1.69701,207.485,0.136822
315.0000,-0.0248424,208.585,0.15258
314.9000,-0.462558,208.637,0.153325
314.8000,2.49797,208.388,0.149761
314.7000,2.27153,208.241,0.147654
314.6000,1.20532,207.792,0.141227
314.5000,2.50269,207.987,0.14402
314.4000,3.7811,208.104,0.145691
314.3000,-0.344236,208.047,0.14488
314.2000,1.28343,208.192,0.146956
314.1000,1.03158,207.112,0.131466
314.0000,2.40162,208.135,0.146145
313.9000,-0.0844517,208.346,0.149162
313.8000,1.27361,207.924,0.14311
313.7000,2.63078,208.012,0.144377
313.6000,2.81285,208.362,0.149388
313.5000,2.16051,207.78,0.141048
313.4000,0.30132,208.133,0.146113
313.3000,0.37398,208.041,0.144799
313.2000,0.615385,208.815,0.155866
313.1000,3.99497,207.725,0.140268
313.0000,1.86818,208.377,0.149599
312.9000,1.7865,207.993,0.144101
312.8000,0.52229,207.444,0.136236
312.7000,1.8928,208.26,0.147929
312.6000,1.72717,208.393,0.149826
312.5000,1.68072,208.239,0.147622
312.4000,1.68749,208.392,0.14981
312.3000,2.2482,207.823,0.141665
312.2000,0.345166,208.139,0.146194
312.1000,1.1838,208.009,0.144328
312.0000,0.689703,208.148,0.146324
311.9000,0.246307,208.028,0.144604
311.8000,2.28981,208.358,0.149324
311.7000,2.17402,207.398,0.135569
311.6000,1.58402,208.6,0.152791
311.5000,1.52431,208.334,0.148983
311.4000,0.490564,207.019,0.13013
311.3000,3.18747,207.892,0.142656
311.2000,1.73413,208.176,0.14673
311.1000,1.30933,208.632,0.153244
311.0000,2.43326,208.211,0.147232
310.9000,2.62369,207.318,0.13443
310.8000,0.261929,208.24,0.147638
310.7000,1.15132,208.184,0.146843
310.6000,1.79894,208.172,0.146665
310.5000,1.24113,208.053,0.144961
310.4000,1.56222,207.728,0.1403
310.3000,1.07229,207.658,0.139309
310.2000,2.00967,208.367,0.149453
310.1000,0.729767,208.53,0.151787
310.0000,-0.0660942,208.529,0.151771
309.9000,1.18145,208.542,0.151965
309.8000,1.18361,207.858,0.142168
309.7000,0.127548,208.478,0.151042
309.6000,0.797442,207.551,0.137765
309.5000,1.3425,208.277,0.148173
309.4000,1.0014,208.215,0.147281
309.3000,2.72945,207.705,0.139975
309.2000,2.26689,207.785,0.141129
309.1000,0.172023,208.048,0.144896
309.0000,-0.364418,208.071,0.145221
308.9000,0.675659,208.133,0.146113
308.8000,0.807111,208.411,0.150085
308.7000,0.389943,208.227,0.147459
308.6000,0.627239,207.793,0.141243
308.5000,1.88575,207.779,0.141031
308.4000,-0.578119,208.214,0.147265
308.3000,2.25459,209.037,0.159036
308.2000,0.817248,207.709,0.14004
308.1000,0.116662,208.648,0.153471
308.0000,-0.650369,207.376,0.13526
307.9000,0.96209,208.028,0.144604
307.8000,1.2767,207.42,0.135894
307.7000,2.8575,208.254,0.147848
307.6000,1.26886,208.167,0.1466
307.5000,-1.10299,208.883,0.156837
307.4000,1.49924,208.168,0.146616
307.3000,2.12559,207.683,0.139667
307.2000,1.35393,207.982,0.143955
307.1000,1.43296,208.277,0.148173
307.0000,0.466803,208.487,0.151171
306.9000,1.54592,207.663,0.139374
306.8000,2.02379,208.767,0.15517
306.7000,1.7252,207.712,0.140073
306.6000,1.43563,207.99,0.144068
306.5000,0.935848,208.267,0.148027
306.4000,1.15669,208.166,0.146583
306.3000,0.538638,207.897,0.142737
306.2000,2.43775,208.475,0.151009
306.1000,1.30185,207.2,0.13272
306.0000,3.22511,208.522,0.151673
305.9000,2.40585,208.002,0.144231
305.8000,3.61001,207.407,0.135699
305.7000,1.55131,208.676,0.153876
305.6000,1.31648,207.153,0.132053
305.5000,2.97739,208.009,0.144328
305.4000,1.72435,208.246,0.147735
305.3000,1.75645,207.505,0.137114
305.2000,1.1696,208.51,0.151511
305.1000,0.813772,208.448,0.15062
305.0000,0.0669798,208.654,0.153568
304.9000,0.183917,207.418,0.135862
304.8000,1.90873,207.411,0.135764
304.7000,1.70489,208.158,0.14647
304.6000,0.519301,209.169,0.160911
304.5000,1.48504,207.501,0.137049
304.4000,1.46726,208.512,0.151528
304.3000,-0.411302,207.312,0.134332
304.2000,1.85134,208.623,0.153114
304.1000,-0.0750708,207.695,0.139829
304.0000,1.13874,207.734,0.140398
303.9000,-0.265761,207.38,0.135309
303.8000,1.89819,206.719,0.12581
303.7000,0.898799,207.7,0.139911
303.6000,1.88716,208.389,0.149778
303.5000,2.14989,207.533,0.137505
303.4000,0.552381,207.264,0.133649
303.3000,0.443321,207.331,0.134609
303.2000,1.63018,208.297,0.148465
303.1000,1.79108,208.341,0.149081
303.0000,0.912824,207.266,0.133681
302.9000,-0.435601,207.58,0.138187
302.8000,0.910374,206.542,0.123264
302.7000,0.892859,207.456,0.136398
302.6000,2.31497,208.396,0.149875
302.5000,0.660545,206.742,0.126136
302.4000,0.295258,207.197,0.132688
302.3000,-0.106553,209.326,0.163156
302.2000,2.51078,207.979,0.143906
302.1000,1.79066,206.853,0.127734
302.0000,2.10605,207.486,0.136838
301.9000,1.71457,207.624,0.138821
301.8000,2.78908,207.928,0.143175
301.7000,2.48814,207.46,0.136464
301.6000,-0.795489,208.062,0.145091
301.5000,1.11228,207.194,0.132639
301.4000,0.136994,207.456,0.136398
301.3000,2.10347,207.926,0.143143
301.2000,0.43906,208.295,0.148432
301.1000,1.70171,207.825,0.141698
301.0000,0.987847,207.105,0.131369
300.9000,2.55038,206.673,0.125141
300.8000,2.28167,207.205,0.132802
300.7000,2.77124,206.136,0.117398
300.6000,0.813619,206.681,0.125255
300.5000,1.43244,207.186,0.132525
300.4000,0.526853,208.127,0.146032
300.3000,0.111466,206.445,0.121859
300.2000,1.22358,208.406,0.150021
300.1000,1.25221,208.995,0.158438
300.0000,1.46764,207.396,0.135536
299.9000,2.55858,208.337,0.149032
299.8000,1.40228,208.24,0.147638
299.7000,0.37882,207.035,0.130359
299.6000,1.98787,207.539,0.137602
299.5000,0.574292,207.757,0.140723
299.4000,0.32302,207.418,0.135862
299.3000,2.35444,207.096,0.131238
299.2000,1.18348,208.133,0.146113
299.1000,0.583467,207.65,0.139195
299.0000,2.34507,207.247,0.133404
298.9000,0.97412,206.955,0.129202
298.8000,2.46893,206.73,0.125973
298.7000,1.13243,206.817,0.127213
298.6000,1.63429,207.406,0.135683
298.5000,1.66893,208.173,0.146681
298.4000,0.0847816,207.434,0.13609
298.3000,0.875125,206.907,0.128517
298.2000,1.4959,207.024,0.130196
298.1000,2.90506,206.829,0.127392
298.0000,1.79176,207.87,0.142347
297.9000,2.06262,207.402,0.135634
297.8000,2.26697,207.035,0.130359
297.7000,1.38893,205.845,0.113209
297.6000,1.68327,207.791,0.14121
297.5000,3.85853,207.352,0.134918
297.4000,0.203084,208.154,0.146405
297.3000,1.99032,206.81,0.127115
297.2000,1.83108,207.948,0.143468
297.1000,2.41212,207.071,0.13088
297.0000,1.45107,207.788,0.141162
296.9000,0.942894,207.295,0.134088
296.8000,-0.217297,207.989,0.144052
296.7000,0.347231,206.96,0.129283
296.6000,0.913342,208.156,0.146437
296.5000,1.12341,206.668,0.125075
296.4000,0.847701,206.805,0.12705
296.3000,1.75453,207.952,0.143516
296.2000,0.373076,207.797,0.141292
296.1000,0.73666,207.235,0.133225
296.0000,0.489342,207.163,0.132199
295.9000,1.53729,207.215,0.132948
295.8000,1.48297,206.98,0.12956
295.7000,1.26476,207.389,0.135439
295.6000,0.235103,208.077,0.145302
295.5000,2.41583,207.675,0.139553
295.4000,0.779679,207.473,0.136642
295.3000,3.06111,207.815,0.141551
295.2000,0.794076,207.384,0.135374
295.1000,1.46438,207.711,0.140057
295.0000,-1.27453,207.215,0.132948
294.9000,1.17384,207.333,0.134641
294.8000,1.64369,207.447,0.136268
294.7000,0.0502789,206.941,0.129006
294.6000,1.23242,207.312,0.134332
294.5000,0.717845,207.436,0.136122
294.4000,1.93948,207.098,0.131255
294.3000,1.01475,206.883,0.128174
294.2000,1.52589,207.244,0.133355
294.1000,0.282508,207.205,0.132802
294.0000,1.00695,208.598,0.152758
293.9000,0.415601,206.694,0.125451
293.8000,1.76703,207.493,0.136935
293.7000,1.92266,206.858,0.127816
293.6000,1.12403,207.916,0.142997
293.5000,1.26899,207.943,0.143386
293.4000,-0.144721,207.335,0.134674
293.3000,0.456694,207.356,0.134967
293.2000,-0.527832,206.971,0.12943
293.1000,1.85479,207.765,0.140837
293.0000,0.578413,207.301,0.134186
292.9000,1.99193,206.77,0.126544
292.8000,2.66227,206.164,0.117807
292.7000,2.63356,208.35,0.14921
292.6000,-0.157161,206.7,0.125532
292.5000,1.17304,207.269,0.133713
292.4000,1.87453,207.547,0.137716
292.3000,-0.019807,206.521,0.122953
292.2000,2.36254,205.668,0.110638
292.1000,0.509439,208.036,0.144718
292.0000,2.23063,206.159,0.117742
291.9000,0.551582,206.69,0.125385
291.8000,1.50419,207.41,0.135748
291.7000,1.27398,206.542,0.123264
291.6000,0.771406,207.76,0.140772
291.5000,1.17256,208.611,0.152953
291.4000,1.44713,208.682,0.153957
291.3000,0.296828,207.712,0.140073
291.2000,0.240277,205.83,0.11298
291.1000,0.709305,207.845,0.14199
291.0000,1.59057,206.98,0.12956
290.9000,0.568061,206.198,0.118297
290.8000,0.0517464,207.756,0.140707
290.7000,0.318297,207.103,0.131336
290.6000,1.61058,208.189,0.146908
290.5000,0.770862,207.451,0.136334
290.4000,0.763484,207.125,0.131646
290.3000,1.55842,206.424,0.121565
290.2000,0.970564,208.006,0.144296
290.1000,2.34652,208.161,0.146519
290.0000,0.496401,207.291,0.134039
289.9000,1.01755,206.589,0.123933
289.8000,0.934927,206.379,0.120912
289.7000,1.31623,207.47,0.13661
289.6000,1.13101,207.414,0.135797
289.5000,1.31999,207.188,0.132557
289.4000,1.53891,207.8,0.14134
289.3000,1.66035,207.496,0.136984
289.2000,1.98161,207.899,0.142753
289.1000,1.71771,209.212,0.161524
289.0000,2.4201,208.333,0.148967
288.9000,0.292839,207.488,0.13687
288.8000,0.809319,207.815,0.141551
288.7000,1.17494,209.22,0.161638
288.6000,2.39727,208.402,0.149956
288.5000,0.533594,207.389,0.135439
288.4000,0.634589,207.045,0.130505
288.3000,1.72163,207.539,0.137602
288.2000,3.17464,207.895,0.142705
288.1000,0.56478,208.334,0.148983
288.0000,1.48554,207.487,0.136854
287.9000,0.797077,208.16,0.146502
287.8000,2.5361,208.343,0.149113
287.7000,0.742708,207.433,0.136073
287.6000,1.93517,208.236,0.147589
287.5000,1.15865,206.329,0.120193
287.4000,1.85224,208.019,0.144474
287.3000,2.67741,207.576,0.138123
287.2000,0.36221,207.965,0.143711
287.1000,2.27514,207.72,0.140187
287.0000,-0.652554,208.513,0.151544
286.9000,1.24489,207.477,0.136708
286.8000,2.24265,207.777,0.141015
286.7000,2.31676,208.236,0.147589
286.6000,0.826114,208.388,0.149761
286.5000,-1.32799,208.107,0.14574
286.4000,0.248485,207.613,0.138659
286.3000,1.9092,208.602,0.152823
286.2000,2.3292,208.324,0.148838
286.1000,1.14291,207.893,0.142672
286.0000,1.05376,207.543,0.137651
285.9000,1.41138,208.367,0.149453
285.8000,0.841723,207.841,0.141925
285.7000,-0.0347948,208.023,0.144539
285.6000,1.47381,207.692,0.139797
285.5000,-0.771205,206.804,0.127033
285.4000,1.81144,208.002,0.144231
285.3000,-1.18525,208.176,0.14673
285.2000,1.59863,207.117,0.131532
285.1000,2.73211,208.419,0.150199
285.0000,-0.800029,208.161,0.146519
284.9000,0.584068,208.338,0.149048
284.8000,-0.809032,207.524,0.137374
284.7000,1.01623,209.963,0.172219
284.6000,0.190905,207.735,0.140414
284.5000,0.538918,208.379,0.149632
284.4000,2.14699,208.929,0.157484
284.3000,0.51639,207.527,0.137423
284.2000,0.241263,207.678,0.139586
284.1000,2.49653,206.963,0.129315
284.0000,1.15341,207.721,0.140203
283.9000,1.2461,208.229,0.147492
283.8000,0.650576,208.445,0.150572
283.7000,0.13553,208.095,0.145561
283.6000,1.592,207.318,0.13443
283.5000,0.636987,208.225,0.147427
283.4000,1.18512,207.66,0.139325
283.3000,0.175905,208.04,0.144783
283.2000,0.962271,208.121,0.145935
283.1000,1.10249,207.236,0.133242
283.0000,1.44633,208.18,0.146778
282.9000,1.14544,207.503,0.137082
282.8000,0.39475,208.268,0.148043
282.7000,-0.623533,207.671,0.139488
282.6000,-0.0623926,207.749,0.140609
282.5000,1.31359,208.401,0.14994
282.4000,1.12368,208.305,0.148578
282.3000,0.760179,207.678,0.139586
282.2000,-0.521188,208.106,0.145724
282.1000,1.8079,208.041,0.144799
282.0000,0.535021,208.29,0.148351
281.9000,-0.374409,207.828,0.141746
281.8000,0.270864,208.653,0.153552
281.7000,-0.677675,207.796,0.141275
281.6000,1.98131,207.888,0.142607
281.5000,0.804276,208.155,0.146421
281.4000,-0.148343,209.14,0.160507
281.3000,-0.668722,207.22,0.133014
281.2000,0.223599,208.444,0.150555
281.1000,0.013942,208.438,0.150474
281.0000,0.822122,208.648,0.153471
280.9000,1.19497,208.586,0.152596
280.8000,1.83938,208.232,0.147524
280.7000,0.719774,207.895,0.142705
280.6000,0.571847,207.879,0.142477
280.5000,1.06844,207.891,0.14264
280.4000,0.65213,207.816,0.141568
280.3000,1.41409,208.466,0.15088
280.2000,1.67542,208.048,0.144896
280.1000,0.934005,208.339,0.149064
280.0000,1.45643,208.321,0.148805
279.9000,1.25458,208.244,0.147703
279.8000,2.2078,207.779,0.141031
279.7000,0.860617,208.597,0.152742
279.6000,2.4795,207.942,0.14337
279.5000,2.00004,208.043,0.144815
279.4000,0.131732,208.241,0.147654
279.3000,2.1597,207.886,0.142574
279.2000,0.86975,208.498,0.151333
279.1000,-0.554901,208.123,0.145967
279.0000,1.46635,207.884,0.142542
278.9000,1.71927,208.882,0.156821
278.8000,-0.0970637,207.731,0.140349
278.7000,0.294327,208.305,0.148578
278.6000,0.0529588,208.571,0.15237
278.5000,2.0241,207.383,0.135357
278.4000,-0.40254,208.471,0.150944
278.3000,0.962729,208.798,0.155623
278.2000,0.34674,208.355,0.149291
278.1000,1.76789,207.782,0.14108
278.0000,2.01297,208.526,0.151738
277.9000,1.50936,208.55,0.152078
277.8000,0.02896,208.537,0.151884
277.7000,0.571138,207.468,0.136578
277.6000,1.38135,208.165,0.146567
277.5000,1.11229,208.651,0.153519
277.4000,1.07721,207.67,0.139472
277.3000,0.94623,209.033,0.158971
277.2000,1.62473,208.094,0.145545
277.1000,1.58543,207.776,0.140999
277.0000,1.1604,207.892,0.142656
276.9000,-0.157187,207.935,0.143273
276.8000,2.95232,208.441,0.150523
276.7000,0.593692,207.988,0.144036
276.6000,-0.0278336,208.14,0.14621
276.5000,0.423896,208.222,0.147378
276.4000,0.92908,208.138,0.146178
276.3000,0.681555,208.693,0.154118
276.2000,1.40413,208.077,0.145302
276.1000,0.283314,209.076,0.159585
276.0000,0.438438,208.205,0.147135
275.9000,-0.635796,208.645,0.153438
275.8000,0.321725,207.689,0.139748
275.7000,0.575436,207.721,0.140203
275.6000,-1.29699,208.446,0.150588
275.5000,0.401846,208.367,0.149453
275.4000,0.607925,207.999,0.144198
275.3000,0.901045,207.91,0.142916
275.2000,1.6506,207.658,0.139309
275.1000,-0.0537364,208.378,0.149615
275.0000,-0.797639,207.673,0.13952
274.9000,2.46208,208.176,0.14673
274.8000,-0.846818,209.449,0.164899
274.7000,0.477646,208.883,0.156837
274.6000,-0.346402,208.232,0.147524
274.5000,1.25954,208.224,0.147411
274.4000,2.02843,208.305,0.148578
274.3000,1.22502,208.713,0.15441
274.2000,0.494301,208.016,0.144442
274.1000,1.19252,209.105,0.160006
274.0000,-0.298241,208.901,0.157096
273.9000,-1.46805,208.069,0.145188
273.8000,-0.166702,207.265,0.133665
273.7000,-1.21522,207.993,0.144101
273.6000,0.315697,208.201,0.147086
273.5000,1.03299,208.723,0.154555
273.4000,0.596298,208.399,0.149923
273.3000,-0.800589,207.512,0.137212
273.2000,0.197977,208.709,0.154345
273.1000,0.530822,208.26,0.147929
273.0000,-0.213514,210.063,0.173636
272.9000,0.8909,208.227,0.147459
272.8000,-0.285681,208.773,0.155267
272.7000,0.82893,207.823,0.141665
272.6000,0.286251,208.601,0.152807
272.5000,0.0355557,207.758,0.140739
272.4000,-0.520196,208.107,0.14574
272.3000,1.81853,208.226,0.147443
272.2000,0.451603,208.261,0.147946
272.1000,0.180433,207.921,0.143078
272.0000,-1.41203,208.16,0.146502
271.9000,-1.18055,207.612,0.138643
271.8000,-0.0521912,207.616,0.138708
271.7000,0.774911,209.282,0.162526
271.6000,1.02831,208.248,0.147751
271.5000,-0.367584,209.15,0.160636
271.4000,-1.28069,207.098,0.131255
271.3000,0.327725,208.533,0.151835
271.2000,-0.149608,209.111,0.160087
271.1000,-0.0491323,209.581,0.166787
271.0000,1.26605,207.273,0.133779
270.9000,-0.585289,208.87,0.156643
270.8000,2.01236,207.859,0.142185
270.7000,0.139262,208.449,0.150636
270.6000,1.79188,208.463,0.150831
270.5000,-0.169508,208.648,0.153471
270.4000,-1.42151,208.072,0.145237
270.3000,0.372076,208.415,0.15015
270.2000,-0.439648,208.745,0.154863
270.1000,-0.122949,208.004,0.144263
270.0000,0.304801,208.197,0.147021
269.9000,1.13312,209.231,0.161799
269.8000,-0.152399,207.565,0.137976
269.7000,2.3248,208.905,0.157144
269.6000,-0.851992,208.043,0.144815
269.5000,0.958642,208.644,0.153422
269.4000,-0.554985,208.853,0.1564
269.3000,2.81144,208.402,0.149956
269.2000,0.179392,208.637,0.153325
269.1000,-0.640723,209.178,0.16104
269.0000,2.77608,209.034,0.158987
268.9000,1.57141,208.184,0.146843
268.8000,2.07763,208.871,0.156659
268.7000,-0.0635975,208.836,0.156157
268.6000,-0.00854495,209.075,0.159569
268.5000,1.92712,209.961,0.172187
268.4000,-0.622778,207.675,0.139553
268.3000,0.790894,208.288,0.148335
268.2000,2.0252,208.28,0.148221
268.1000,1.70302,209.212,0.161524
268.0000,1.70738,209.391,0.164076
267.9000,-0.050829,209.399,0.164189
267.8000,0.941396,209.034,0.158987
267.7000,1.2693,209.699,0.168464
267.6000,1.41159,207.548,0.137732
267.5000,1.42353,209.015,0.158713
267.4000,-1.17085,208.615,0.153001
267.3000,-0.437062,209.4,0.164205
267.2000,0.789817,209.312,0.162946
267.1000,-1.17028,208.799,0.15564
267.0000,0.577216,208.695,0.154151
266.9000,1.19865,207.042,0.130456
266.8000,1.46453,209.401,0.164221
266.7000,0.0751859,209.797,0.169851
266.6000,0.00568615,207.999,0.144198
266.5000,-1.57187,210.238,0.176131
266.4000,1.07426,209.189,0.161201
266.3000,-1.20283,209.727,0.168867
266.2000,-1.09784,208.344,0.149129
266.1000,-0.25331,209.59,0.166916
266.0000,-1.77068,207.977,0.143873
265.9000,1.35857,208.569,0.152354
265.8000,-0.882103,209.281,0.16251
265.7000,0.577088,209.326,0.163156
265.6000,0.407796,208.208,0.147183
265.5000,1.3661,207.963,0.143679
265.4000,-0.991165,209.078,0.159618
265.3000,-0.408854,209.414,0.164399
265.2000,0.152027,210.321,0.177305
265.1000,-1.10522,210.736,0.183187
265.0000,1.98128,208.808,0.155769
264.9000,0.766922,209.394,0.164125
264.8000,0.952881,210.005,0.172815
264.7000,0.505657,209.799,0.169883
264.6000,0.377829,210.11,0.174312
264.5000,1.39814,209.697,0.168432
264.4000,-0.819356,209.483,0.165383
264.3000,2.78125,209.701,0.168497
264.2000,-1.23824,209.457,0.165012
264.1000,0.980043,210.945,0.186157
264.0000,-0.851154,209.301,0.1628
263.9000,1.69312,208.437,0.150458
263.8000,0.442634,210.32,0.177289
263.7000,1.92378,210.14,0.174731
263.6000,1.15205,210.468,0.179396
263.5000,0.151188,209.944,0.171945
263.4000,0.398227,209.254,0.162122
263.3000,-0.190356,210.039,0.173298
263.2000,-0.889488,210.41,0.17856
263.1000,0.790948,210.174,0.175214
263.0000,0.710836,210.285,0.176791
262.9000,-0.796488,209.525,0.165981
262.8000,0.00936416,210.14,0.174731
262.7000,0.780279,210.092,0.174055
262.6000,1.53539,210.508,0.179958
262.5000,-1.75801,209.787,0.169722
262.4000,0.873737,209.238,0.161896
262.3000,1.43091,209.893,0.17122
262.2000,0.892298,209.229,0.161767
262.1000,-0.523789,210.836,0.1846
262.0000,0.686673,211.119,0.188611
261.9000,0.0504522,210.317,0.177241
261.8000,0.816948,210.31,0.177144
261.7000,1.49185,210.519,0.180119
261.6000,-1.53158,210.269,0.176565
261.5000,0.658906,210.789,0.183942
261.4000,-0.635506,210.457,0.179235
261.3000,-1.69288,210.799,0.184087
261.2000,0.889197,210.167,0.175117
261.1000,0.397138,210.9,0.185515
261.0000,1.57981,210.79,0.183958
260.9000,1.32298,210.804,0.184151
260.8000,-1.36516,209.692,0.168367
260.7000,-0.20478,209.843,0.170511
260.6000,-0.893498,210.416,0.178656
260.5000,0.749898,212.115,0.202678
260.4000,0.425322,210.995,0.186863
260.3000,0.541483,210.788,0.183926
260.2000,1.04944,210.983,0.186686
260.1000,0.430045,209.358,0.163608
260.0000,-0.292874,210.996,0.186879
259.9000,0.806808,210.524,0.180183
259.8000,0.983548,211.387,0.192409
259.7000,-0.406489,211.042,0.18752
259.6000,1.72646,211.494,0.193914
259.5000,1.5498,211.141,0.188932
259.4000,1.27928,211.119,0.188611
259.3000,0.589436,211.371,0.192185
259.2000,-1.04778,211.191,0.189637
259.1000,0.588105,211.706,0.196907
259.0000,0.714357,210.926,0.185884
258.9000,-0.774824,210.916,0.18574
258.8000,0.0891448,210.898,0.185483
258.7000,1.29729,211.009,0.187055
258.6000,0.473777,211.149,0.189044
258.5000,1.19002,211.896,0.199594
258.4000,-0.448198,212.635,0.210002
258.3000,0.229402,211.49,0.193866
258.2000,-0.85134,211.98,0.200776
258.1000,0.325109,210.109,0.174296
258.0000,0.594158,211.528,0.194395
257.9000,0.680155,211.155,0.189124
257.8000,0.278228,210.919,0.185788
257.7000,0.438646,211.271,0.190759
257.6000,0.0646269,211.376,0.192249
257.5000,0.107931,212.333,0.205759
257.4000,-0.0610522,211.436,0.193098
257.3000,0.0900045,211.56,0.194843
257.2000,2.02563,211.101,0.188354
257.1000,0.888484,211.905,0.199722
257.0000,0.747757,211.319,0.191448
256.9000,0.422735,211.984,0.20084
256.8000,-0.531541,211.796,0.198187
256.7000,1.54606,210.609,0.181388
256.6000,-1.2447,211.724,0.197163
256.5000,-2.04209,211.231,0.190198
256.4000,1.21534,212.041,0.201639
256.3000,2.50082,211.83,0.198666
256.2000,-0.239962,212.111,0.20263
256.1000,2.10138,211.754,0.197595
256.0000,-0.45808,211.915,0.199866
255.9000,2.51424,211.639,0.195963
255.8000,0.0164294,211.623,0.195739
255.7000,-0.217231,211.234,0.190246
255.6000,0.842258,211.546,0.194651
255.5000,0.223146,212.229,0.20429
255.4000,1.65307,210.77,0.183669
255.3000,-0.728819,212.995,0.215067
255.2000,-0.493931,211.601,0.195435
255.1000,1.16305,211.613,0.195595
255.0000,0.752045,212.584,0.209284
254.9000,-0.0609384,210.037,0.173266
254.8000,-1.1436,212.604,0.209571
254.7000,0.784396,211.745,0.197467
254.6000,1.1847,211.596,0.195355
254.5000,1.47235,212.645,0.210145
254.4000,1.6454,211.485,0.193786
254.3000,-0.677553,212.558,0.208917
254.2000,-0.291169,213.772,0.22597
254.1000,0.675491,212.173,0.203492
254.0000,1.62442,211.68,0.196539
253.9000,1.20814,212.125,0.202821
253.8000,-0.102585,212.366,0.206222
253.7000,-1.13576,212.825,0.212678
253.6000,-2.10018,213.369,0.220316
253.5000,-1.48558,212.731,0.211356
253.4000,0.106116,213.748,0.225621
253.3000,1.77873,212.607,0.209603
253.2000,0.622842,214.405,0.234815
253.1000,0.284458,213.246,0.218583
253.0000,0.950379,213.417,0.220984
252.9000,1.26839,212.86,0.213172
252.8000,-0.0464009,212.871,0.213315
252.7000,-1.41226,212.951,0.214446
252.6000,0.412745,213.149,0.217231
252.5000,-1.38047,212.786,0.212121
252.4000,1.59736,213.774,0.225986
252.3000,0.901826,212.207,0.203971
252.2000,-0.427796,212.651,0.210224
252.1000,1.27571,212.942,0.214319
252.0000,-0.00126287,212.558,0.208917
251.9000,0.523122,212.961,0.214589
251.8000,0.217446,213.285,0.219139
251.7000,-0.553011,212.503,0.208152
251.6000,0.770669,212.839,0.21287
251.5000,1.04601,213.444,0.221365
251.4000,0.523748,213.987,0.228968
251.3000,-0.353077,212.846,0.212965
251.2000,0.316688,213.178,0.217629
251.1000,0.63745,213.44,0.221317
251.0000,-2.03215,213.256,0.218726
250.9000,2.09234,213.097,0.216499
250.8000,2.32514,213.95,0.228461
250.7000,1.13079,213.18,0.217661
250.6000,0.9397,213.021,0.215433
250.5000,1.13393,213.763,0.225843
250.4000,-0.562776,213.905,0.227826
250.3000,-0.532632,214.263,0.232835
250.2000,0.173,213.727,0.225335
250.1000,1.65041,214.532,0.236587
250.0000,0.486909,213.887,0.227573
249.9000,1.69405,213.783,0.226113
249.8000,1.29478,214.353,0.234086
249.7000,-0.15161,213.053,0.215878
249.6000,1.2057,214.285,0.233136
249.5000,-0.337946,214.356,0.234134
249.4000,-0.205342,213.536,0.222652
249.3000,1.01503,213.525,0.222509
249.2000,0.813392,213.939,0.228302
249.1000,-1.35827,214.911,0.241884
249.0000,-0.696839,213.929,0.228159
248.9000,1.30651,214.511,0.236303
248.8000,1.29163,214.432,0.235195
248.7000,-1.73342,213.672,0.224557
248.6000,-0.10328,214.455,0.235511
248.5000,0.409629,214.213,0.232138
248.4000,-0.431735,213.834,0.226827
248.3000,-1.95567,214.342,0.233944
248.2000,-1.11747,214.746,0.239577
248.1000,-0.747098,213.839,0.226906
248.0000,-0.829478,215.036,0.243622
247.9000,-0.162253,214.889,0.241568
247.8000,-0.20103,214.635,0.238027
247.7000,2.41149,214.939,0.242279
247.6000,-1.10103,214.17,0.231536
247.5000,-0.296523,214.54,0.236698
247.4000,-0.557445,214.238,0.232487
247.3000,1.24877,214.839,0.240873
247.2000,-0.340329,214.406,0.234831
247.1000,-0.854098,213.979,0.228857
247.0000,1.60518,214.787,0.240146
246.9000,-1.88107,215.468,0.249635
246.8000,-0.252719,215.233,0.246369
246.7000,0.577422,215.078,0.244207
246.6000,-1.44028,215.988,0.256864
246.5000,-0.448603,215.745,0.253496
246.4000,1.14451,214.255,0.232725
246.3000,-1.50519,215.017,0.243354
246.2000,-2.18521,214.299,0.233342
246.1000,-1.01634,216.232,0.260262
246.0000,-1.41913,214.731,0.239372
245.9000,-1.49289,215.824,0.254598
245.8000,0.495374,214.601,0.237553
245.7000,-0.371482,216.138,0.258957
245.6000,-2.77286,216.117,0.258658
245.5000,-0.616866,214.891,0.2416
245.4000,-2.71835,214.285,0.233136
245.3000,-2.39587,217.08,0.272002
245.2000,-4.53063,215.607,0.251573
245.1000,-1.38125,215.835,0.254739
245.0000,-2.72794,216.134,0.258894
244.9000,-2.52847,216.326,0.261566
244.8000,-1.1978,215.37,0.248278
244.7000,-0.860243,216.26,0.260639
244.6000,-1.33598,216.005,0.2571
244.5000,-1.6786,216.614,0.265556
244.4000,-2.42432,217.418,0.276669
244.3000,-3.14968,216.116,0.258642
244.2000,-2.35594,215.983,0.256802
244.1000,-2.28166,216.027,0.257415
244.0000,-2.59505,217.142,0.272864
243.9000,-2.25553,217.061,0.271736
243.8000,-2.94297,215.692,0.252755
243.7000,-3.05267,216.283,0.260969
243.6000,-1.5525,216.551,0.264677
243.5000,-4.14857,216.991,0.27078
243.4000,-5.37511,216.09,0.25828
243.3000,-2.58373,217.149,0.272958
243.2000,-4.33094,217.168,0.273225
243.1000,-3.20746,217.182,0.273412
243.0000,-4.16616,217.518,0.278062
242.9000,-4.31712,217.557,0.278594
242.8000,-4.65685,218.327,0.289215
242.7000,-3.10692,217.214,0.273851
242.6000,-2.04725,218.004,0.284767
242.5000,-5.36459,217.509,0.277937
242.4000,-3.29227,218.14,0.286641
242.3000,-1.23161,216.076,0.258092
242.2000,-4.8203,217.541,0.278375
242.1000,-3.58247,217.014,0.271094
242.0000,-5.26233,217.917,0.283565
241.9000,-3.44362,218.683,0.294109
241.8000,-6.50909,218.385,0.290011
241.7000,-3.97583,218.699,0.294327
241.6000,-3.92115,218.417,0.290447
241.5000,-6.06427,217.876,0.283002
241.4000,-4.6945,217.946,0.283955
241.3000,-6.77305,219.048,0.299121
241.2000,-4.70286,219.355,0.303334
241.1000,-6.08183,219.122,0.300132
241.0000,-5.33518,219.019,0.298717
240.9000,-4.80357,219.728,0.308442
240.8000,-5.89407,219.199,0.301189
240.7000,-7.58746,220.106,0.31362
240.6000,-5.02005,219.249,0.301873
240.5000,-5.57462,220.061,0.313001
240.4000,-6.50276,219.638,0.307216
240.3000,-5.9248,219.106,0.299915
240.2000,-8.82478,219.56,0.306145
240.1000,-8.40334,220.736,0.322224
240.0000,-6.92134,219.994,0.312086
239.9000,-7.44718,220.037,0.312675
239.8000,-8.74256,220.856,0.323862
239.7000,-6.37571,219.723,0.30838
239.6000,-9.24324,219.809,0.309559
239.5000,-8.64837,220.558,0.319797
239.4000,-8.82343,220.848,0.323754
239.3000,-8.06224,221.168,0.328109
239.2000,-9.80177,221.801,0.336725
239.1000,-10.4353,221.498,0.332596
239.0000,-9.03552,221.651,0.334676
238.9000,-11.1616,221.65,0.334661
238.8000,-8.80278,221.354,0.330639
238.7000,-10.8201,221.745,0.335955
238.6000,-11.1637,222.06,0.340233
238.5000,-11.1132,222.134,0.341248
238.4000,-11.5909,221.758,0.33614
238.3000,-12.4835,222.656,0.348314
238.2000,-12.1428,223.132,0.354754
238.1000,-11.1131,223.265,0.356561
238.0000,-11.8764,221.966,0.338956
237.9000,-11.1319,222.132,0.341217
237.8000,-13.6224,223.731,0.362849
237.7000,-14.0698,223.009,0.353099
237.6000,-13.3728,223.621,0.361366
237.5000,-14.0051,223.273,0.356668
237.4000,-13.2388,223.782,0.363537
237.3000,-13.302,223.415,0.358582
237.2000,-14.5458,223.774,0.36343
237.1000,-14.3869,224.19,0.369035
237.0000,-16.5048,223.892,0.365019
236.9000,-14.0564,223.755,0.36317
236.8000,-15.8392,224.095,0.367752
236.7000,-14.5366,224.473,0.372848
236.6000,-15.8649,225.08,0.381009
236.5000,-15.3285,224.352,0.371216
236.4000,-16.5231,226.793,0.40392
236.3000,-14.0701,225.327,0.384324
236.2000,-16.9205,226.072,0.394294
236.1000,-17.0633,225.422,0.385585
236.0000,-17.0376,226.287,0.397172
235.9000,-18.1568,226.217,0.396233
235.8000,-17.8787,226.557,0.400774
235.7000,-18.9589,226.058,0.394112
235.6000,-20.4109,226.674,0.402332
235.5000,-19.6873,227.19,0.409221
235.4000,-20.7162,227.524,0.413671
235.3000,-18.9952,227.768,0.416911
235.2000,-20.8397,228.068,0.4209
235.1000,-18.5687,227.773,0.416971
235.0000,-20.4982,228.696,0.429226
234.9000,-22.509,228.089,0.421171
234.8000,-20.8849,228.276,0.423652
234.7000,-20.3896,227.71,0.416143
234.6000,-22.5837,229.167,0.435465
234.5000,-23.1438,228.631,0.42837
234.4000,-23.2221,229.864,0.44467
234.3000,-22.4004,230.247,0.449719
234.2000,-22.6697,229.631,0.441589
234.1000,-23.602,228.934,0.432377
234.0000,-24.7002,230.204,0.449152
233.9000,-26.4223,229.846,0.444431
233.8000,-26.2524,230.209,0.449212
233.7000,-28.6578,231.285,0.463368
233.6000,-23.9975,230.395,0.451659
233.5000,-26.1764,231.511,0.466326
233.4000,-29.2767,232.537,0.479765
233.3000,-26.6208,231.634,0.467945
233.2000,-27.2162,231.681,0.468554
233.1000,-27.9772,232.539,0.479795
233.0000,-28.8123,232.533,0.479706
232.9000,-28.336,232.062,0.473556
232.8000,-27.2525,232.332,0.477084
232.7000,-27.1077,232.448,0.478595
232.6000,-30.8697,233.168,0.488003
232.5000,-29.3633,233.277,0.489421
232.4000,-31.686,234.168,0.50101
232.3000,-31.1717,233.319,0.489967
232.2000,-30.699,233.719,0.495175
232.1000,-32.7355,234.325,0.503055
232.0000,-31.7709,234.024,0.49914
231.9000,-32.7232,234.98,0.51155
231.8000,-33.5658,235.65,0.520215
231.7000,-34.8255,234.803,0.509259
231.6000,-33.1427,235.44,0.517504
231.5000,-34.2651,235.393,0.516889
231.4000,-35.9532,235.594,0.519497
231.3000,-37.1879,236.117,0.526243
231.2000,-36.6076,236.393,0.529809
231.1000,-37.4192,236.548,0.53181
231.0000,-36.8089,236.453,0.530583
230.9000,-37.6617,236.822,0.535341
230.8000,-38.4666,235.79,0.52203
230.7000,-36.0459,236.634,0.532919
230.6000,-38.036,237.934,0.54962
230.5000,-39.6591,237.672,0.546263
230.4000,-40.8812,237.603,0.545376
230.3000,-37.5111,237.619,0.545579
230.2000,-38.9707,237.616,0.545536
230.1000,-40.3672,237.849,0.548531
230.0000,-40.0062,238.249,0.553657
229.9000,-39.6407,238.382,0.555355
229.8000,-44.2486,238.256,0.553744
229.7000,-43.4244,238.556,0.557588
229.6000,-43.0119,239.487,0.569485
229.5000,-41.1456,238.97,0.562875
229.4000,-42.4318,240.341,0.58035
229.3000,-41.71,239.642,0.57145
229.2000,-43.0514,240.543,0.582928
229.1000,-41.5483,241.378,0.593524
229.0000,-44.764,240.628,0.584008
228.9000,-45.8289,240.625,0.583965
228.8000,-46.8276,240.901,0.587475
228.7000,-48.0003,241.51,0.595189
228.6000,-47.4074,241.096,0.589947
228.5000,-47.0097,241.559,0.595806
228.4000,-48.2732,241.599,0.596323
228.3000,-49.1527,242.072,0.6023
228.2000,-49.3983,242.965,0.613569
228.1000,-48.2083,242.864,0.612298
228.0000,-51.1048,243.049,0.614625
227.9000,-48.337,244.862,0.637395
227.8000,-52.8824,243.769,0.623693
227.7000,-51.8093,244.022,0.626867
227.6000,-50.1937,243.643,0.622112
227.5000,-51.295,244.806,0.6367
227.4000,-52.8509,245.947,0.650962
227.3000,-53.4637,245.103,0.640416
227.2000,-51.196,245.129,0.640742
227.1000,-53.5398,246.003,0.651654
227.0000,-51.3903,245.388,0.643986
226.9000,-50.8482,246.439,0.657091
226.8000,-53.957,246.371,0.656245
226.7000,-55.3355,246.737,0.660801
226.6000,-52.153,248.258,0.679687
226.5000,-52.176,246.963,0.66362
226.4000,-55.7544,246.937,0.663296
226.3000,-52.8757,248.325,0.680514
226.2000,-53.5986,247.039,0.664563
226.1000,-55.1352,247.387,0.668885
226.0000,-55.4844,248.383,0.681229
225.9000,-55.3279,247.758,0.673482
225.8000,-55.9406,248.104,0.677779
225.7000,-57.124,249.129,0.690444
225.6000,-59.8643,249.275,0.692247
225.5000,-56.7271,249.99,0.701058
225.4000,-57.7785,250.425,0.706409
225.3000,-57.3365,250.339,0.705351
225.2000,-56.929,250.605,0.708623
225.1000,-56.9641,250.877,0.711962
225.0000,-59.0168,250.848,0.7116
224.9000,-60.7744,250.855,0.711697
224.8000,-56.0614,251.191,0.715811
224.7000,-59.6994,251.294,0.717075
224.6000,-59.5167,251.739,0.722528
224.5000,-61.29,252.085,0.726755
224.4000,-58.9223,251.627,0.721155
224.3000,-57.9249,252.92,0.736948
224.2000,-61.8979,252.141,0.727447
224.1000,-60.3178,252.495,0.731765
224.0000,-61.8088,253.068,0.738757
223.9000,-60.0024,254.103,0.75134
223.8000,-60.2592,252.868,0.736313
223.7000,-58.2398,254.195,0.752455
223.6000,-58.9032,252.778,0.735221
223.5000,-61.7657,253.276,0.741283
223.4000,-59.5329,255.127,0.763758
223.3000,-61.653,255.491,0.768157
223.2000,-62.9745,255.048,0.762798
223.1000,-59.4309,255.933,0.773495
223.0000,-60.3779,255.17,0.764279
222.9000,-61.2848,256.366,0.778716
222.8000,-61.7732,256.146,0.776065
222.7000,-60.4305,255.85,0.772496
222.6000,-62.2084,256.585,0.781364
222.5000,-62.6846,257.119,0.787787
222.4000,-62.3556,257.197,0.788727
222.3000,-62.5983,257.572,0.793233
222.2000,-58.4676,257.667,0.794376
222.1000,-61.2242,258.261,0.801496
222.0000,-64.9854,258.141,0.800057
221.9000,-57.8483,258.457,0.803844
221.8000,-60.8609,259.29,0.813802
221.7000,-60.3896,259.199,0.812719
221.6000,-62.6869,259.548,0.816885
221.5000,-64.2192,259.355,0.814573
221.4000,-63.0039,260.011,0.822397
221.3000,-62.9172,260.396,0.826984
221.2000,-62.8795,260.797,0.831754
221.1000,-61.9787,260.42,0.827267
221.0000,-62.4442,260.93,0.833329
220.9000,-61.1997,260.909,0.833087
220.8000,-60.8683,261.303,0.837768
220.7000,-63.8872,262.071,0.846858
220.6000,-65.0055,262.175,0.848092
220.5000,-62.3531,262.612,0.853263
220.4000,-62.7882,262.738,0.854749
220.3000,-60.7607,263.524,0.864025
220.2000,-60.0792,263.615,0.865093
220.1000,-62.1054,263.408,0.86265
220.0000,-62.8923,264.155,0.871454
219.9000,-66.6302,263.857,0.867948
219.8000,-59.7152,264.683,0.877657
219.7000,-60.11,264.78,0.878788
219.6000,-58.5606,264.598,0.876659
219.5000,-62.6109,264.287,0.872999
219.4000,-60.4415,265.256,0.884368
219.3000,-63.5449,265.776,0.890458
219.2000,-63.2293,265.326,0.885191
219.1000,-64.0435,266.084,0.894061
219.0000,-62.8933,266.202,0.895438
218.9000,-60.0862,266.456,0.898403
218.8000,-61.9799,267.389,0.909286
218.7000,-61.7179,268.016,0.916573
218.6000,-63.3922,267.552,0.911185
218.5000,-65.713,267.429,0.909748
218.4000,-58.0271,268.333,0.920257
218.3000,-59.8751,269.632,0.935298
218.2000,-63.8548,269.043,0.928493
218.1000,-63.0851,269.251,0.930894
218.0000,-65.3299,269.744,0.936594
217.9000,-62.2806,268.736,0.924936
217.8000,-64.2979,269.643,0.935429
217.7000,-62.1643,272.264,0.965602
217.6000,-55.9674,270.675,0.947342
217.5000,-61.2061,270.581,0.946258
217.4000,-61.907,269.941,0.938872
217.3000,-57.883,271.417,0.955884
217.2000,-64.7787,271.608,0.958072
217.1000,-62.2105,273.995,0.985403
217.0000,-62.1678,272.914,0.973053
216.9000,-61.0602,273.905,0.984382
216.8000,-60.3942,272.227,0.965186
216.7000,-59.7484,274.31,0.988995
216.6000,-59.5112,274.518,0.99137
216.5000,-60.1754,274.202,0.987768
216.4000,-60.9444,274.555,0.991783
216.3000,-58.5429,274.463,0.990737
216.2000,-60.9633,275.032,0.997211
216.1000,-56.7277,275.204,0.999169
216.0000,-60.9819,274.473,0.990854
215.9000,-57.1438,276.732,1.0165
215.8000,-60.264,275.869,1.00672
215.7000,-59.1866,276.575,1.01472
215.6000,-63.3839,277.734,1.02781
215.5000,-63.296,278.183,1.03287
215.4000,-62.9016,277.565,1.02591
215.3000,-62.7762,277.177,1.02152
215.2000,-62.6388,278.724,1.03897
215.1000,-60.194,278.196,1.03303
215.0000,-61.3659,278.406,1.03539
214.9000,-61.9903,278.14,1.03239
214.8000,-56.8835,278.757,1.03934
214.7000,-55.7425,280.682,1.06092
214.6000,-58.9785,281.097,1.06556
214.5000,-63.9737,280.61,1.06011
214.4000,-60.8644,281.932,1.07487
214.3000,-60.2508,280.474,1.05859
214.2000,-63.1978,280.966,1.06409
214.1000,-63.5543,282.126,1.07703
214.0000,-61.6398,282.167,1.07748
213.9000,-62.5326,281.96,1.07519
213.8000,-61.3229,282.9,1.08563
213.7000,-60.1409,283.874,1.09644
213.6000,-58.33,284.144,1.09943
213.5000,-59.9436,284.529,1.10369
213.4000,-60.6097,284.284,1.10098
213.3000,-58.7001,285.489,1.11428
213.2000,-67.0456,284.869,1.10744
213.1000,-66.4094,285.494,1.11435
213.0000,-62.6952,285.586,1.11536
212.9000,-60.463,286.266,1.12284
212.8000,-66.4038,287.29,1.13409
212.7000,-60.3755,288.295,1.1451
212.6000,-55.9695,288.416,1.14641
212.5000,-60.6214,287.592,1.13739
212.4000,-66.854,287.907,1.14084
212.3000,-61.9494,288.948,1.15223
212.2000,-60.6027,288.55,1.14788
212.1000,-62.7389,292.089,1.18635
212.0000,-59.5794,289.552,1.15881
211.9000,-63.4947,291.163,1.17632
211.8000,-63.0668,291.717,1.18233
211.7000,-60.6534,291.347,1.17831
211.6000,-61.0856,292.173,1.18726
211.5000,-58.3365,292.028,1.18569
211.4000,-60.9939,293.258,1.19898
211.3000,-60.3665,293.508,1.20166
211.2000,-61.4757,292.401,1.18972
211.1000,-61.871,294.041,1.20741
211.0000,-59.7213,294.859,1.2162
210.9000,-61.0008,295.206,1.21992
210.8000,-58.7154,296.587,1.23469
210.7000,-64.9979,297.263,1.2419
210.6000,-67.1863,296.737,1.23629
210.5000,-62.577,297.112,1.24029
210.4000,-67.0843,298.289,1.25283
210.3000,-66.1252,298.468,1.25473
210.2000,-61.5758,298.336,1.25332
210.1000,-67.4638,299.593,1.26666
210.0000,-59.0277,301.246,1.28413
209.9000,-63.8199,301.323,1.28494
209.8000,-68.6376,301.693,1.28883
209.7000,-63.9331,304.332,1.31651
209.6000,-60.6176,303.202,1.30469
209.5000,-65.7911,303.94,1.31241
209.4000,-67.1973,304.583,1.31914
209.3000,-66.5746,304.735,1.32073
209.2000,-64.901,305.808,1.33192
209.1000,-64.5673,306.829,1.34253
209.0000,-60.6674,307.135,1.3457
208.9000,-65.4868,307.508,1.34957
208.8000,-62.8338,308.85,1.36346
208.7000,-63.519,308.544,1.3603
208.6000,-65.6025,308.991,1.36491
208.5000,-63.4182,310.33,1.3787
208.4000,-63.9669,310.521,1.38066
208.3000,-65.6692,312.314,1.39905
208.2000,-66.7235,313.539,1.41156
208.1000,-65.2301,313.055,1.40662
208.0000,-58.9873,313.102,1.4071
207.9000,-63.3522,314.443,1.42077
207.8000,-61.5134,317.327,1.44999
207.7000,-66.9589,317.629,1.45304
207.6000,-58.5363,318.14,1.45819
207.5000,-63.4971,318.909,1.46592
207.4000,-60.9368,319.695,1.47381
207.3000,-62.3772,320.724,1.48412
207.2000,-57.6328,320.43,1.48118
207.1000,-60.3116,321.85,1.49537
207.0000,-56.2801,322.65,1.50334
206.9000,-58.9979,323.084,1.50766
206.8000,-51.0621,324.572,1.52243
206.7000,-52.1122,325.49,1.53151
206.6000,-58.1705,326.57,1.54217
206.5000,-68.7049,327.358,1.54993
206.4000,-54.1417,329.335,1.56932
206.3000,-51.7997,329.957,1.57541
206.2000,-56.6003,330.49,1.5806
206.1000,-56.3625,331.709,1.59248
206.0000,-57.4601,333.452,1.6094
205.9000,-49.942,332.267,1.59791
205.8000,-56.1518,334.293,1.61754
205.7000,-51.4598,334.861,1.62302
205.6000,-43.4214,336.971,1.64333
205.5000,-49.1587,339.103,1.66375
205.4000,-52.0772,338.744,1.66031
205.3000,-47.5011,340.428,1.67637
205.2000,-42.9033,341.527,1.68682
205.1000,-46.6612,342.218,1.69338
205.0000,-37.8471,343.106,1.70178
204.9000,-40.9272,342.93,1.70011
204.8000,-46.9514,345.572,1.72503
204.7000,-39.153,347.565,1.74372
204.6000,-35.4998,349.28,1.75973
204.5000,-45.2651,348.721,1.75451
204.4000,-38.5497,351.224,1.77779
204.3000,-35.7756,352.926,1.79354
204.2000,-32.3462,352.445,1.7891
204.1000,-22.6596,354.647,1.8094
204.0000,-29.4479,356.721,1.82844
203.9000,-29.8294,357.734,1.8377
203.8000,-30.3899,360.562,1.86344
203.7000,-26.6095,361.569,1.87255
203.6000,-27.6855,362.261,1.87881
203.5000,-26.5751,363.699,1.89178
203.4000,-21.3252,364.271,1.89693
203.3000,-16.8903,366.084,1.9132
203.2000,-22.0457,367.794,1.92848
203.1000,-31.6176,369.814,1.94647
203.0000,-16.4545,371.269,1.95936
202.9000,-17.4349,372.469,1.96997
202.8000,-22.8574,372.795,1.97285
202.7000,-13.504,374.802,1.99051
202.6000,-15.1615,376.159,2.00241
202.5000,-18.4307,378.347,2.02152
202.4000,-7.8455,379.803,2.03418
202.3000,-1.22883,381.482,2.04874
202.2000,-2.9261,383.516,2.06629
202.1000,-5.91346,385.183,2.08062
202.0000,-12.3171,388.018,2.10488
201.9000,-9.09108,389.482,2.11734
201.8000,-9.66697,391.172,2.13169
201.7000,1.30246,393.308,2.14974
201.6000,1.4241,395.008,2.16405
201.5000,-1.62997,397.657,2.18624
201.4000,1.62844,397.621,2.18594
201.3000,-8.86192,399.994,2.20572
201.2000,2.26589,402.503,2.22653
201.1000,4.55954,404.308,2.24143
201.0000,9.29621,405.957,2.25499
200.9000,9.09628,407.241,2.26552
200.8000,25.3988,409.595,2.28475
200.7000,4.90277,410.918,2.29552
200.6000,7.58868,413.648,2.31764
200.5000,3.91356,416.471,2.3404
200.4000,3.25265,418.315,2.35518
200.3000,17.6259,419.881,2.3677
200.2000,16.8496,422.563,2.38905
200.1000,7.31382,424.248,2.4024
200.0000,2.68643,425.905,2.4155
199.9000,22.3739,428.624,2.43688
199.8000,22.6097,432.391,2.46632
199.7000,17.0726,433.688,2.47641
199.6000,20.1936,435.738,2.49229
199.5000,25.7101,437.626,2.50687
199.4000,18.5584,438.644,2.51471
199.3000,34.819,439.443,2.52085
199.2000,28.4948,443.089,2.54876
199.1000,21.6876,444.893,2.5625
199.0000,38.6296,447.57,2.58279
198.9000,10.959,448.884,2.59272
198.8000,27.2896,453.043,2.62398
198.7000,27.3375,454.988,2.6385
198.6000,34.0034,457.853,2.65982
198.5000,38.3121,459.829,2.67445
198.4000,26.7689,463.719,2.70311
198.3000,37.0055,465.85,2.71872
198.2000,35.2998,467.249,2.72893
198.1000,23.4619,469.647,2.74639
198.0000,25.0254,471.892,2.76265
197.9000,40.5951,475.375,2.78777
197.8000,32.5876,477.021,2.79958
197.7000,33.645,480.831,2.82679
197.6000,34.7458,481.921,2.83454
197.5000,30.5486,484.045,2.84961
197.4000,27.0652,487.358,2.87299
197.3000,31.1551,490.404,2.89437
197.2000,41.8135,492.219,2.90706
197.1000,39.9362,495.514,2.92999
197.0000,33.123,497.874,2.94634
196.9000,35.6197,498.635,2.95159
196.8000,32.7542,503.062,2.98203
196.7000,25.034,505.902,3.00145
196.6000,36.328,508.597,3.01978
196.5000,42.5009,509.836,3.02819
196.4000,29.5114,514.296,3.05829
196.3000,34.6224,516.577,3.0736
196.2000,50.614,519.455,3.09283
196.1000,28.6751,522.239,3.11135
196.0000,45.5836,525.114,3.1304
195.9000,31.3692,527.469,3.14592
195.8000,40.8167,530.205,3.1639
195.7000,40.4897,533.67,3.18654
195.6000,40.869,534.417,3.1914
195.5000,40.4995,537.466,3.2112
195.4000,47.3803,540.823,3.23289
195.3000,32.951,542.697,3.24495
195.2000,31.481,544.88,3.25895
195.1000,41.7008,546.322,3.26818
195.0000,34.8751,548.113,3.2796
194.9000,36.9864,550.34,3.29377
194.8000,41.3715,552.374,3.30666
194.7000,33.0676,555.648,3.32733
194.6000,18.815,557.192,3.33704
194.5000,18.2456,559.733,3.35298
194.4000,34.4276,561.991,3.36709
194.3000,36.8355,564.955,3.38553
194.2000,31.1489,566.803,3.39699
194.1000,30.0997,569.25,3.41211
194.0000,41.9868,571.805,3.42785
193.9000,22.3416,575.398,3.44987
193.8000,30.3785,577.786,3.46445
193.7000,21.0916,579.689,3.47602
193.6000,20.1579,582.021,3.49016
193.5000,18.6585,585.053,3.50848
193.4000,38.0636,586.018,3.5143
193.3000,36.7678,588.371,3.52844
193.2000,25.3084,590.373,3.54043
193.1000,33.8326,591.784,3.54886
193.0000,26.5225,593.903,3.56149
192.9000,27.7986,596.431,3.57651
192.8000,17.4792,599.308,3.59353
192.7000,11.0337,600.922,3.60306
192.6000,18.1266,604.626,3.62482
192.5000,19.1785,606.539,3.63602
192.4000,20.8436,608.768,3.64903
192.3000,31.3781,611.021,3.66214
192.2000,20.8204,613.775,3.6781
192.1000,25.8014,616.279,3.69257
192.0000,29.4433,617.96,3.70226
191.9000,26.2823,620.059,3.71431
191.8000,12.9691,622.251,3.72687
191.7000,16.8879,624.904,3.74202
191.6000,24.4083,627.03,3.75412
191.5000,20.6928,628.073,3.76004
191.4000,32.4503,631.635,3.78021
191.3000,29.4486,632.999,3.7879
191.2000,22.4516,635.918,3.80432
191.1000,13.3001,639.368,3.82365
191.0000,21.954,643.436,3.84633
190.9000,14.8977,645.79,3.85939
190.8000,28.9868,649.299,3.87879
190.7000,31.5785,652.677,3.89739
190.6000,29.9469,656.094,3.91611
190.5000,11.9171,657.001,3.92107
190.4000,17.9423,659.67,3.93561
190.3000,12.0399,664.101,3.95966
190.2000,18.5394,665.981,3.96982
190.1000,16.8677,668.38,3.98275
190.0000,14.1731,671.884,4.00157

##### Extended Information
[Comments]
Sample name,SL + BM control
Comment,Control 
User,Stacie Lally and Beth Mlinek
Division
Company,Saint Mary's College

[Detailed Information]
Creation date,9/29/2022 1:19 PM

Data array type,Linear data array * 3
Horizontal axis,Wavelength [nm]
Vertical axis(1),CD [mdeg]
Vertical axis(2),HT [V]
Vertical axis(3),Abs
Start,320 nm
End,190 nm
Data interval,0.1 nm
Data points,1301    

[Measurement Information]
Instrument name,J-1500
Model name,J-1500
Serial No.,B051061638

Detector,PM-539
Detector S/N,B051061638
  Lock-in amp.,X mode
  HT volt,Auto

Accessory,PTC-517
Accessory S/N,B026561646
  Temperature,22.67 C
  Control sensor,Holder
  Monitor sensor,Holder

Measurement date,9/29/2022 1:18 PM

CD Overload detect,969
Photometric mode,CD, HT, Abs
Measure range,320 - 190 nm
Data pitch,0.1 nm
CD scale,20 mdeg/0.05 dOD
FL scale,20 mdeg/0.05 dOD
D.I.T.,8 msec
Bandwidth,2.00 nm
Start mode,Immediately
Scanning mode,Continuous
Scanning speed,200 nm/min
Baseline correction,None
Shutter control,Auto
No. of cycle,1/1
N2 Flowmeter,Manual

Solvent,NaPO4 buffer

