TITLE,TB_TH_KD_Protein and Additive 
DATA TYPE,
ORIGIN,JASCO
OWNER,
DATE,22/09/29
TIME,16:57:05
SPECTROMETER/DATA SYSTEM,
LOCALE,1033
RESOLUTION,
DELTAX,-0.1
XUNITS,NANOMETERS
YUNITS,CD [mdeg]
Y2UNITS,HT [V]
Y3UNITS,ABSORBANCE
FIRSTX,  320.0000
LASTX,  190.0000
NPOINTS,    1301
FIRSTY,     0.16918
MAXY,    24.94888
MINY,   -62.41822
XYDATA
320.0000,0.169177,209.693,0.168384
319.9000,0.565023,209.222,0.16167
319.8000,0.63108,209.259,0.162203
319.7000,0.934033,209.547,0.166303
319.6000,0.994352,209.529,0.166045
319.5000,1.34641,209.321,0.163075
319.4000,2.8886,209.521,0.165932
319.3000,1.8574,209.205,0.161428
319.2000,1.16673,209.336,0.163301
319.1000,3.31743,209.266,0.1623
319.0000,0.180026,209.489,0.16548
318.9000,1.70039,208.592,0.152677
318.8000,0.411408,209.273,0.162397
318.7000,-0.0482373,209.358,0.163608
318.6000,0.496755,209.16,0.160781
318.5000,1.46769,209.356,0.163576
318.4000,0.161558,208.85,0.156368
318.3000,-0.200416,208.91,0.157225
318.2000,1.18422,209.833,0.170366
318.1000,1.40033,208.864,0.156562
318.0000,0.83248,209.034,0.158987
317.9000,2.55324,209.61,0.16719
317.8000,2.73843,210.012,0.172912
317.7000,1.53851,208.782,0.155397
317.6000,0.567563,209.164,0.160846
317.5000,1.54167,208.66,0.153649
317.4000,1.88527,208.949,0.157775
317.3000,0.64526,209.367,0.163737
317.2000,1.86735,209.757,0.169287
317.1000,0.226168,209.216,0.161589
317.0000,3.13898,209.761,0.169351
316.9000,-0.529225,209.806,0.16998
316.8000,1.01691,209.419,0.16448
316.7000,0.568314,208.869,0.156627
316.6000,1.36036,209.932,0.171784
316.5000,1.71507,209.542,0.166223
316.4000,1.32356,208.555,0.152143
316.3000,1.02886,209.386,0.164011
316.2000,1.79029,209.195,0.161282
316.1000,-0.137147,209.323,0.163107
316.0000,1.60155,209.069,0.159489
315.9000,2.05027,209.448,0.164883
315.8000,-0.00794589,209.278,0.162461
315.7000,-0.244449,208.931,0.157516
315.6000,0.615779,208.633,0.15326
315.5000,3.11257,209.615,0.167271
315.4000,0.960678,209.369,0.163769
315.3000,-0.0441058,209.087,0.159747
315.2000,-0.437793,208.74,0.154798
315.1000,2.21004,208.712,0.154393
315.0000,-0.614586,209.11,0.16007
314.9000,0.54324,209.019,0.158777
314.8000,2.29029,209.581,0.166787
314.7000,2.14953,209.368,0.163753
314.6000,0.475823,208.782,0.155397
314.5000,1.39349,208.659,0.153633
314.4000,0.341489,208.884,0.156853
314.3000,1.17886,209.926,0.171687
314.2000,1.50233,208.944,0.15771
314.1000,1.31764,208.456,0.150734
314.0000,1.50047,209.075,0.159569
313.9000,-1.32625,209.215,0.161573
313.8000,2.65938,208.628,0.153195
313.7000,0.483768,208.725,0.154571
313.6000,2.24456,209.246,0.162009
313.5000,2.41976,207.675,0.139553
313.4000,1.05351,208.337,0.149032
313.3000,-0.626835,208.674,0.153843
313.2000,0.322073,208.946,0.157726
313.1000,1.18513,209.099,0.159909
313.0000,1.13959,208.687,0.154037
312.9000,0.746489,208.605,0.152855
312.8000,1.32443,208.411,0.150085
312.7000,1.20681,207.97,0.143776
312.6000,0.293041,209.182,0.161105
312.5000,0.352311,208.015,0.144425
312.4000,1.02426,208.482,0.151106
312.3000,2.91823,208.678,0.153908
312.2000,2.70496,207.969,0.14376
312.1000,0.103442,208.525,0.151722
312.0000,1.38116,209.566,0.166577
311.9000,-1.55162,209.222,0.16167
311.8000,0.244549,209.411,0.164367
311.7000,2.70697,209.144,0.160555
311.6000,1.09979,208.464,0.150847
311.5000,1.7203,209.225,0.161719
311.4000,1.38915,208.82,0.155931
311.3000,0.715423,208.842,0.156254
311.2000,1.95802,209.113,0.160119
311.1000,0.375921,210.101,0.174183
311.0000,0.460598,208.764,0.155138
310.9000,1.49942,208.93,0.1575
310.8000,1.46672,208.531,0.151803
310.7000,-1.43617,208.497,0.151317
310.6000,1.91496,208.927,0.157468
310.5000,1.47323,209.825,0.170254
310.4000,0.358237,209.143,0.160539
310.3000,0.347455,208.146,0.146291
310.2000,1.43717,208.657,0.1536
310.1000,1.13342,209.177,0.161024
310.0000,0.556803,208.773,0.155267
309.9000,1.38475,208.831,0.156093
309.8000,-0.378146,209.162,0.160814
309.7000,1.10929,209.369,0.163769
309.6000,0.436768,208.591,0.152661
309.5000,1.27874,208.652,0.153536
309.4000,1.10796,209.685,0.168271
309.3000,-0.703731,208.882,0.156821
309.2000,0.252289,209.326,0.163156
309.1000,0.837169,209.222,0.16167
309.0000,0.471688,209.352,0.163527
308.9000,2.84666,209.556,0.166432
308.8000,1.59962,208.578,0.152483
308.7000,1.09992,208.276,0.148156
308.6000,1.40354,208.832,0.156109
308.5000,0.753637,209.103,0.159973
308.4000,0.983631,209.065,0.159424
308.3000,2.41313,208.041,0.144799
308.2000,1.5974,208.914,0.157274
308.1000,1.46435,208.12,0.145918
308.0000,1.0113,207.328,0.13456
307.9000,2.09185,208.92,0.157354
307.8000,1.71342,208.404,0.149988
307.7000,1.72962,208.708,0.154329
307.6000,-0.180173,208.79,0.15551
307.5000,1.00524,209.48,0.165351
307.4000,0.621594,208.777,0.155316
307.3000,0.553639,208.861,0.156513
307.2000,1.15299,208.459,0.150782
307.1000,1.18085,208.459,0.150782
307.0000,1.97005,208.636,0.153309
306.9000,1.52397,209.231,0.161799
306.8000,2.65235,207.768,0.140886
306.7000,0.348997,208.421,0.150231
306.6000,2.20885,208.54,0.151932
306.5000,0.299264,209.774,0.169528
306.4000,1.07968,208.228,0.147476
306.3000,0.829195,209.121,0.160232
306.2000,1.37271,208.848,0.156335
306.1000,0.436396,208.469,0.150912
306.0000,0.0754598,208.992,0.158389
305.9000,0.126137,209.227,0.161735
305.8000,1.5189,209.016,0.158729
305.7000,-0.138138,209.305,0.162849
305.6000,0.939996,209.266,0.1623
305.5000,2.78078,208.543,0.151981
305.4000,0.600809,208.924,0.157419
305.3000,2.56572,208.682,0.153957
305.2000,0.141647,208.363,0.149405
305.1000,1.37043,208.636,0.153309
305.0000,2.96003,208.657,0.1536
304.9000,1.66624,208.111,0.145789
304.8000,0.796291,207.121,0.131597
304.7000,0.300397,208.438,0.150474
304.6000,2.41509,208.424,0.15028
304.5000,1.79451,208.947,0.157743
304.4000,0.306446,208.32,0.148789
304.3000,2.3064,208.771,0.155235
304.2000,0.507682,209.616,0.167287
304.1000,1.32592,209.346,0.16343
304.0000,0.948129,209.097,0.159893
303.9000,0.870526,207.598,0.138448
303.8000,-0.0564533,207.308,0.134283
303.7000,0.0288125,208.774,0.155284
303.6000,-0.258829,208.654,0.153568
303.5000,2.22697,208.917,0.157322
303.4000,2.37656,206.592,0.123982
303.3000,1.72998,208.805,0.155721
303.2000,2.496,208.582,0.152532
303.1000,1.44363,207.993,0.144101
303.0000,-0.196483,209.108,0.160038
302.9000,0.265873,209.523,0.165964
302.8000,1.20295,206.86,0.127832
302.7000,1.71915,209.893,0.17122
302.6000,1.64,208.746,0.154879
302.5000,1.27221,207.982,0.143955
302.4000,2.54784,209.055,0.159295
302.3000,1.29544,207.711,0.140057
302.2000,0.870792,208.689,0.15407
302.1000,-0.240405,207.657,0.139293
302.0000,3.06116,209.82,0.170189
301.9000,1.38488,207.848,0.142023
301.8000,1.62845,208.12,0.145918
301.7000,0.392131,208.823,0.155979
301.6000,2.27178,209.604,0.16711
301.5000,-0.981932,208.277,0.148173
301.4000,1.20071,208.762,0.155106
301.3000,0.901993,208.378,0.149615
301.2000,0.655544,206.75,0.12625
301.1000,2.20692,208.635,0.153293
301.0000,-0.530671,208.438,0.150474
300.9000,1.73085,207.405,0.135666
300.8000,-0.247026,207.712,0.140073
300.7000,0.992613,208.467,0.150896
300.6000,1.02257,208.549,0.152062
300.5000,1.5623,207.869,0.142331
300.4000,1.31693,208.994,0.158422
300.3000,0.211921,208.762,0.155106
300.2000,-0.557879,208.02,0.14449
300.1000,1.00057,208.394,0.149842
300.0000,1.46234,208.28,0.148221
299.9000,-0.821171,207.945,0.143419
299.8000,3.0729,207.786,0.141145
299.7000,1.78626,209.097,0.159893
299.6000,0.870273,207.599,0.138464
299.5000,1.14476,208.461,0.150798
299.4000,-0.296336,208.111,0.145789
299.3000,0.955566,207.542,0.137635
299.2000,1.06138,208.415,0.15015
299.1000,2.47891,208.216,0.147297
299.0000,-0.0708689,207.334,0.134658
298.9000,-0.586446,208.812,0.155818
298.8000,2.95801,208.666,0.15373
298.7000,0.383991,208.326,0.14887
298.6000,1.32585,208.157,0.146454
298.5000,-0.0621806,209.341,0.163366
298.4000,1.08566,207.655,0.13926
298.3000,0.183187,208.608,0.152904
298.2000,1.50547,208.89,0.156934
298.1000,-0.613788,208.37,0.149502
298.0000,-0.139514,208.116,0.14587
297.9000,0.60754,207.968,0.143744
297.8000,1.4876,208.341,0.149081
297.7000,1.34592,207.35,0.134885
297.6000,0.192794,208.229,0.147492
297.5000,-0.40088,208.338,0.149048
297.4000,0.540383,208.642,0.15339
297.3000,2.15909,208.524,0.151706
297.2000,-0.224748,208.058,0.145042
297.1000,1.38307,208.092,0.145529
297.0000,-0.722346,208.61,0.152936
296.9000,1.11337,207.862,0.142234
296.8000,1.38778,207.903,0.142818
296.7000,0.358182,208.331,0.148951
296.6000,-0.621075,207.934,0.143257
296.5000,0.38696,208.389,0.149778
296.4000,1.66733,208.127,0.146032
296.3000,-0.555856,208.785,0.155429
296.2000,0.97253,209.257,0.162171
296.1000,1.71141,208.109,0.145772
296.0000,2.41306,208.103,0.145675
295.9000,0.46714,208.024,0.144555
295.8000,1.20881,207.706,0.139992
295.7000,-0.0754877,207.185,0.132509
295.6000,2.18952,207.942,0.14337
295.5000,1.8396,208.321,0.148805
295.4000,2.04932,207.357,0.134983
295.3000,1.69225,207.655,0.13926
295.2000,-0.301369,207.868,0.142315
295.1000,-0.631611,207.814,0.141535
295.0000,0.83977,206.908,0.128533
294.9000,0.476281,207.841,0.141925
294.8000,2.50852,208.092,0.145529
294.7000,-0.128203,208.092,0.145529
294.6000,0.924745,207.911,0.142932
294.5000,-1.46612,207.502,0.137066
294.4000,-0.721685,208.319,0.148773
294.3000,-0.0321693,208.139,0.146194
294.2000,0.557794,208.419,0.150199
294.1000,0.343758,209.245,0.161993
294.0000,1.61379,208.581,0.152515
293.9000,1.33883,208.816,0.155882
293.8000,0.358019,207.914,0.14298
293.7000,0.337179,208.303,0.148546
293.6000,1.58207,208.866,0.156594
293.5000,0.43978,208.319,0.148773
293.4000,1.91658,208.304,0.148562
293.3000,0.895789,208.761,0.15509
293.2000,1.88373,207.752,0.140658
293.1000,-0.0178272,207.746,0.140561
293.0000,0.895128,207.842,0.141941
292.9000,0.61721,207.656,0.139277
292.8000,0.358697,208.224,0.147411
292.7000,0.578733,207.714,0.140105
292.6000,0.831833,207.484,0.136805
292.5000,1.45439,207.288,0.13399
292.4000,1.0922,207.406,0.135683
292.3000,1.62691,207.95,0.143484
292.2000,1.32068,207.779,0.141031
292.1000,0.665418,207.931,0.143224
292.0000,1.55882,208.358,0.149324
291.9000,1.22846,206.564,0.123574
291.8000,1.98868,207.369,0.135162
291.7000,-0.0422206,207.454,0.136382
291.6000,0.362227,207.82,0.141633
291.5000,2.8655,207.858,0.142168
291.4000,1.80182,207.368,0.135146
291.3000,2.93083,208.055,0.144993
291.2000,0.698502,207.671,0.139488
291.1000,0.566349,207.733,0.140382
291.0000,1.75537,208.228,0.147476
290.9000,1.89824,207.723,0.140236
290.8000,0.934617,207.655,0.13926
290.7000,-1.27903,206.53,0.123084
290.6000,0.209,208.032,0.144669
290.5000,1.1654,207.607,0.138578
290.4000,1.88142,207.783,0.141097
290.3000,-0.442688,208.191,0.14694
290.2000,0.609472,207.869,0.142331
290.1000,0.236882,208.166,0.146583
290.0000,0.80382,207.824,0.141681
289.9000,0.575594,207.481,0.136756
289.8000,1.97909,207.818,0.1416
289.7000,1.30788,207.961,0.143646
289.6000,2.77695,208.123,0.145967
289.5000,1.29733,208.129,0.146048
289.4000,1.73512,208.594,0.15271
289.3000,-0.0936771,208.01,0.144344
289.2000,0.537001,207.379,0.135292
289.1000,0.905283,208.41,0.150069
289.0000,0.651917,208.589,0.152629
288.9000,1.43937,208.548,0.152046
288.8000,-0.309555,208.657,0.1536
288.7000,-0.361712,208.236,0.147589
288.6000,1.4926,208.626,0.153163
288.5000,2.27232,208.756,0.155025
288.4000,-0.438124,208.353,0.149259
288.3000,0.248795,208.533,0.151835
288.2000,-0.158728,208.821,0.155947
288.1000,1.19045,207.825,0.141698
288.0000,1.22364,207.984,0.143971
287.9000,0.236935,208.932,0.157532
287.8000,2.18587,207.586,0.138269
287.7000,0.930725,208.453,0.150685
287.6000,-0.762873,208.62,0.153082
287.5000,0.720696,208.605,0.152855
287.4000,1.1164,208.447,0.150604
287.3000,0.36087,208.292,0.148384
287.2000,2.11227,207.731,0.140349
287.1000,0.349295,207.905,0.142851
287.0000,0.195348,208.64,0.153357
286.9000,0.739492,209.155,0.160717
286.8000,1.26294,207.539,0.137602
286.7000,0.0767953,207.922,0.143094
286.6000,1.42263,208.084,0.145415
286.5000,1.7493,208.237,0.147605
286.4000,0.606154,206.788,0.126805
286.3000,2.09364,208.097,0.145594
286.2000,0.67872,208.223,0.147394
286.1000,1.46187,208.313,0.148692
286.0000,0.439412,208.673,0.153827
285.9000,0.453052,208.926,0.157451
285.8000,0.735553,208.985,0.158292
285.7000,1.60942,207.928,0.143175
285.6000,0.160829,208.869,0.156627
285.5000,0.632159,208.828,0.156044
285.4000,-0.24671,208.633,0.15326
285.3000,0.948288,208.634,0.153276
285.2000,0.436659,208.706,0.154313
285.1000,0.592979,208.634,0.153276
285.0000,1.33651,208.667,0.153746
284.9000,0.433224,208.138,0.146178
284.8000,1.99293,208.311,0.148659
284.7000,-0.647744,208.816,0.155882
284.6000,0.303111,208.167,0.1466
284.5000,1.18143,209.203,0.161395
284.4000,1.03133,208.618,0.15305
284.3000,0.354587,208.619,0.153066
284.2000,0.344527,209.75,0.16919
284.1000,-0.469802,208.595,0.152726
284.0000,-0.111106,208.369,0.149486
283.9000,-0.219832,208.352,0.149243
283.8000,0.526481,208.769,0.155203
283.7000,1.43233,208.429,0.150345
283.6000,-0.301862,209.122,0.160248
283.5000,-0.208833,208.293,0.1484
283.4000,0.809272,209.184,0.161121
283.3000,1.26862,208.568,0.152337
283.2000,1.29846,208.361,0.149372
283.1000,0.100079,207.601,0.13848
283.0000,0.782989,208.214,0.147265
282.9000,2.92406,208.197,0.147021
282.8000,2.56256,207.556,0.137846
282.7000,-0.589973,208.88,0.156788
282.6000,1.29202,208.837,0.156174
282.5000,0.390918,208.168,0.146616
282.4000,0.356684,208.478,0.151042
282.3000,2.10294,208.294,0.148416
282.2000,-1.48213,208.192,0.146956
282.1000,1.20369,208.884,0.156853
282.0000,1.34544,208.748,0.154912
281.9000,0.00317262,208.369,0.149486
281.8000,-0.885926,208.582,0.152532
281.7000,2.58925,208.535,0.151868
281.6000,-0.0440788,208.757,0.155041
281.5000,1.44185,208.96,0.157937
281.4000,-0.08654,209.025,0.158858
281.3000,0.891595,208.322,0.148821
281.2000,0.97988,209.322,0.163091
281.1000,0.84505,208.799,0.15564
281.0000,-1.15199,209.159,0.160765
280.9000,1.95546,207.783,0.141097
280.8000,0.756474,208.416,0.150167
280.7000,0.0382912,208.706,0.154313
280.6000,2.26703,208.572,0.152386
280.5000,0.78395,208.957,0.157888
280.4000,2.26083,208.522,0.151673
280.3000,2.04747,209.8,0.169899
280.2000,0.846454,208.85,0.156368
280.1000,0.786603,209.403,0.164254
280.0000,1.51689,208.356,0.149307
279.9000,1.34135,209.861,0.170769
279.8000,-0.289129,208.983,0.15826
279.7000,1.0443,207.806,0.141421
279.6000,-0.0793076,208.116,0.14587
279.5000,0.496367,208.609,0.15292
279.4000,0.459245,208.607,0.152888
279.3000,-2.08717,209.504,0.16569
279.2000,0.757037,209.22,0.161638
279.1000,2.47201,209.259,0.162203
279.0000,-0.178345,208.568,0.152337
278.9000,2.14809,208.735,0.154717
278.8000,1.42333,208.506,0.151447
278.7000,2.6271,209.392,0.164092
278.6000,-0.14164,209.128,0.160329
278.5000,0.963669,209.127,0.160313
278.4000,0.209734,209.001,0.158519
278.3000,0.208422,209.114,0.160135
278.2000,0.444471,208.745,0.154863
278.1000,1.89288,208.506,0.151447
278.0000,0.483838,208.81,0.155785
277.9000,0.170623,208.432,0.150393
277.8000,-0.545971,208.961,0.157953
277.7000,0.261584,209.927,0.171704
277.6000,-0.224389,209.122,0.160248
277.5000,0.911156,208.98,0.158211
277.4000,-0.231094,208.436,0.150442
277.3000,-0.451159,208.401,0.14994
277.2000,1.84708,207.958,0.143598
277.1000,2.88881,209.214,0.161557
277.0000,0.688276,208.639,0.153341
276.9000,0.0814232,209.59,0.166916
276.8000,2.70211,210.07,0.173733
276.7000,1.42494,209.487,0.165448
276.6000,0.157928,208.728,0.15462
276.5000,0.715978,208.745,0.154863
276.4000,-0.232083,209.382,0.163947
276.3000,0.828807,209.87,0.170898
276.2000,-1.07973,208.567,0.152321
276.1000,1.01349,208.429,0.150345
276.0000,-0.383972,207.873,0.14238
275.9000,0.865276,208.444,0.150555
275.8000,0.530084,209.37,0.163785
275.7000,0.660026,209.089,0.15978
275.6000,0.0234311,208.455,0.150717
275.5000,0.398929,208.005,0.144279
275.4000,-0.0353697,208.806,0.155737
275.3000,0.278659,209.499,0.165609
275.2000,0.182598,209.067,0.159456
275.1000,2.26564,208.974,0.15813
275.0000,2.16926,208.927,0.157468
274.9000,0.759441,208.831,0.156093
274.8000,1.7893,208.491,0.151236
274.7000,-0.952395,208.445,0.150572
274.6000,-0.163476,209.206,0.161444
274.5000,0.98891,209.472,0.165238
274.4000,1.11435,208.445,0.150572
274.3000,1.34988,208.526,0.151738
274.2000,-0.499421,208.922,0.157387
274.1000,1.13562,208.793,0.155542
274.0000,0.553801,209.446,0.164867
273.9000,2.58471,208.861,0.156513
273.8000,0.00322466,208.846,0.156303
273.7000,1.59125,208.642,0.15339
273.6000,-0.549827,208.923,0.157403
273.5000,0.512605,209.217,0.161605
273.4000,2.07906,209.181,0.161088
273.3000,0.903096,208.626,0.153163
273.2000,0.442996,208.592,0.152677
273.1000,0.150084,208.864,0.156562
273.0000,1.13462,209.65,0.167771
272.9000,0.428764,208.592,0.152677
272.8000,0.991437,209.508,0.165739
272.7000,-0.301374,209.639,0.16761
272.6000,0.943747,208.651,0.153519
272.5000,0.395481,209.372,0.163802
272.4000,0.10146,209.108,0.160038
272.3000,0.810027,209.015,0.158713
272.2000,0.765335,209.425,0.16456
272.1000,0.636074,209.244,0.161977
272.0000,-0.0360262,209.549,0.166335
271.9000,-0.263523,209.118,0.160184
271.8000,-0.077182,207.674,0.139537
271.7000,0.973872,209.374,0.163834
271.6000,-1.04653,209.332,0.163237
271.5000,1.41467,209.931,0.171768
271.4000,-0.809453,207.884,0.142542
271.3000,-0.730664,210.755,0.18346
271.2000,-0.0713517,209.892,0.171204
271.1000,0.855055,209.049,0.159198
271.0000,1.34435,208.205,0.147135
270.9000,-1.68525,208.666,0.15373
270.8000,-1.49826,208.932,0.157532
270.7000,0.114959,209.434,0.16469
270.6000,0.293779,207.734,0.140398
270.5000,-0.426862,208.297,0.148465
270.4000,1.45573,208.79,0.15551
270.3000,-0.312244,208.326,0.14887
270.2000,1.06535,209.845,0.170544
270.1000,-0.565695,208.831,0.156093
270.0000,1.73027,208.677,0.153892
269.9000,-0.858718,209.53,0.166061
269.8000,1.37234,208.973,0.158114
269.7000,-0.00268435,209.552,0.166368
269.6000,-1.62903,208.557,0.152175
269.5000,1.43766,209.531,0.166077
269.4000,0.211112,209.81,0.170044
269.3000,0.215396,208.956,0.157872
269.2000,0.934433,208.308,0.148611
269.1000,-1.8618,208.688,0.154054
269.0000,3.30194,209.346,0.16343
268.9000,0.0832657,208.872,0.156675
268.8000,0.234655,209.636,0.167561
268.7000,0.405473,209.284,0.162558
268.6000,1.03519,209.466,0.165141
268.5000,-0.738312,208.412,0.150102
268.4000,0.252779,209.475,0.165271
268.3000,2.1001,209.773,0.169512
268.2000,3.28073,209.742,0.169077
268.1000,-1.58748,209.781,0.169625
268.0000,-0.558265,209.923,0.171655
267.9000,-0.0586292,209.415,0.164415
267.8000,1.83963,209.071,0.159521
267.7000,1.46342,209.696,0.168416
267.6000,1.40249,210.347,0.177675
267.5000,0.0852553,209.424,0.164544
267.4000,-0.910129,208.841,0.156238
267.3000,-0.779175,210.08,0.173878
267.2000,-0.3137,209.484,0.165399
267.1000,0.665501,209.859,0.170737
267.0000,-0.390103,210.133,0.174634
266.9000,0.0784573,210.513,0.180022
266.8000,0.201282,209.898,0.171301
266.7000,-0.972184,211.049,0.187617
266.6000,0.195351,210.019,0.173008
266.5000,-0.906088,209.323,0.163107
266.4000,1.01295,209.56,0.166481
266.3000,-0.551518,209.701,0.168497
266.2000,-0.790484,211.119,0.188611
266.1000,1.7758,209.419,0.16448
266.0000,-0.118389,210.201,0.1756
265.9000,-0.204761,210.613,0.181453
265.8000,0.753799,210.147,0.174827
265.7000,0.0562094,210.372,0.178029
265.6000,0.446025,209.875,0.170962
265.5000,-0.00924656,210.21,0.175729
265.4000,-0.911375,210.234,0.176067
265.3000,-0.565564,209.797,0.169851
265.2000,-0.263974,210.233,0.176051
265.1000,-1.00548,209.086,0.159731
265.0000,0.935936,210.799,0.184087
264.9000,-0.681156,210.098,0.174135
264.8000,0.600386,209.595,0.166981
264.7000,1.65624,210.166,0.175101
264.6000,-0.191304,210.433,0.178897
264.5000,0.15383,210.93,0.185932
264.4000,2.51639,210.894,0.185435
264.3000,1.61317,210.51,0.17999
264.2000,-0.0129395,210.255,0.176372
264.1000,0.467282,211.027,0.187312
264.0000,0.63694,210.334,0.177482
263.9000,0.410495,210.395,0.178351
263.8000,0.478251,210.898,0.185483
263.7000,-0.140476,210.794,0.184006
263.6000,1.81122,210.329,0.177418
263.5000,-0.00333231,210.615,0.181469
263.4000,0.978209,211.195,0.189685
263.3000,-0.0386357,210.993,0.186831
263.2000,-0.904664,209.884,0.171091
263.1000,-0.375128,211,0.186927
263.0000,0.00495288,210.772,0.183701
262.9000,-0.0282424,209.684,0.168255
262.8000,-0.0888082,211.114,0.188547
262.7000,-0.185916,210.891,0.185387
262.6000,0.207381,211.613,0.195595
262.5000,1.76219,210.296,0.176951
262.4000,-1.80021,210.494,0.179765
262.3000,0.745811,210.5,0.179846
262.2000,0.81787,211.19,0.189621
262.1000,-1.52205,211.507,0.194107
262.0000,0.688895,211.049,0.187617
261.9000,0.778751,211.076,0.188001
261.8000,0.724827,210.788,0.183926
261.7000,-1.08869,211.23,0.190182
261.6000,0.995702,211.452,0.193322
261.5000,-0.337778,211.045,0.187569
261.4000,1.31702,210.788,0.183926
261.3000,0.469835,210.458,0.179251
261.2000,0.537935,211.178,0.189444
261.1000,0.954883,211.48,0.193722
261.0000,-0.966033,210.887,0.185322
260.9000,0.417031,211.494,0.193914
260.8000,-0.392524,212.465,0.20761
260.7000,0.960502,212.405,0.206764
260.6000,-0.869378,211.748,0.197499
260.5000,0.786509,211.835,0.19873
260.4000,0.367255,212.013,0.20124
260.3000,-1.27525,210.658,0.182079
260.2000,0.622461,210.984,0.186702
260.1000,-0.547137,211.129,0.188755
260.0000,0.359199,210.595,0.181196
259.9000,1.6868,211.861,0.199098
259.8000,-0.251211,212.059,0.201895
259.7000,2.57572,211.344,0.1918
259.6000,0.0230601,211.79,0.198091
259.5000,0.319126,211.322,0.19148
259.4000,0.370499,211.417,0.192826
259.3000,1.88174,211.232,0.190214
259.2000,0.100847,210.77,0.183669
259.1000,-1.28655,212.165,0.20338
259.0000,0.934011,211.327,0.19156
258.9000,1.37159,211.648,0.196091
258.8000,-0.300198,210.914,0.185708
258.7000,-0.246077,211.987,0.200872
258.6000,0.0687496,213.242,0.218535
258.5000,0.246913,210.917,0.185756
258.4000,0.566003,211.931,0.200089
258.3000,-0.871768,212.506,0.208184
258.2000,0.210262,212.429,0.207099
258.1000,0.1861,212.17,0.20346
258.0000,0.573054,213.025,0.215481
257.9000,0.660762,213.044,0.215751
257.8000,0.540709,211.445,0.193226
257.7000,1.24105,210.954,0.186285
257.6000,0.770245,212.16,0.203316
257.5000,-0.567957,211.952,0.200377
257.4000,0.270927,212.039,0.201607
257.3000,1.18536,211.856,0.199034
257.2000,0.154042,211.453,0.193338
257.1000,1.78815,212.888,0.213554
257.0000,-0.435956,211.958,0.200473
256.9000,0.424216,212.618,0.209762
256.8000,0.425071,212.531,0.208535
256.7000,-0.445815,212.532,0.20855
256.6000,1.54603,213.311,0.219505
256.5000,-1.19857,212.796,0.212264
256.4000,-0.598485,211.727,0.197211
256.3000,0.714484,212.642,0.210097
256.2000,0.364147,213.316,0.219569
256.1000,-0.0850005,211.697,0.196779
256.0000,0.81344,211.979,0.20076
255.9000,0.105942,212.975,0.21478
255.8000,0.759546,212.612,0.209683
255.7000,1.67966,213.244,0.218567
255.6000,-1.59701,212.568,0.209061
255.5000,-0.618757,213.107,0.216642
255.4000,-1.01483,212.861,0.213188
255.3000,0.87483,212.103,0.202518
255.2000,2.36842,212.696,0.210862
255.1000,-1.45059,212.44,0.207259
255.0000,-0.911388,212.798,0.212296
254.9000,0.0185899,213.676,0.224621
254.8000,0.267181,212.634,0.209985
254.7000,-0.544858,213.672,0.224557
254.6000,0.213183,213.621,0.223843
254.5000,0.230212,213.072,0.216149
254.4000,0.723894,213.687,0.224779
254.3000,-0.905369,213.287,0.219171
254.2000,0.523126,212.702,0.210942
254.1000,-0.744392,214.167,0.231489
254.0000,-0.313306,211.937,0.200169
253.9000,-0.328951,212.469,0.207673
253.8000,0.123526,212.684,0.210687
253.7000,-0.468649,214.069,0.230126
253.6000,0.481559,213.649,0.22424
253.5000,-0.365103,213.802,0.226383
253.4000,1.31419,214.004,0.229206
253.3000,-0.284332,213.811,0.226509
253.2000,1.37513,213.673,0.224573
253.1000,0.311397,213.479,0.221857
253.0000,-0.257354,213.598,0.223525
252.9000,1.54267,213.734,0.225431
252.8000,0.572325,213.277,0.219028
252.7000,-1.02583,213.099,0.216531
252.6000,1.81488,214.264,0.232851
252.5000,0.681652,213.748,0.225621
252.4000,0.707223,213.997,0.229111
252.3000,-0.296182,213.763,0.225843
252.2000,0.444845,213.752,0.225684
252.1000,2.22324,213.971,0.228746
252.0000,1.43502,214.084,0.230332
251.9000,-1.20986,214.492,0.236033
251.8000,1.0369,213.925,0.228112
251.7000,-0.892058,214.136,0.231061
251.6000,-0.892079,213.868,0.227303
251.5000,0.00281593,214.041,0.229729
251.4000,-2.08133,213.568,0.223112
251.3000,-1.81164,213.454,0.221508
251.2000,0.264318,213.959,0.228588
251.1000,-0.506574,214.194,0.231869
251.0000,-0.269298,214.626,0.237901
250.9000,-0.0896972,214.472,0.235749
250.8000,-0.192034,213.221,0.218233
250.7000,-0.254951,215.5,0.250092
250.6000,0.149955,214.355,0.234118
250.5000,1.88128,214.841,0.240905
250.4000,0.111672,215.085,0.244301
250.3000,-0.367166,215.017,0.243354
250.2000,0.290117,214.611,0.237695
250.1000,-1.86947,214.47,0.235733
250.0000,0.899219,214.562,0.237015
249.9000,1.29139,214.983,0.24288
249.8000,-0.319278,214.134,0.231029
249.7000,-2.40108,214.434,0.235226
249.6000,-1.32858,214.504,0.236208
249.5000,-2.16029,214.849,0.241015
249.4000,0.45713,215.166,0.245438
249.3000,-1.91108,214.605,0.237616
249.2000,0.49987,214.44,0.235305
249.1000,1.17346,214.834,0.24081
249.0000,0.546772,215.548,0.250754
248.9000,0.477664,214.835,0.240826
248.8000,-2.6206,214.394,0.234672
248.7000,-0.234653,215.985,0.256833
248.6000,-1.5834,215.83,0.254677
248.5000,1.25635,216.069,0.257997
248.4000,-1.19215,215.162,0.245375
248.3000,-0.284274,214.68,0.23866
248.2000,-0.251533,215.347,0.247963
248.1000,0.213623,215.44,0.249256
248.0000,-1.06206,214.475,0.235796
247.9000,0.0876491,215.081,0.244254
247.8000,-1.27448,215.155,0.24528
247.7000,-0.862469,215.248,0.246574
247.6000,1.40044,214.881,0.241458
247.5000,-0.152879,215,0.243117
247.4000,1.00464,215.824,0.254598
247.3000,0.228858,215.277,0.246985
247.2000,-0.949917,215.862,0.255117
247.1000,-1.35947,216.3,0.261205
247.0000,-0.283444,215.694,0.252787
246.9000,-0.690766,215.428,0.249083
246.8000,-0.598925,215.607,0.251573
246.7000,-0.73451,215.036,0.243622
246.6000,-1.87966,216.315,0.261409
246.5000,0.44329,215.599,0.251463
246.4000,-1.08494,215.67,0.252456
246.3000,-0.428075,215.867,0.255196
246.2000,-1.41433,216.014,0.257226
246.1000,-0.158237,216.195,0.259743
246.0000,-0.785819,215.92,0.25592
245.9000,-1.47116,215.718,0.253118
245.8000,-1.93613,217.854,0.28269
245.7000,-1.48992,216.366,0.262116
245.6000,-2.04145,217.44,0.276982
245.5000,-1.4394,214.658,0.238359
245.4000,-1.67463,216.022,0.257336
245.3000,-2.04067,216.27,0.260781
245.2000,0.254811,216.984,0.27067
245.1000,-2.72333,216.911,0.269667
245.0000,-1.72739,215.58,0.251195
244.9000,-1.00304,216.716,0.266969
244.8000,0.906586,216.58,0.265085
244.7000,-1.20352,216.529,0.264379
244.6000,-1.66096,217.532,0.27825
244.5000,-1.31734,216.526,0.264331
244.4000,-3.45662,218.411,0.290369
244.3000,-0.432045,215.798,0.254236
244.2000,-0.405649,217.271,0.27465
244.1000,-4.02872,216.886,0.269322
244.0000,-1.48212,217.161,0.273131
243.9000,-0.514165,217.39,0.276294
243.8000,-0.275183,217.135,0.27277
243.7000,-2.83657,217.373,0.276059
243.6000,-2.545,217.389,0.276278
243.5000,-3.73698,216.941,0.270075
243.4000,-3.22292,217.521,0.278093
243.3000,-2.52368,216.884,0.269291
243.2000,-2.13465,217.627,0.279564
243.1000,-0.237269,217.677,0.280252
243.0000,-1.65698,218.587,0.292785
242.9000,-4.35411,218.281,0.288576
242.8000,-4.18139,219.03,0.298872
242.7000,-4.11711,218.333,0.289293
242.6000,-3.93285,218.171,0.287062
242.5000,-3.72918,218.046,0.285345
242.4000,-3.93524,217.79,0.281815
242.3000,-3.0937,217.805,0.282018
242.2000,-6.1995,218.453,0.290946
242.1000,-3.27657,218.745,0.294966
242.0000,-4.02294,218.251,0.28817
241.9000,-3.73672,218.462,0.291071
241.8000,-3.84915,218.588,0.292801
241.7000,-5.02485,219.893,0.310707
241.6000,-4.8609,219.134,0.300303
241.5000,-6.23408,218.965,0.297986
241.4000,-4.30411,219.455,0.304701
241.3000,-6.01,219.693,0.307961
241.2000,-6.29746,219.357,0.303365
241.1000,-6.80698,219.692,0.307946
241.0000,-6.88451,219.824,0.309761
240.9000,-5.79527,219.136,0.300334
240.8000,-6.48101,219.276,0.302247
240.7000,-4.63244,219.362,0.303427
240.6000,-6.81932,220.305,0.316331
240.5000,-6.65084,220.179,0.314612
240.4000,-5.59647,219.76,0.308876
240.3000,-4.31442,220.096,0.313481
240.2000,-6.18719,220.709,0.321853
240.1000,-5.32126,220.486,0.318807
240.0000,-6.66258,221.399,0.331255
239.9000,-6.53949,220.629,0.320756
239.8000,-7.65215,221.401,0.331286
239.7000,-7.42937,221.324,0.330237
239.6000,-6.37111,221.016,0.32604
239.5000,-8.46739,220.707,0.321822
239.4000,-6.87226,222.712,0.349081
239.3000,-8.46768,221.403,0.331301
239.2000,-9.05372,221.484,0.332412
239.1000,-8.29667,221.756,0.336109
239.0000,-8.14307,222.325,0.34383
238.9000,-8.55195,222.323,0.3438
238.8000,-10.6806,221.992,0.33931
238.7000,-8.16523,222.937,0.352118
238.6000,-9.90694,222.976,0.352655
238.5000,-9.36691,222.819,0.350523
238.4000,-12.389,223.289,0.356883
238.3000,-9.0458,223.05,0.353651
238.2000,-12.0932,223.341,0.357587
238.1000,-10.0891,222.879,0.351336
238.0000,-11.5517,224.301,0.37053
237.9000,-11.7543,223.692,0.362329
237.8000,-12.8239,223.704,0.362482
237.7000,-11.7067,223.457,0.359148
237.6000,-11.7377,224.235,0.369645
237.5000,-10.7029,224.197,0.369126
237.4000,-13.001,223.712,0.362589
237.3000,-12.8395,224.511,0.373351
237.2000,-11.2285,225.107,0.381359
237.1000,-12.2323,225.114,0.381465
237.0000,-14.1753,225.126,0.381617
236.9000,-14.1558,225.428,0.385676
236.8000,-15.1136,225.667,0.38888
236.7000,-14.0343,227.41,0.412148
236.6000,-15.4192,225.836,0.39114
236.5000,-14.793,225.517,0.38686
236.4000,-12.8701,226.728,0.403058
236.3000,-14.4794,225.985,0.393127
236.2000,-15.3884,226.535,0.400487
236.1000,-16.2823,226.502,0.400048
236.0000,-15.158,226.849,0.404676
235.9000,-17.4147,227.08,0.407757
235.8000,-17.2362,227.454,0.412736
235.7000,-16.7433,227.988,0.419832
235.6000,-16.3515,227.467,0.412902
235.5000,-17.8373,228.374,0.42496
235.4000,-17.1726,227.962,0.419486
235.3000,-18.0463,228.752,0.429961
235.2000,-17.735,229.045,0.433846
235.1000,-19.0961,229.297,0.437173
235.0000,-18.2296,228.541,0.427169
234.9000,-22.294,230.121,0.448062
234.8000,-21.2409,229.098,0.434551
234.7000,-18.8405,230.805,0.457056
234.6000,-21.5869,230.838,0.457488
234.5000,-22.2898,230.175,0.448764
234.4000,-21.8241,230.365,0.451271
234.3000,-23.6867,231.53,0.466579
234.2000,-24.2452,230.346,0.451018
234.1000,-21.6463,230.881,0.458054
234.0000,-22.2767,231.291,0.463442
233.9000,-25.4818,231.482,0.465954
233.8000,-23.0251,231.794,0.470039
233.7000,-24.1924,232.363,0.477484
233.6000,-22.3804,232.221,0.475632
233.5000,-24.2994,232.407,0.478062
233.4000,-25.4201,233.905,0.497593
233.3000,-26.1394,232.728,0.482251
233.2000,-27.1397,233.166,0.487973
233.1000,-26.2718,234.53,0.505717
233.0000,-25.1716,233.391,0.490912
232.9000,-26.8868,234.187,0.50126
232.8000,-27.7964,235.281,0.515452
232.7000,-28.258,234.773,0.508862
232.6000,-28.9843,236.455,0.530612
232.5000,-27.3153,235.545,0.518867
232.4000,-26.7102,235.176,0.514088
232.3000,-29.0681,235.924,0.523757
232.2000,-28.5427,236.189,0.527179
232.1000,-31.496,236.928,0.536697
232.0000,-35.3973,237.157,0.539641
231.9000,-30.092,237.404,0.542815
231.8000,-27.9905,237.243,0.540747
231.7000,-29.802,237.917,0.549402
231.6000,-31.9237,239.17,0.565437
231.5000,-33.0543,238.484,0.55666
231.4000,-32.8404,239.407,0.568459
231.3000,-31.9057,239.154,0.565234
231.2000,-37.0391,239.809,0.573587
231.1000,-34.3292,240.027,0.576357
231.0000,-34.2828,239.737,0.572663
230.9000,-31.2417,241.001,0.58874
230.8000,-34.4039,241.289,0.59239
230.7000,-36.393,240.559,0.58313
230.6000,-34.7703,240.339,0.580336
230.5000,-37.1409,240.769,0.585792
230.4000,-36.468,241.798,0.598832
230.3000,-38.1396,242.148,0.603259
230.2000,-36.385,241.826,0.599191
230.1000,-38.6895,242.442,0.60698
230.0000,-39.5614,242.998,0.613983
229.9000,-40.7153,243.071,0.614911
229.8000,-39.5563,243.266,0.617365
229.7000,-41.5087,243.234,0.616966
229.6000,-38.977,244.15,0.628475
229.5000,-38.1505,244.236,0.629555
229.4000,-41.7247,244.957,0.638587
229.3000,-41.3989,245.6,0.646634
229.2000,-39.8353,244.06,0.627351
229.1000,-39.1917,245.416,0.644326
229.0000,-40.075,246.636,0.659546
228.9000,-42.7108,246.847,0.662168
228.8000,-43.1028,247.604,0.671571
228.7000,-45.3272,247.359,0.668533
228.6000,-45.1659,247.803,0.674044
228.5000,-40.8244,248.671,0.684789
228.4000,-43.8192,248.943,0.688149
228.3000,-45.7162,249.78,0.698477
228.2000,-45.5757,250.187,0.703484
228.1000,-47.6851,251.056,0.714158
228.0000,-46.3251,251.445,0.718921
227.9000,-45.8925,252.714,0.734434
227.8000,-45.2724,252.834,0.735898
227.7000,-46.7148,253.789,0.747527
227.6000,-46.2673,254.179,0.752262
227.5000,-46.8593,253.883,0.74867
227.4000,-47.4997,255,0.762222
227.3000,-43.7138,255.546,0.768828
227.2000,-46.77,256.209,0.776831
227.1000,-48.0949,256.028,0.774643
227.0000,-49.1399,256.942,0.785661
226.9000,-49.0122,257.323,0.790239
226.8000,-50.0907,258.087,0.799405
226.7000,-53.3699,258.811,0.808074
226.6000,-48.3597,259.004,0.81039
226.5000,-49.8302,259.966,0.821871
226.4000,-49.6179,260.421,0.827281
226.3000,-50.7512,260.809,0.831902
226.2000,-50.2584,261.998,0.846
226.1000,-51.0212,261.85,0.844242
226.0000,-52.7361,262.528,0.852272
225.9000,-50.5616,263.471,0.863398
225.8000,-50.5357,264.546,0.876047
225.7000,-55.3386,264.763,0.878588
225.6000,-50.2835,264.927,0.880516
225.5000,-48.9953,267.311,0.908376
225.4000,-52.0062,267.274,0.907941
225.3000,-50.5281,267.893,0.915151
225.2000,-52.9504,267.847,0.914611
225.1000,-52.3004,269.53,0.934119
225.0000,-52.7307,269.956,0.939042
224.9000,-54.444,270.991,0.950983
224.8000,-52.3771,270.438,0.944612
224.7000,-55.4665,272.777,0.971483
224.6000,-57.729,273.578,0.980644
224.5000,-51.0447,274.65,0.992866
224.4000,-52.5783,275.97,1.00786
224.3000,-56.8533,275.601,1.00367
224.2000,-53.8717,277.193,1.0217
224.1000,-56.4392,278.264,1.03379
224.0000,-54.883,278.526,1.03674
223.9000,-50.486,280.074,1.05411
223.8000,-55.5473,281.122,1.06583
223.7000,-53.2604,281.95,1.07507
223.6000,-57.0684,282.357,1.0796
223.5000,-57.3552,284.097,1.09891
223.4000,-56.4675,284.827,1.10698
223.3000,-51.6383,285.904,1.11885
223.2000,-57.2779,288.311,1.14527
223.1000,-55.1047,289.141,1.15433
223.0000,-55.3296,289.473,1.15795
222.9000,-58.6556,291.684,1.18197
222.8000,-52.5381,292.7,1.19295
222.7000,-53.7085,294.347,1.2107
222.6000,-56.58,295.414,1.22215
222.5000,-52.2536,296.937,1.23843
222.4000,-57.9367,298.299,1.25293
222.3000,-56.3966,299.006,1.26044
222.2000,-61.1608,301.465,1.28643
222.1000,-60.5871,302.405,1.29633
222.0000,-51.998,303.449,1.30728
221.9000,-58.5388,305.366,1.32731
221.8000,-52.6555,306.364,1.3377
221.7000,-56.2157,307.742,1.352
221.6000,-59.0998,310.141,1.37676
221.5000,-56.605,311.313,1.38879
221.4000,-59.4824,313.307,1.40919
221.3000,-62.1129,313.697,1.41316
221.2000,-57.2005,315.812,1.43466
221.1000,-56.5087,317.347,1.45019
221.0000,-58.1461,319.867,1.47554
220.9000,-51.5234,321.318,1.49006
220.8000,-58.0433,323.346,1.51026
220.7000,-59.2246,325.042,1.52708
220.6000,-51.5148,327.173,1.54811
220.5000,-53.4662,329.063,1.56666
220.4000,-54.0351,332.23,1.59755
220.3000,-55.0811,333.337,1.60829
220.2000,-55.9075,335.147,1.62578
220.1000,-51.2985,336.83,1.64198
220.0000,-54.2425,339.821,1.67059
219.9000,-52.9779,342.221,1.69341
219.8000,-62.4182,344.53,1.71522
219.7000,-55.6493,346.597,1.73466
219.6000,-54.4562,348.448,1.75196
219.5000,-48.9906,350.346,1.76964
219.4000,-48.562,353.479,1.79864
219.3000,-42.6638,354.716,1.81004
219.2000,-57.7133,358.115,1.84117
219.1000,-50.5194,359.646,1.85511
219.0000,-49.1271,361.808,1.87471
218.9000,-48.8882,364.968,1.90319
218.8000,-51.8119,367.75,1.92809
218.7000,-39.2362,370.3,1.95078
218.6000,-53.5915,373.973,1.98323
218.5000,-51.1789,375.782,1.99911
218.4000,-41.3936,378.106,2.01942
218.3000,-41.8942,382.507,2.05759
218.2000,-41.5566,384.69,2.07639
218.1000,-48.1151,388.711,2.11079
218.0000,-50.7165,390.925,2.1296
217.9000,-39.3038,394.96,2.16365
217.8000,-41.6725,398.062,2.18963
217.7000,-44.31,401.371,2.21715
217.6000,-33.4113,405.005,2.24716
217.5000,-32.9777,409.027,2.28012
217.4000,-35.6149,412.959,2.31207
217.3000,-26.32,416.979,2.34447
217.2000,-30.8133,420.828,2.37526
217.1000,-31.9574,424.582,2.40505
217.0000,-38.7757,427.587,2.42874
216.9000,-34.5601,432.53,2.4674
216.8000,-31.225,437.014,2.50215
216.7000,-41.9502,439.868,2.52412
216.6000,-25.2922,442.953,2.54772
216.5000,-28.3753,447.879,2.58513
216.4000,-27.8671,449.974,2.60093
216.3000,-20.3912,454.992,2.63854
216.2000,-26.5999,457.603,2.65796
216.1000,-20.5698,462.319,2.69281
216.0000,-32.9086,466.025,2.72
215.9000,-17.3976,470.042,2.74925
215.8000,-33.1209,474.234,2.77956
215.7000,-35.7391,477.657,2.80414
215.6000,-20.1984,482.065,2.83557
215.5000,-16.4013,486.139,2.8644
215.4000,-16.0583,489.381,2.8872
215.3000,-27.416,494.98,2.92629
215.2000,-5.18172,499.384,2.95676
215.1000,-14.9008,503.361,2.98408
215.0000,-28.196,505.567,2.99916
214.9000,-12.9408,510.454,3.03237
214.8000,-12.9252,515.058,3.06341
214.7000,-30.5038,518.93,3.08933
214.6000,-25.8072,524.475,3.12617
214.5000,-23.7382,528.4,3.15205
214.4000,-1.34144,533.137,3.18306
214.3000,-8.33723,536.459,3.20467
214.2000,-15.6939,540.813,3.23283
214.1000,-16.149,545.299,3.26163
214.0000,-12.906,550.112,3.29232
213.9000,-24.1882,554.074,3.31741
213.8000,-12.4179,558.836,3.34736
213.7000,-15.0988,563.358,3.3756
213.6000,-21.8366,566.674,3.39619
213.5000,-23.1117,571.08,3.42339
213.4000,-6.542,575.944,3.45321
213.3000,-12.5964,580.893,3.48333
213.2000,-26.339,584.318,3.50405
213.1000,-8.48146,587.993,3.52617
213.0000,-8.19822,591.289,3.5459
212.9000,-2.93934,595.444,3.57065
212.8000,-6.94481,600.172,3.59863
212.7000,-10.5919,604.048,3.62144
212.6000,-9.97232,608.316,3.64639
212.5000,-0.17242,613.139,3.67442
212.4000,-4.46644,616.726,3.69515
212.3000,2.166,622.502,3.7283
212.2000,-8.18353,625.951,3.74798
212.1000,-5.37252,631.296,3.77829
212.0000,9.27075,635.257,3.80061
211.9000,2.63533,639.394,3.8238
211.8000,-6.88135,644.662,3.85314
211.7000,9.63626,648.467,3.8742
211.6000,-0.706344,652.14,3.89444
211.5000,-15.0996,654.842,3.90926
211.4000,-18.5138,659.67,3.93561
211.3000,-9.03119,662.475,3.95085
211.2000,2.55996,664.714,3.96298
211.1000,-7.31703,669.05,3.98636
211.0000,-6.52948,671.537,3.99971
210.9000,-17.7441,675.146,4.01901
210.8000,14.4442,678.978,4.03941
210.7000,6.53586,681.636,4.0535
210.6000,-2.92681,684.495,4.0686
210.5000,-15.9521,687.34,4.08358
210.4000,-8.68687,690.546,4.10039
210.3000,-6.43952,693.094,4.1137
210.2000,-15.1966,696.349,4.13065
210.1000,-8.25565,698.338,4.14097
210.0000,-5.62291,702.038,4.16012
209.9000,-11.154,704.326,4.17191
209.8000,17.2794,706.958,4.18543
209.7000,-8.51907,708.786,4.1948
209.6000,-11.8438,712.023,4.21133
209.5000,7.27604,715.522,4.22914
209.4000,1.21117,716.492,4.23406
209.3000,-13.8785,718.032,4.24186
209.2000,-15.6885,721.644,4.26011
209.1000,-6.77619,724.27,4.27332
209.0000,-7.88139,725.335,4.27867
208.9000,-5.26353,726.158,4.2828
208.8000,-17.1303,728.45,4.29428
208.7000,3.55961,728.805,4.29605
208.6000,-1.05845,731.104,4.30753
208.5000,-16.8695,731.599,4.30999
208.4000,-11.6143,733.448,4.3192
208.3000,-2.87047,735.24,4.32809
208.2000,-9.90196,736.906,4.33635
208.1000,-16.781,739.13,4.34735
208.0000,-20.9594,740.785,4.35551
207.9000,-1.07714,741.879,4.3609
207.8000,-16.695,744.025,4.37146
207.7000,8.44704,743.793,4.37032
207.6000,-6.60491,745.317,4.37779
207.5000,-6.94941,746.542,4.3838
207.4000,-10.9191,747.266,4.38734
207.3000,-1.50001,748.092,4.39138
207.2000,-8.53837,749.27,4.39714
207.1000,10.3096,749.827,4.39985
207.0000,-7.1949,751.38,4.40742
206.9000,-10.4085,751.705,4.409
206.8000,4.10236,752.907,4.41485
206.7000,-15.0399,753.704,4.41872
206.6000,-18.2151,754.121,4.42075
206.5000,-2.05566,753.966,4.41999
206.4000,-1.8051,755.928,4.42951
206.3000,7.17964,756.642,4.43297
206.2000,15.3577,758.023,4.43965
206.1000,-1.5093,757.861,4.43887
206.0000,-0.83792,758.887,4.44382
205.9000,-23.9611,759.852,4.44848
205.8000,3.11591,759.863,4.44853
205.7000,-15.0122,760.841,4.45325
205.6000,-11.2062,761.242,4.45518
205.5000,4.12323,761.949,4.45858
205.4000,12.6342,763.388,4.4655
205.3000,3.31976,764.195,4.46937
205.2000,-0.0977556,763.689,4.46694
205.1000,2.87562,764.57,4.47117
205.0000,2.91632,765.097,4.4737
204.9000,-2.93339,766.173,4.47886
204.8000,3.87209,766.262,4.47928
204.7000,-0.407718,767.339,4.48444
204.6000,-6.66279,767.518,4.4853
204.5000,-3.58519,766.756,4.48165
204.4000,-2.94225,768.199,4.48855
204.3000,0.493289,768.396,4.48949
204.2000,7.36703,769.526,4.49489
204.1000,1.86878,769.343,4.49401
204.0000,-5.5798,769.765,4.49603
203.9000,-3.88392,770.131,4.49777
203.8000,-2.51507,771.417,4.5039
203.7000,-7.599,772.992,4.51139
203.6000,-9.93355,772.532,4.5092
203.5000,17.4639,773.288,4.5128
203.4000,1.44243,773.391,4.51329
203.3000,2.16908,774.514,4.51862
203.2000,-11.9162,774.754,4.51976
203.1000,-9.01287,775.875,4.52507
203.0000,9.57896,775.741,4.52444
202.9000,-6.0924,776.703,4.52899
202.8000,2.77987,777.409,4.53233
202.7000,-3.91391,776.547,4.52825
202.6000,-5.75859,778.099,4.53559
202.5000,-3.15002,778.772,4.53877
202.4000,-17.992,779.889,4.54405
202.3000,2.67469,779.887,4.54404
202.2000,-9.46098,781.149,4.54999
202.1000,-6.5446,781.329,4.55083
202.0000,-0.59475,782.868,4.55807
201.9000,-8.04665,784.678,4.56657
201.8000,21.568,785.011,4.56814
201.7000,-14.6406,786.479,4.57502
201.6000,4.09254,787.544,4.58
201.5000,-1.14074,788.601,4.58494
201.4000,5.90332,789.364,4.58851
201.3000,-0.870188,791.525,4.59858
201.2000,-9.29475,792.803,4.60453
201.1000,-2.7633,792.905,4.605
201.0000,-4.8392,793.469,4.60763
200.9000,-17.4338,795.471,4.61692
200.8000,4.30736,796.637,4.62233
200.7000,5.76692,797.567,4.62663
200.6000,-4.41165,799.854,4.6372
200.5000,-9.5462,801.072,4.64282
200.4000,1.97396,801.884,4.64656
200.3000,-2.14166,803.33,4.65322
200.2000,6.49298,805.738,4.66427
200.1000,7.69404,807.485,4.67228
200.0000,-2.59439,808.878,4.67865
199.9000,-0.616433,810.283,4.68507
199.8000,8.90166,812.021,4.693
199.7000,8.76448,813.335,4.69898
199.6000,-3.93107,814.87,4.70596
199.5000,0.701025,816.58,4.71372
199.4000,-6.47489,817.385,4.71737
199.3000,-1.35267,818.812,4.72383
199.2000,-0.478406,820.581,4.73183
199.1000,-2.60311,821.178,4.73452
199.0000,-4.18806,823.806,4.74636
198.9000,5.44029,825.144,4.75238
198.8000,9.12881,826.347,4.75779
198.7000,5.48856,828.056,4.76545
198.6000,-10.0279,830.032,4.7743
198.5000,5.96048,831.371,4.78028
198.4000,-5.79721,831.913,4.7827
198.3000,-16.8514,833.665,4.79051
198.2000,3.14379,835.25,4.79756
198.1000,-2.01454,836.078,4.80125
198.0000,-7.95408,837.349,4.80689
197.9000,-5.23129,838.697,4.81287
197.8000,-4.7012,839.808,4.81779
197.7000,13.5224,840.543,4.82104
197.6000,9.00773,841.417,4.82491
197.5000,0.609422,842.85,4.83124
197.4000,-12.1217,844.23,4.83732
197.3000,-0.673649,844.561,4.83878
197.2000,-2.49464,846.086,4.8455
197.1000,7.41086,846.172,4.84587
197.0000,-6.26979,848.166,4.85463
196.9000,7.98439,848.82,4.85751
196.8000,-3.53063,848.392,4.85563
196.7000,0.202898,849.329,4.85974
196.6000,8.87502,850.704,4.86576
196.5000,-9.59101,851.712,4.87017
196.4000,-8.30762,851.985,4.87137
196.3000,-1.85061,852.689,4.87444
196.2000,-2.61087,853.214,4.87674
196.1000,11.0761,855.459,4.88653
196.0000,24.9489,855.406,4.8863
195.9000,3.88681,855.747,4.88778
195.8000,7.8321,856.332,4.89033
195.7000,7.59542,856.823,4.89247
195.6000,1.19575,857.394,4.89495
195.5000,2.95273,857.514,4.89548
195.4000,18.8519,858.251,4.89868
195.3000,-5.55876,858.622,4.90029
195.2000,2.02514,859.037,4.90209
195.1000,-2.50136,859.207,4.90283
195.0000,-4.78076,859.834,4.90555
194.9000,-8.02373,859.116,4.90243
194.8000,14.486,859.951,4.90606
194.7000,6.46097,860.746,4.9095
194.6000,-10.8892,860.82,4.90982
194.5000,-0.26388,861.638,4.91337
194.4000,-8.7662,861.088,4.91099
194.3000,-5.9942,861.462,4.91261
194.2000,-12.5322,862.158,4.91562
194.1000,-5.04907,861.911,4.91455
194.0000,7.47405,862.239,4.91597
193.9000,-0.358883,861.669,4.91351
193.8000,0.978854,863.597,4.92184
193.7000,-9.60303,863.851,4.92294
193.6000,-3.57783,864.239,4.92462
193.5000,9.57937,864.345,4.92507
193.4000,7.85088,864.015,4.92365
193.3000,-4.60895,864.529,4.92587
193.2000,-2.15249,865.792,4.93132
193.1000,-12.5152,865.577,4.9304
193.0000,-1.02366,865.395,4.92961
192.9000,0.492065,865.393,4.9296
192.8000,9.66138,866.075,4.93254
192.7000,-1.48859,865.948,4.93199
192.6000,-1.70286,866.607,4.93484
192.5000,5.6848,866.84,4.93584
192.4000,3.97285,867.083,4.93689
192.3000,5.99654,867.966,4.94069
192.2000,3.99992,867.445,4.93844
192.1000,-5.29399,867.38,4.93816
192.0000,-19.4986,867.042,4.93671
191.9000,-5.025,868.136,4.94142
191.8000,2.68353,867.762,4.93981
191.7000,2.85329,867.947,4.9406
191.6000,-5.297,867.555,4.93892
191.5000,-9.12802,867.581,4.93903
191.4000,-7.6044,868.136,4.94142
191.3000,3.79394,868.282,4.94205
191.2000,-16.8161,869.082,4.94549
191.1000,1.89001,869.021,4.94522
191.0000,6.18151,869.826,4.94869
190.9000,-1.85598,869.898,4.94899
190.8000,1.4593,870.334,4.95087
190.7000,-7.73497,871.212,4.95463
190.6000,6.62672,871.134,4.9543
190.5000,16.8243,872.049,4.95822
190.4000,4.85445,871.449,4.95565
190.3000,-9.82565,871.446,4.95563
190.2000,-1.95853,871.559,4.95612
190.1000,-2.16769,872.089,4.95839
190.0000,-0.846089,871.941,4.95776

##### Extended Information
[Comments]
Sample name,TB_TH_KD_Protein and Additive 
Comment, Protein and Additive 
User,Tara_Tyler_Kimani
Division
Company,Saint Mary's College

[Detailed Information]
Creation date,9/29/2022 3:57 PM

Data array type,Linear data array * 3
Horizontal axis,Wavelength [nm]
Vertical axis(1),CD [mdeg]
Vertical axis(2),HT [V]
Vertical axis(3),Abs
Start,320 nm
End,190 nm
Data interval,0.1 nm
Data points,1301    

[Measurement Information]
Instrument name,J-1500
Model name,J-1500
Serial No.,B051061638

Detector,PM-539
Detector S/N,B051061638
  Lock-in amp.,X mode
  HT volt,Auto

Accessory,PTC-517
Accessory S/N,B026561646
  Temperature,21.93 C
  Control sensor,Holder
  Monitor sensor,Holder

Measurement date,9/29/2022 3:56 PM

CD Overload detect,941
Photometric mode,CD, HT, Abs
Measure range,320 - 190 nm
Data pitch,0.1 nm
CD scale,20 mdeg/0.05 dOD
FL scale,20 mdeg/0.05 dOD
D.I.T.,8 msec
Bandwidth,2.00 nm
Start mode,Immediately
Scanning mode,Continuous
Scanning speed,200 nm/min
Baseline correction,None
Shutter control,Auto
No. of cycle,1/1
N2 Flowmeter,Manual

Solvent,NaPO4 buffer

