TITLE,TB TH  KD_ Buffer and Additive,,
DATA TYPE,,,
ORIGIN,JASCO,,
OWNER,,,
DATE,22/09/29,,
TIME,16:01:55,,
SPECTROMETER/DATA SYSTEM,,,
LOCALE,1033,,
RESOLUTION,,,
DELTAX,-0.1,,
XUNITS,NANOMETERS,,
YUNITS,CD [mdeg],,
Y2UNITS,HT [V],,
Y3UNITS,ABSORBANCE,,
FIRSTX,320,,
LASTX,190,,
NPOINTS,1301,,
FIRSTY,0.10152,,
MAXY,24.87453,,
MINY,-18.08336,,
XYDATA,,,
320,0.5373516667,209.719,0.1687403333
319.9,1.211167333,209.53,0.166054
319.8,1.108878667,209.102,0.1599536667
319.7,1.114007333,209.7456667,0.1691183333
319.6,1.513163333,209.164,0.1608383333
319.5,2.109223333,209.7216667,0.168786
319.4,1.036481,209.0913333,0.1598053333
319.3,1.578878333,208.865,0.1565766667
319.2,1.041655667,209.0793333,0.1596226667
319.1,0.752867,209.0396667,0.1590586667
319,-0.1527183333,209.0066667,0.1585953333
318.9,0.6518326667,209.2623333,0.162242
318.8,1.191323,209.2816667,0.1625106667
318.7,0.9520406667,208.7483333,0.1549073333
318.6,0.412695,208.6503333,0.1535043333
318.5,1.428546,209.2086667,0.16148
318.4,1.468825,209.122,0.160241
318.3,0.4615976667,209.092,0.159814
318.2,1.026995667,208.767,0.1551566667
318.1,1.079065,209.2793333,0.162471
318,1.780316667,209,0.1585
317.9,1.319052667,208.588,0.1526146667
317.8,1.600677333,208.5503333,0.15208
317.7,0.9474737333,208.765,0.155134
317.6,0.7857706667,209.1603333,0.1607916667
317.5,1.597343333,209.0883333,0.1597666667
317.4,1.569828667,208.772,0.1552463333
317.3,0.8279553333,208.6983333,0.1541923333
317.2,2.478246333,208.9233333,0.157408
317.1,0.707583,209.16,0.1607696667
317,0.4806743333,208.9823333,0.1582446667
316.9,1.463154667,209.3796667,0.1639086667
316.8,1.942553333,208.7443333,0.1548573333
316.7,1.541214667,208.99,0.1583616667
316.6,1.342524667,209.901,0.1713256667
316.5,1.611944667,208.6186667,0.1530493333
316.4,-0.147128,208.9353333,0.1575796667
316.3,1.86402,208.846,0.1562996667
316.2,1.536216667,208.1803333,0.1467716667
316.1,1.420424,208.5806667,0.1524996667
316,0.299618,209.1356667,0.1604383333
315.9,2.46484,208.8613333,0.156521
315.8,1.596013333,208.6063333,0.1528706667
315.7,1.398905333,209.2926667,0.1626693333
315.6,1.59423,208.697,0.1541583333
315.5,1.364517,208.9216667,0.157381
315.4,0.339669,208.982,0.1582276667
315.3,1.107706333,208.6983333,0.154192
315.2,1.177555,208.067,0.145159
315.1,0.2745133333,208.414,0.1501113333
315,0.4607763333,208.2256667,0.1474333333
314.9,0.54231,209.257,0.1621693333
314.8,1.113118,208.3956667,0.149866
314.7,1.00344,208.349,0.1491766667
314.6,2.019146667,208.4256667,0.1502946667
314.5,0.9437733333,208.8836667,0.156808
314.4,1.825253667,208.0876667,0.1454563333
314.3,1.04177,208.4626667,0.1508223333
314.2,1.83904,209.234,0.1618366667
314.1,1.791116667,208.6973333,0.154176
314,1.953591667,207.873,0.142384
313.9,0.444152,208.4276667,0.1502913333
313.8,1.447403667,208.124,0.1459813333
313.7,0.588807,208.3373333,0.149025
313.6,0.152815,208.7853333,0.1554383333
313.5,0.7758996667,207.972,0.143793
313.4,1.414842333,208.3096667,0.148635
313.3,0.09764533333,208.982,0.158231
313.2,1.522517667,207.301,0.1341773333
313.1,0.5888953333,208.1493333,0.1463353333
313,2.072894333,209.0086667,0.158626
312.9,1.270049,208.4003333,0.1499273333
312.8,-0.1325276667,207.8593333,0.1421823333
312.7,0.9719326667,208.1173333,0.1458853333
312.6,1.444601333,208.2813333,0.148219
312.5,1.152870667,208.079,0.1453343333
312.4,0.2329606667,207.9166667,0.1429993333
312.3,0.9489951,207.7626667,0.140789
312.2,1.085039667,208.2343333,0.1475523333
312.1,0.799177,208.1336667,0.146068
312,1.110576,208.845,0.1562853333
311.9,1.101633,208.1103333,0.145782
311.8,1.882610852,208.4446667,0.1505436667
311.7,1.282852333,209.1286667,0.160325
311.6,0.9571456667,208.878,0.1567586667
311.5,1.59639,208.0836667,0.145397
311.4,1.899183333,208.4163333,0.1501543333
311.3,1.3795982,208.4526667,0.1506793333
311.2,1.698753667,207.822,0.1416433333
311.1,1.101896,208.2206667,0.1473653333
311,-0.1675643333,208.5956667,0.1527283333
310.9,-0.2871793333,208.4066667,0.1500243333
310.8,1.142224667,208.893,0.1569763333
310.7,1.435566667,208.4563333,0.1507353333
310.6,0.0991484,208.6863333,0.154026
310.5,0.4894013333,208.493,0.1512483333
310.4,1.973067,208.6856667,0.154009
310.3,1.156548,207.901,0.1427716667
310.2,0.6370243333,208.6023333,0.15282
310.1,0.2247893333,208.8706667,0.1566463333
310,1.367796333,208.2596667,0.1479223333
309.9,0.9863116,207.759,0.1407496667
309.8,1.089547333,208.534,0.1518393333
309.7,0.3174066667,208.332,0.1489613333
309.6,1.172317667,208.779,0.1553216667
309.5,0.06823433333,208.8993333,0.157062
309.4,0.4527924333,208.716,0.1544426667
309.3,1.534473333,208.2536667,0.147834
309.2,1.594198667,208.8736667,0.1566946667
309.1,0.9913056667,209.0533333,0.159261
309,1.353580667,208.5513333,0.1520913333
308.9,0.144926,208.7783333,0.1553413333
308.8,0.674389,208.8533333,0.1563813333
308.7,0.681463,208.5916667,0.1526636667
308.6,0.9973736667,208.174,0.146697
308.5,1.990866667,207.9056667,0.1428416667
308.4,0.75238,208.953,0.157826
308.3,1.001051667,208.726,0.1545906667
308.2,2.146496667,209.239,0.161886
308.1,0.5352928,208.0143333,0.1443943333
308,0.75295,208.6076667,0.1528736667
307.9,1.350034333,207.4833333,0.13678
307.8,1.052411667,208.9083333,0.1571826667
307.7,2.083598,208.833,0.156112
307.6,1.176437667,209.0636667,0.1594093333
307.5,0.1944186667,208.005,0.1442513333
307.4,1.760436667,208.395,0.1498516667
307.3,0.806821,208.2546667,0.1478503333
307.2,1.022258333,208.7056667,0.1542926667
307.1,1.421622,208.1866667,0.1468733333
307,2.05331,208.0403333,0.1447816667
306.9,1.081421333,209.042,0.1590833333
306.8,1.619842667,208.4186667,0.1501946667
306.7,1.67872,208.9706667,0.1580743333
306.6,0.9490323333,208.4906667,0.1511853333
306.5,1.219087333,208.1943333,0.1469763333
306.4,1.55042,208.9766667,0.1581526667
306.3,1.505183667,208.3463333,0.1491593333
306.2,-0.1969803333,208.9813333,0.1582346667
306.1,-0.338483,208.3913333,0.1498093333
306,2.028893333,208.878,0.156737
305.9,1.70794,208.8906667,0.156943
305.8,1.219227,208.29,0.1483563333
305.7,1.119598333,208.1656667,0.1465713333
305.6,1.431317,209.1603333,0.1607736667
305.5,0.7104253333,209.0806667,0.1596296667
305.4,1.05109,208.414,0.1501316667
305.3,0.8206946667,208.4336667,0.150415
305.2,1.2288636,208.2506667,0.1477923333
305.1,1.486379,208.022,0.14451
305,0.59617,208.3133333,0.14869
304.9,0.5787023333,208.6426667,0.1534
304.8,0.068861,208.439,0.1504823333
304.7,0.7165566667,208.243,0.1476703333
304.6,1.816483,208.3223333,0.1488056667
304.5,1.05264,207.8253333,0.1416946667
304.4,0.7040797333,208.16,0.146492
304.3,2.06326,207.886,0.1425623333
304.2,0.8474676667,208.3396667,0.1490633333
304.1,1.533216067,207.9983333,0.144181
304,0.8249106667,208.14,0.146208
303.9,1.860358667,207.537,0.1375523333
303.8,2.424186667,208.4003333,0.149933
303.7,1.149993,207.9233333,0.143101
303.6,0.1970205333,207.8823333,0.1425086667
303.5,0.1682636667,208.5573333,0.1521763333
303.4,0.6560733333,208.202,0.1470993333
303.3,0.6494763333,207.6113333,0.138628
303.2,1.381691733,207.6973333,0.1398666667
303.1,1.444496667,208.5346667,0.1518496667
303,1.056274333,207.908,0.1428883333
302.9,1.014833833,207.914,0.142968
302.8,0.3433121,208.2616667,0.1479556667
302.7,0.345716,208.6803333,0.1539326667
302.6,0.6912685333,208.4686667,0.1509083333
302.5,0.6924752667,207.6283333,0.1388663333
302.4,1.612207667,208.2553333,0.147864
302.3,0.7137023333,208.384,0.1497003333
302.2,1.150244667,208.4933333,0.151265
302.1,1.036027333,208.075,0.1452816667
302,1.112359333,208.664,0.1537056667
301.9,1.566933333,208.2803333,0.1482203333
301.8,0.2741243333,207.8666667,0.1422896667
301.7,1.678441333,207.5346667,0.137515
301.6,1.531525667,207.5346667,0.137523
301.5,1.19146,208.62,0.1530756667
301.4,1.197801,208.4763333,0.1510233333
301.3,0.012737,207.8543333,0.1421096667
301.2,0.5392416667,207.9623333,0.143653
301.1,0.8165133333,208.0936667,0.1455413333
301,1.010933333,208.3053333,0.1485713333
300.9,0.4325186667,208.3176667,0.1487496667
300.8,0.7960936667,207.8223333,0.1416553333
300.7,1.258127667,208.0266667,0.144584
300.6,0.3676043333,208.2206667,0.147365
300.5,1.410173333,207.916,0.1429943333
300.4,1.602576667,207.6346667,0.1389693333
300.3,1.343450333,208.0166667,0.144447
300.2,1.340120667,207.996,0.1441483333
300.1,0.5351006667,208.5393333,0.1519266667
300,1.2028787,208.674,0.1538336667
299.9,1.290016667,207.9203333,0.1430553333
299.8,1.979436667,207.8123333,0.1415103333
299.7,0.7622526667,207.8363333,0.141848
299.6,2.369363333,207.1086667,0.131412
299.5,1.441063333,208.0366667,0.1447243333
299.4,1.317628333,208.0713333,0.1452236667
299.3,1.950310333,207.3103333,0.1342946667
299.2,0.04263166667,207.363,0.1350676667
299.1,0.56717,206.8943333,0.128306
299,1.260228333,207.9663333,0.1436956667
298.9,-0.1755403,208.284,0.1482686667
298.8,1.760692,208.0103333,0.1443536667
298.7,1.321234,207.6396667,0.139038
298.6,1.323773333,207.6986667,0.139884
298.5,-0.2121076667,208.4976667,0.1513093333
298.4,1.097084333,207.5966667,0.1384196667
298.3,0.24354681,208.1706667,0.1466503333
298.2,1.674486667,207.793,0.1412323333
298.1,0.9866993333,207.6993333,0.1398916667
298,1.89758,208.143,0.1462506667
297.9,1.118574667,207.942,0.1433713333
297.8,0.7574256667,207.6943333,0.139814
297.7,1.31989,207.4546667,0.136383
297.6,0.854514,207.6683333,0.1394483333
297.5,-0.1975176667,207.8586667,0.1421783333
297.4,0.2658246667,207.7236667,0.1402396667
297.3,1.717691,207.3196667,0.1344456667
297.2,0.9535923333,207.8586667,0.142185
297.1,0.534722,208.0696667,0.1452006667
297,0.954931,207.1283333,0.1316973333
296.9,0.9610866667,208.0066667,0.1442713333
296.8,0.7735063333,208.239,0.1476236667
296.7,1.209927333,207.9473333,0.143449
296.6,1.81642,208.18,0.1467743333
296.5,1.530856667,207.3313333,0.134597
296.4,1.610295333,207.2603333,0.1335933333
296.3,-0.2602169,207.9773333,0.14387
296.2,0.5045256667,207.9726667,0.1438136667
296.1,1.559905333,207.3706667,0.1351766667
296,1.36942,207.966,0.1437103333
295.9,1.261206667,207.889,0.1425986667
295.8,1.291327333,207.9306667,0.1432013333
295.7,1.163419333,207.4923333,0.1369213333
295.6,0.8886185333,207.124,0.1316326667
295.5,-0.6884903333,207.681,0.1396333333
295.4,1.037221667,207.2193333,0.1329973333
295.3,0.6830483333,207.7963333,0.141279
295.2,1.363078667,207.0223333,0.1301663333
295.1,1.078056333,207.7543333,0.1406796667
295,0.6343963333,207.2553333,0.1335203333
294.9,0.8700846667,207.5266667,0.137413
294.8,1.275852333,207.8123333,0.141502
294.7,1.07299,207.2686667,0.1337046667
294.6,1.490793333,207.431,0.1360323333
294.5,1.12128,207.971,0.143787
294.4,1.835043333,207.8863333,0.1425756667
294.3,1.150371333,207.088,0.1311153333
294.2,0.9749183333,207.7836667,0.1411063333
294.1,1.196182,206.9026667,0.1284513333
294,2.241813333,207.702,0.1399263333
293.9,0.8188153333,207.6146667,0.1386783333
293.8,0.9077536667,207.5836667,0.138235
293.7,0.1097205333,207.7816667,0.1410803333
293.6,0.821493,207.347,0.1348246667
293.5,0.2998696667,208.7713333,0.1552223333
293.4,1.308604333,207.6286667,0.138879
293.3,0.698753,207.4343333,0.13609
293.2,2.642373333,207.3146667,0.1343606667
293.1,0.8533793333,207.6113333,0.13863
293,0.7129396667,206.7676667,0.1265026667
292.9,0.9464453333,207.197,0.132684
292.8,0.3385197667,208.1516667,0.146359
292.7,1.156201667,207.6336667,0.1389486667
292.6,1.747593333,206.7386667,0.1260913333
292.5,1.728743333,207.6126667,0.1386526667
292.4,0.963253,206.7833333,0.126729
292.3,0.5216576667,207.781,0.1410653333
292.2,1.334039333,206.3616667,0.1206483333
292.1,1.280216667,207.5083333,0.1371513333
292,2.13153,206.6976667,0.1254953333
291.9,1.188238,206.3226667,0.1200903333
291.8,0.7581556667,206.7966667,0.1269213333
291.7,1.205326333,206.812,0.1271453333
291.6,0.7215369333,207.023,0.1301736667
291.5,1.155281,206.699,0.1255193333
291.4,1.575707667,207.2133333,0.132913
291.3,0.7489793333,206.6373333,0.1246156667
291.2,0.8747356667,206.6156667,0.124319
291.1,0.1881333333,206.8896667,0.1282516667
291,1.435005333,206.7153333,0.125737
290.9,0.8011036667,207.778,0.141018
290.8,-0.100607,206.222,0.118643
290.7,0.9919346667,206.4243333,0.1215476667
290.6,1.062708667,206.451,0.1219403333
290.5,0.9618383333,206.7836667,0.126734
290.4,0.577806,206.697,0.1254666667
290.3,0.501711,206.0276667,0.1157933333
290.2,1.941476667,206.875,0.1280366667
290.1,1.017130667,207.3643333,0.1350893333
290,1.547063333,207.0696667,0.1308456667
289.9,1.99247,207.0493333,0.1305553333
289.8,0.3358473333,207.3293333,0.13457
289.7,0.4799376667,207.4303333,0.136019
289.6,2.05674,207.4426667,0.1361996667
289.5,1.079039,207.1923333,0.132604
289.4,1.353754667,207.5123333,0.1371966667
289.3,0.9269323333,207.3016667,0.1341653333
289.2,0.4851326667,206.9406667,0.128998
289.1,0.543498,207.2423333,0.133339
289,1.754804,206.708,0.1256503333
288.9,0.3568253333,206.9433333,0.1290366667
288.8,1.180530967,206.999,0.1298336667
288.7,0.9071113333,206.6976667,0.1254906667
288.6,1.211622,206.913,0.1285973333
288.5,0.9856773333,207.1446667,0.1319286667
288.4,0.8733893333,206.313,0.119952
288.3,0.2444059667,207.3846667,0.1353743333
288.2,1.055317333,207.8796667,0.1424696667
288.1,1.548061333,206.6186667,0.1243516667
288,0.9144836667,207.6733333,0.1395216667
287.9,1.723830667,206.6156667,0.1243096667
287.8,0.936992,206.3693333,0.120757
287.7,0.9976306667,206.907,0.128511
287.6,0.4615166667,207.3393333,0.1347333333
287.5,1.711798,207.031,0.130296
287.4,0.3995393333,206.4013333,0.1212156667
287.3,0.9765010667,207.1023333,0.1313173333
287.2,1.047008367,207.4786667,0.136725
287.1,1.239894,207.3366667,0.134684
287,0.1671267567,206.3726667,0.1208116667
286.9,0.7370436667,207.2193333,0.133008
286.8,1.031341,207.0423333,0.1304546667
286.7,1.363117333,206.833,0.127444
286.6,0.638003,207.0746667,0.1308913333
286.5,0.8255103333,206.7073333,0.1256363333
286.4,0.7589556667,207.6863333,0.139707
286.3,0.9769836667,207.184,0.132484
286.2,0.5378316667,207.2226667,0.133055
286.1,1.214151667,206.471,0.122217
286,0.9387359667,206.6116667,0.124252
285.9,1.384744,207.0563333,0.130656
285.8,1.136097,206.8273333,0.1273606667
285.7,1.395159333,207.2943333,0.1340803333
285.6,1.1219388,207.3946667,0.1355223333
285.5,1.619743333,206.8043333,0.1270106667
285.4,0.308184,206.9513333,0.12915
285.3,0.7733673,207.0363333,0.130368
285.2,0.9126513333,207.1803333,0.132437
285.1,0.6880603333,207.6963333,0.13985
285,1.023876667,206.8826667,0.1281533333
284.9,0.4617906667,206.437,0.1217090333
284.8,1.279336,207.4523333,0.1363543333
284.7,0.4859523333,206.7686667,0.126516
284.6,-0.2939993333,207.217,0.1329673333
284.5,0.2941127333,206.4353333,0.1217193333
284.4,0.1080026667,206.601,0.1241046667
284.3,0.6675233333,206.5586667,0.123496
284.2,1.002122133,206.7463333,0.1261946667
284.1,0.865173,207.0663333,0.1307993333
284,1.031227,206.99,0.1297016667
283.9,0.3109951333,207.2836667,0.1339156667
283.8,1.746963667,206.71,0.1255927
283.7,-0.00323,207.101,0.1312996667
283.6,0.7725096667,207.2663333,0.1336733333
283.5,0.8156186667,207.1553333,0.13208
283.4,0.4254573333,207.7443333,0.140538
283.3,0.7747333333,207.351,0.134892
283.2,1.433236667,206.9193333,0.1286823333
283.1,1.938800667,207.02,0.1301273333
283,0.4628626667,207.206,0.1327996667
282.9,1.084997333,207.5113333,0.137194
282.8,1.270229667,207.4553333,0.1363863333
282.7,1.545826667,207.275,0.133778
282.6,1.048523667,207.1936667,0.1326383333
282.5,0.3985596667,206.3643333,0.1206953333
282.4,0.269564,206.3943333,0.1211276667
282.3,1.331481,207.6036667,0.138499
282.2,-0.6224256667,207.0516667,0.1305543333
282.1,1.322836667,207.0366667,0.130362
282,0.9703666667,206.7436667,0.126145
281.9,1.046721667,207.2153333,0.1329423333
281.8,1.535714667,207.8983333,0.1427456667
281.7,-0.4907327667,206.4556667,0.1220056667
281.6,0.807301,206.3663333,0.120698
281.5,0.173779,206.8803333,0.1280903333
281.4,1.175089,206.537,0.1231713333
281.3,1.259114,206.683,0.1252926667
281.2,1.258593333,206.932,0.1288693333
281.1,1.031502333,206.3416667,0.1203686667
281,0.2068916667,206.9086667,0.1285363333
280.9,1.362615333,206.671,0.1251186667
280.8,0.6283766667,207.079,0.1309846667
280.7,0.9519736667,207.1716667,0.1323066667
280.6,0.466664,207.5166667,0.1372703333
280.5,0.4728496,206.7956667,0.1269056667
280.4,1.432206333,206.3793333,0.120898
280.3,1.433255667,207.377,0.1352626667
280.2,0.7862166667,206.8516667,0.1277036667
280.1,1.270583467,206.6876667,0.125354
280,1.59886,207.1206667,0.1315813333
279.9,1.1453262,207.028,0.130247
279.8,0.715718,207.54,0.13761
279.7,1.503230733,206.7276667,0.125922
279.6,0.7467026667,206.6206667,0.124362
279.5,0.2817553333,207.7033333,0.1399466667
279.4,1.587166667,206.8793333,0.1281106667
279.3,-0.4229546,207.377,0.135267
279.2,0.6907373333,207.1483333,0.1319863333
279.1,1.36047,207.0396667,0.130416
279,0.2702859,207.5606667,0.1379036667
278.9,0.6632266767,206.8863333,0.1282143333
278.8,2.033043333,207.9573333,0.1435903333
278.7,0.877756,206.9776667,0.129531
278.6,0.5082566667,206.248,0.1189993333
278.5,1.305280667,207.7396667,0.1404586667
278.4,-0.002607,207.2043333,0.1327823333
278.3,0.346965,206.678,0.125211
278.2,0.8422306667,207.0343333,0.1303286667
278.1,-0.2725328667,207.6133333,0.1386583333
278,0.924062,206.684,0.1253033333
277.9,0.6293663,207.083,0.1310426667
277.8,0.962033,207.263,0.1336376667
277.7,-0.3861953333,207.2083333,0.132842
277.6,0.2622245333,207.45,0.1363163333
277.5,0.2434863333,207.113,0.1314803333
277.4,1.099558667,207.117,0.131536
277.3,2.05664,208.2206667,0.1473616667
277.2,0.895456,206.8303333,0.127413
277.1,1.112888,207.2223333,0.1330403333
277,0.1181943333,207.8173333,0.1415886667
276.9,0.8838137333,207.257,0.13354
276.8,1.127070333,206.608,0.124203
276.7,0.7786953333,206.51,0.1227943333
276.6,1.679349,207.7903333,0.141199
276.5,0.9386933333,207.465,0.136516
276.4,1.419490667,206.588,0.1239126667
276.3,1.592400333,207.1203333,0.1315703333
276.2,1.431865667,207.0896667,0.1311016667
276.1,1.063296333,207.6703333,0.1394826667
276,0.928833,207.432,0.1360536667
275.9,0.3171059333,206.943,0.1290326667
275.8,0.07080722,207.323,0.1344976667
275.7,1.340023667,206.987,0.1296646667
275.6,0.6662773333,207.3006667,0.1341676667
275.5,0.6240046667,206.9023333,0.128431
275.4,0.5521316667,207.4653333,0.1365366667
275.3,1.515126667,207.4023333,0.135619
275.2,0.695027,207.2406667,0.1333083333
275.1,1.265376,208.042,0.144801
275,0.2666653333,207.118,0.131533
274.9,0.5740946667,207.4936667,0.136946
274.8,1.164600667,206.9546667,0.1291573333
274.7,0.2997776667,207.212,0.132893
274.6,1.455909333,206.3516667,0.1205123333
274.5,0.244172,206.7663333,0.1264756667
274.4,1.040433,207.584,0.1382303333
274.3,0.5614703333,207.1736667,0.1323483333
274.2,1.114642333,207.4053333,0.1356666667
274.1,0.6769414833,206.9803333,0.1295623333
274,0.7188943333,207.1593333,0.1321266667
273.9,0.1780986667,207.515,0.1372476667
273.8,0.993777,206.506,0.122711
273.7,1.034315833,206.9983333,0.1298146667
273.6,0.1670913333,207.5253333,0.137396
273.5,0.912382,207.697,0.1398563333
273.4,1.033093333,207.703,0.1399486667
273.3,-0.1288447,207.569,0.1380296667
273.2,1.110767667,207.357,0.13498
273.1,1.65617,206.6843333,0.1253013333
273,1.039831333,207.53,0.1374593333
272.9,0.807182,207.4216667,0.1358873333
272.8,0.8572003333,207.145,0.1319176667
272.7,0.1636393333,207.3666667,0.1351143333
272.6,0.7074616667,207.5226667,0.1373296667
272.5,1.336832,207.056,0.1306453333
272.4,0.28117722,208.0156667,0.1444256667
272.3,0.9103826667,207.268,0.1337063333
272.2,1.405019,206.8833333,0.1281456667
272.1,0.683565,206.9946667,0.1297746667
272,1.049086,208.2533333,0.147837
271.9,0.7689863333,207.6003333,0.138437
271.8,0.9338713333,207.6666667,0.139425
271.7,1.186718333,207.2996667,0.1341473333
271.6,1.184699667,207.6546667,0.1392443333
271.5,1.107585,207.379,0.135296
271.4,0.810081,207.1296667,0.131712
271.3,0.1715229,207.237,0.1332553333
271.2,0.9329283333,207.9213333,0.1430736667
271.1,-0.8656903333,207.4413333,0.1361933333
271,0.5620771,208.0176667,0.1444483333
270.9,-0.1097481,206.96,0.1292623333
270.8,0.8700893333,208.1526667,0.146381
270.7,1.277199,207.1303333,0.1317173333
270.6,1.603245667,207.8383333,0.141886
270.5,0.5631903333,206.7956667,0.12691
270.4,1.611834333,207.6246667,0.1388263333
270.3,0.5729506667,207.395,0.1354893333
270.2,0.9106753333,207.5853333,0.1382526667
270.1,-0.5640923333,208.0596667,0.1450443333
270,-0.211749,206.6963333,0.1254543333
269.9,0.5747403333,208.0576667,0.1450246667
269.8,0.2274803333,208.2913333,0.1483733333
269.7,1.072504667,208.0156667,0.1444106667
269.6,0.7226886667,208.2516667,0.1478013333
269.5,1.103327667,208.0243333,0.1445543333
269.4,0.9916760667,206.8086667,0.1270886667
269.3,-0.2561435,208.2463333,0.1477336667
269.2,0.3119916667,207.251,0.1334113333
269.1,1.0457295,207.2433333,0.1333396667
269,1.1604215,208.59,0.152642
268.9,0.073925,208.3403333,0.149071
268.8,0.5982063333,208.3746667,0.1495546667
268.7,0.65958,207.8706667,0.1423453333
268.6,1.454555667,207.9493333,0.1434783333
268.5,1.252565667,208.5033333,0.1514113333
268.4,2.15848,208.436,0.1504343333
268.3,0.599052,208.4673333,0.150885
268.2,1.11232829,207.895,0.142696
268.1,0.2664943333,208.1423333,0.146239
268,0.6826095,207.9096667,0.1429036667
267.9,0.635018,207.4963333,0.1369806667
267.8,1.075023667,208.4336667,0.150414
267.7,1.424251667,208.4916667,0.1512333333
267.6,0.3837353333,208.0196667,0.144489
267.5,-0.389083,208.7423333,0.1548246667
267.4,0.159331,208.8073333,0.1557473333
267.3,1.326002333,208.1166667,0.1458783333
267.2,0.6498463333,208.4706667,0.150937
267.1,0.654876,208.7403333,0.154783
267,0.1183766667,208.3976667,0.149893
266.9,1.389320667,208.5363333,0.1518806667
266.8,0.07106366667,208.508,0.1514713333
266.7,0.2709293333,208.0716667,0.1452353333
266.6,1.764574333,208.5826667,0.152539
266.5,0.4515436667,208.4296667,0.15034
266.4,1.97314,208.539,0.151915
266.3,1.216255667,208.654,0.153549
266.2,0.7964086,208.4133333,0.1501163333
266.1,1.524176667,208.7336667,0.1546983333
266,-0.28526,208.35,0.149208
265.9,-0.068684,208.361,0.1493726667
265.8,0.5652443333,208.4813333,0.1510896667
265.7,0.8358926667,209.1893333,0.1611976667
265.6,0.2588023333,208.7113333,0.154365
265.5,0.9872576667,209.0926667,0.1598163333
265.4,1.084208333,208.617,0.1530283333
265.3,1.044257333,208.5936667,0.1526886667
265.2,0.9104536667,209.2203333,0.1616423333
265.1,0.3770403333,208.499,0.1513483333
265,0.2860836667,208.6846667,0.153999
264.9,0.5734386667,209.0406667,0.159082
264.8,0.01033566667,209.571,0.1666313333
264.7,1.354247667,209.088,0.1597503333
264.6,0.7002732333,208.742,0.1547973333
264.5,0.6489476667,209.5023333,0.165647
264.4,0.8376823333,209.5366667,0.1661506667
264.3,1.013302333,209.3063333,0.1628666667
264.2,0.981949,208.8713333,0.1566486667
264.1,-0.0506618,209.169,0.1609073333
264,1.208673667,208.757,0.1550346667
263.9,1.184227333,208.997,0.1584566667
263.8,-0.357873,209.4856667,0.165423
263.7,0.1844723333,209.4833333,0.165386
263.6,0.2978096667,208.7406667,0.154764
263.5,1.568323333,209.3196667,0.163057
263.4,0.4385056667,209.8706667,0.1708993333
263.3,-0.3425186667,209.8746667,0.1709583333
263.2,1.288603333,209.6486667,0.1677483333
263.1,-0.275969,210.015,0.1729516667
263,0.3895243333,210.0406667,0.173315
262.9,0.3282820333,209.6496667,0.167755
262.8,0.4217956667,209.3756667,0.1638376667
262.7,-0.4233026667,209.355,0.1635366667
262.6,-0.359602,210.2766667,0.176661
262.5,1.141647,209.5853333,0.1668393333
262.4,0.9049213333,209.5403333,0.166201
262.3,0.6579313333,210.2966667,0.176955
262.2,0.7804043333,209.559,0.1664356667
262.1,0.7906948,209.8196667,0.1701753333
262,0.9304473333,210.2403333,0.1761486667
261.9,0.6207436667,209.2556667,0.1621423333
261.8,0.6712345333,209.869,0.1708686667
261.7,-0.2817893333,209.5176667,0.1658823333
261.6,0.5884936667,210.0593333,0.173585
261.5,0.7782923333,209.6566667,0.1678586667
261.4,0.1902685517,210.082,0.1739096667
261.3,0.3083043333,209.7903333,0.169757
261.2,-0.632376,209.9676667,0.1722813333
261.1,1.575582667,209.9943333,0.1726583333
261,-0.07254733333,210.0056667,0.1728243333
260.9,0.04181966667,210.5146667,0.1800453333
260.8,-0.03466733333,209.89,0.171181
260.7,0.7341386667,209.7373333,0.1690106667
260.6,0.5380117333,209.9703333,0.1723166667
260.5,1.847326667,210.4346667,0.1789146667
260.4,0.3789443333,210.0603333,0.1736003333
260.3,0.3384656667,209.8236667,0.170231
260.2,0.74719,210.3316667,0.1774543333
260.1,0.9186343333,210.3903333,0.1782846667
260,0.00985,210.0673333,0.1736976667
259.9,0.711685,210.7883333,0.1839193333
259.8,0.344675,210.331,0.1774323333
259.7,0.1561293333,210.403,0.1784663333
259.6,1.208380367,210.941,0.186067
259.5,1.093081667,210.144,0.1747833333
259.4,0.829308,210.6196667,0.1815396667
259.3,-0.5537217667,211.051,0.1876473333
259.2,1.42235,210.8383333,0.1846326667
259.1,0.4710296667,210.9616667,0.1863863333
259,0.9381539,210.041,0.1733156667
258.9,0.7512043333,210.795,0.184026
258.8,0.06020066667,210.4403333,0.1789933333
258.7,-0.04316096667,210.8343333,0.1845836667
258.6,1.394881333,211.0433333,0.1875296667
258.5,0.8420706667,210.7393333,0.183233
258.4,0.2686456667,211.2063333,0.189846
258.3,0.2834136667,211.9063333,0.1997336667
258.2,1.087299333,210.9906667,0.186798
258.1,-0.6651963333,210.8423333,0.1847016667
258,1.393808667,210.3836667,0.1781923333
257.9,1.605000333,210.9296667,0.1859306667
257.8,0.452039,210.9453333,0.186151
257.7,0.2609346667,210.459,0.1792333333
257.6,0.675429,211.4423333,0.1931833333
257.5,1.704982,210.9593333,0.1863536667
257.4,0.662021,211.6993333,0.196821
257.3,0.3711943333,211.0036667,0.1869796667
257.2,1.2950732,210.975,0.1865666667
257.1,-0.4957813333,211.8596667,0.19908
257,1.187405333,210.76,0.183523
256.9,-0.3976273333,211.207,0.1898546667
256.8,0.097427,211.5123333,0.194175
256.7,1.60806,211.7653333,0.1977346667
256.6,1.382426667,211.5713333,0.195002
256.5,0.2160053333,211.4123333,0.1927363333
256.4,0.9879523333,211.0586667,0.1877603333
256.3,1.479807667,211.318,0.1914233333
256.2,0.2193186667,211.4663333,0.1935226667
256.1,1.30867,211.7363333,0.197338
256,1.196046667,211.992,0.2009296667
255.9,0.4813073333,211.667,0.1963373333
255.8,-0.1370155333,211.974,0.2006953333
255.7,0.6072459333,211.0673333,0.1878826667
255.6,1.2620052,211.6416667,0.1960006667
255.5,0.8104273333,211.9126667,0.199827
255.4,0.5335716667,212.1596667,0.2033056667
255.3,1.064919933,211.7623333,0.197703
255.2,1.168111,211.966,0.2005583333
255.1,0.6497773333,211.6203333,0.1957056667
255,0.234934,211.6846667,0.196608
254.9,0.0799649,212.0263333,0.2014253333
254.8,0.8027283333,212.0386667,0.2016026667
254.7,0.161918,211.714,0.1970186667
254.6,0.6293973333,211.949,0.2003443333
254.5,0.6539336667,212.5183333,0.2083346667
254.4,-0.045422,212.042,0.2016446667
254.3,0.7661106667,211.5396667,0.1945576667
254.2,0.1094745333,212.328,0.205673
254.1,0.9415289,211.9846667,0.2008423333
254,0.065398,212.4513333,0.2074176667
253.9,0.870063,212.287,0.205102
253.8,0.7221956667,211.7183333,0.1970556667
253.7,1.604686667,212.2603333,0.2047173333
253.6,0.7157454933,212.2993333,0.205264
253.5,0.833727,212.815,0.2125283333
253.4,1.601193,212.9026667,0.2137536667
253.3,0.8645003333,212.6613333,0.210369
253.2,0.9321276667,212.54,0.2086653333
253.1,0.9534553333,212.556,0.20889
253,0.8418963333,212.414,0.2068843333
252.9,0.7170776667,212.7196667,0.2111913333
252.8,0.2161586667,212.597,0.2094626667
252.7,1.46369,212.8486667,0.213006
252.6,1.26012,212.5306667,0.2085283333
252.5,0.3499416667,212.6786667,0.2106226667
252.4,0.09571466667,212.495,0.2080336667
252.3,0.764398,213.518,0.2223786667
252.2,0.2362806667,212.4836667,0.207863
252.1,0.8142887,212.75,0.211619
252,0.936096,212.678,0.2106113333
251.9,0.6823275,212.523,0.208424
251.8,-0.4325766667,212.7613333,0.2117756667
251.7,0.8721156667,212.6816667,0.210652
251.6,0.217873,212.816,0.212548
251.5,1.152101333,213.2126667,0.2181196667
251.4,0.296406,213.2746667,0.2189796667
251.3,0.65264,213.5593333,0.2229846667
251.2,1.254897667,213.0933333,0.216445
251.1,1.068456,213.7766667,0.226027
251,0.8456836667,213.4306667,0.221176
250.9,0.1461666667,213.5236667,0.2224706667
250.8,-0.03753133333,213.3846667,0.220528
250.7,0.6810166667,213.0553333,0.2158983333
250.6,0.8206096667,213.9203333,0.228043
250.5,-0.1560096667,213.862,0.227216
250.4,0.7514450333,212.8116667,0.2124836667
250.3,1.193681667,212.815,0.212518
250.2,-1.039050333,214.1513333,0.231271
250.1,1.501311,213.6713333,0.2245473333
250,-0.1793573333,213.6193333,0.223811
249.9,1.616374,213.5556667,0.2229286667
249.8,1.149677,214.0306667,0.2295846667
249.7,0.7643333333,213.9586667,0.2285416667
249.6,0.2937296667,214.0926667,0.230413
249.5,-0.013755,213.7193333,0.2252123333
249.4,1.768424333,213.2056667,0.218005
249.3,0.02023586667,213.6916667,0.224835
249.2,-0.02291533333,214.0903333,0.2304176667
249.1,-0.087349,213.986,0.2289506667
249,1.3052,214.0566667,0.229935
248.9,1.31201,214.215,0.232156
248.8,0.165181,213.8746667,0.2273896667
248.7,0.6633267667,214.168,0.2314966667
248.6,0.7285393333,213.93,0.2281796667
248.5,1.267819,214.2523333,0.2326793333
248.4,0.1909556667,213.5553333,0.2229163333
248.3,-1.252892333,214.0996667,0.2305406667
248.2,0.71773,213.897,0.227714
248.1,1.483795767,214.248,0.2326063333
248,0.7521966667,214.355,0.2341163333
247.9,0.51568,214.1316667,0.2309966667
247.8,0.860638,214.262,0.2328186667
247.7,1.127535,214.142,0.231144
247.6,1.304426667,214.504,0.2361843333
247.5,1.600889,214.342,0.2339203333
247.4,0.8094166667,215.09,0.244365
247.3,0.6229096667,214.5253333,0.2364976667
247.2,0.586645,213.8376667,0.226875
247.1,0.8755286667,214.3396667,0.2339006667
247,0.7701563333,214.3253333,0.2337
246.9,1.474111667,214.1003333,0.230535
246.8,1.573736333,213.9343333,0.228215
246.7,0.368295,214.878,0.24141
246.6,0.3258533667,215.14,0.245072
246.5,0.4667233333,214.2123333,0.2321223333
246.4,2.350253333,215.0806667,0.2442443333
246.3,1.203267333,214.6983333,0.238903
246.2,1.006122267,214.9483333,0.2423876667
246.1,0.5712926667,214.597,0.2374996667
246,0.4852056667,215.2876667,0.2471233333
245.9,0.6248736667,214.3836667,0.2345203333
245.8,0.5084513333,214.8563333,0.2411096667
245.7,1.110318533,214.8793333,0.241438
245.6,0.9556036667,215.0533333,0.243869
245.5,1.93608,214.993,0.2430223333
245.4,0.7138913333,214.928,0.2421213333
245.3,1.451972667,215.05,0.243796
245.2,2.067016667,214.771,0.239929
245.1,1.976906667,215.4793333,0.2497916667
245,1.589927,215.1613333,0.245363
244.9,0.4650293333,214.8643333,0.2412293333
244.8,-0.6773073333,215.5393333,0.2506073333
244.7,0.2284343333,214.8123333,0.2404986667
244.6,0.4448516667,214.8163333,0.2405586667
244.5,1.569120333,214.1173333,0.2307753333
244.4,-0.1296476667,215.598,0.2514496667
244.3,0.6834573333,215.315,0.2475046667
244.2,0.808997,215.9873333,0.2568576667
244.1,1.31162,216.1383333,0.258929
244,1.574530667,215.2563333,0.2466896667
243.9,0.7976866667,215.1326667,0.2449636667
243.8,0.41587,215.8493333,0.254941
243.7,1.350467,215.457,0.2494843333
243.6,1.98076,215.364,0.2481753333
243.5,0.6799390667,216.3123333,0.2613453333
243.4,0.001566666667,216.0356667,0.2575056667
243.3,1.41536392,216.49,0.2638363333
243.2,1.126712,216.064,0.2579236667
243.1,0.3085415667,216.0866667,0.2582396667
243,0.02778433333,216.1203333,0.2587013333
242.9,0.1192648333,216.1856667,0.2596123333
242.8,0.6524816667,216.224,0.2601193333
242.7,0.8983454,216.6256667,0.26571
242.6,1.289673233,216.3523333,0.2619253333
242.5,0.319634,216.24,0.2603563333
242.4,0.885781,216.7626667,0.2675943333
242.3,1.306167333,215.813,0.254427
242.2,-0.01403733333,216.073,0.2580243333
242.1,-0.6265636667,216.2183333,0.260064
242,1.359485333,216.326,0.261556
241.9,1.218232667,216.082,0.25817
241.8,0.226277,216.6533333,0.266091
241.7,0.319567,216.486,0.2637733333
241.6,-0.25281776,216.844,0.268725
241.5,0.4732373333,217.0516667,0.2716096667
241.4,0.3757796667,216.4213333,0.262875
241.3,1.096376,216.8396667,0.2686653333
241.2,1.399746667,216.905,0.2695823333
241.1,1.376599333,217.4976667,0.2777796667
241,0.7114998333,217.218,0.273905
240.9,1.285937333,217.7563333,0.2813183333
240.8,0.005413333333,217.322,0.2753326667
240.7,0.2049306667,217.5403333,0.2783623333
240.6,0.4667229333,217.5023333,0.277842
240.5,0.364179,217.9313333,0.283745
240.4,1.281137667,217.6396667,0.279728
240.3,0.890484,217.5686667,0.2787503333
240.2,1.083233333,217.6523333,0.279908
240.1,0.3372826667,217.9006667,0.2833333333
240,1.193219667,217.6203333,0.279462
239.9,0.6104043333,218.4186667,0.2904666667
239.8,0.90824,218.297,0.2887946667
239.7,0.3956443333,218.16,0.2869063333
239.6,1.806981,218.1533333,0.286815
239.5,0.4589866667,219.022,0.2987406667
239.4,1.125971333,218.7676667,0.29527
239.3,1.326587,218.7876667,0.2955426667
239.2,1.221329333,218.181,0.2871883333
239.1,0.152945,219.528,0.3057
239,0.3692901667,218.6056667,0.2930396667
238.9,0.917171,218.9976667,0.298429
238.8,1.732961667,219.1126667,0.3
238.7,0.232483,218.1186667,0.2863343333
238.6,1.822387667,219.447,0.3045843333
238.5,0.127961,219.7253333,0.3084033333
238.4,0.2358110667,219.1286667,0.3002263333
238.3,1.525914,219.1376667,0.3003513333
238.2,1.215194,219.2883333,0.302415
238.1,0.6386036667,220.25,0.315582
238,0.6930666667,219.279,0.302284
237.9,1.596684,219.947,0.3114383333
237.8,1.68897,219.679,0.307774
237.7,0.9937786667,219.848,0.3100816667
237.6,0.3496083333,219.7786667,0.3091333333
237.5,1.407403333,219.9316667,0.311231
237.4,0.296651,219.685,0.307839
237.3,1.863886667,219.951,0.3114916667
237.2,0.9105103333,220.448,0.3182893333
237.1,0.615925,220.575,0.3200216667
237,-0.808484,221.073,0.326815
236.9,1.820422,220.7703333,0.322685
236.8,0.3485503333,220.3416667,0.3168246667
236.7,0.274622,220.937,0.324956
236.6,1.129595333,221.1766667,0.328225
236.5,1.094133333,221.1476667,0.327818
236.4,0.391987,220.8386667,0.323615
236.3,0.70721239,220.8773333,0.324145
236.2,1.210339333,221.507,0.3327186667
236.1,0.09033,220.6263333,0.3207226667
236,0.4467173333,221.0143333,0.3260136667
235.9,0.5706766667,221.1293333,0.3275796667
235.8,1.76712,220.8073333,0.3231896667
235.7,0.02717366667,221.4676667,0.3321816667
235.6,1.536877997,221.6206667,0.3342693333
235.5,0.815018,221.936,0.3385553333
235.4,1.958456667,222.4966667,0.346159
235.3,0.2793876667,222.4156667,0.345053
235.2,0.4227666667,221.7553333,0.336082
235.1,0.1485030667,221.6383333,0.3344913333
235,0.4546506667,222.252,0.342842
234.9,0.8004433333,222.2613333,0.342968
234.8,1.499512333,222.3753333,0.3445136667
234.7,-0.06833333333,222.984,0.3527536667
234.6,0.3992533667,223.1103333,0.354465
234.5,1.54901,223.168,0.3552426667
234.4,0.351107,223.339,0.3575546667
234.3,2.351298333,223.7613333,0.3632566667
234.2,1.082530667,223.013,0.3531446667
234.1,0.8357853333,223.0633333,0.3538066667
234,1.558190667,223.733,0.3628786667
233.9,0.281904,223.0076667,0.3530786667
233.8,0.906186,223.875,0.3647896667
233.7,-0.01321466667,223.4523333,0.35908
233.6,0.2055983333,224.2026667,0.369205
233.5,0.3525636667,224.684,0.3756816667
233.4,0.7817846667,224.4313333,0.372282
233.3,1.236458333,224.5663333,0.374058
233.2,-0.3820236667,224.5663333,0.3741003333
233.1,0.09913066667,224.9,0.378564
233,0.756088,225.2826667,0.38371
232.9,0.7231263333,224.5933333,0.3744566667
232.8,1.796450667,225.7296667,0.3897113333
232.7,0.7712593333,225.8256667,0.390998
232.6,1.465283333,226.5683333,0.4009206667
232.5,0.772792,225.92,0.3922603333
232.4,0.8832636667,225.899,0.391979
232.3,1.306659333,226.126,0.395018
232.2,2.41066,226.0536667,0.3940263333
232.1,0.250778,226.6273333,0.401712
232,0.3326856667,227.3803333,0.411747
231.9,-0.737996,227.0953333,0.4079553333
231.8,1.32146,227.582,0.4144343333
231.7,0.444501,227.64,0.4151966667
231.6,0.79418,227.6913333,0.4158856667
231.5,0.717977,228.0403333,0.4205173333
231.4,0.293296,228.1163333,0.4215326667
231.3,1.266223333,228.205,0.4227096667
231.2,1.833683333,228.012,0.4201356667
231.1,0.7077663,228.337,0.424463
231,0.174963,228.483,0.426398
230.9,2.580924667,228.5543333,0.427333
230.8,0.4826743333,229.0626667,0.434077
230.7,0.3599073333,228.735,0.4297246667
230.6,1.764027667,229.1986667,0.435871
230.5,0.05454466667,229.32,0.4374696667
230.4,1.935975667,229.9763333,0.446143
230.3,1.258200333,229.635,0.4416423333
230.2,0.5861543333,229.74,0.4430286667
230.1,0.6519333333,230.545,0.4536263333
230,1.240584667,230.5246667,0.4533733333
229.9,1.487322667,231.041,0.4601606667
229.8,2.589736667,230.5576667,0.453806
229.7,1.964763333,231.5833333,0.467276
229.6,-1.261456,231.1026667,0.4609496667
229.5,1.12394816,231.613,0.4676666667
229.4,1.229108333,231.644,0.4680716667
229.3,0.2132536667,232.049,0.4733656667
229.2,1.357826667,232.2606667,0.47614
229.1,0.5358433333,233.78,0.49596
229,1.67176,233.834,0.4966716667
228.9,0.775516,234.1406667,0.5006476667
228.8,0.101238,234.346,0.5033203333
228.7,-0.1088666667,234.5086667,0.505431
228.6,0.1774136667,235.1196667,0.5133533333
228.5,1.5023173,235.6753333,0.520538
228.4,0.846854,236.0673333,0.5256086667
228.3,1.494563667,235.728,0.5212263333
228.2,0.2428233333,236.1343333,0.5264606667
228.1,0.02418766667,237.069,0.5385036667
228,0.5727114333,237.4233333,0.543062
227.9,1.076853,238.14,0.55225
227.8,0.3646233333,238.554,0.5575593333
227.7,0.6597032633,238.914,0.5621536667
227.6,0.990281,238.3603333,0.555066
227.5,2.33328,239.198,0.565787
227.4,0.225655,239.9383333,0.5752313333
227.3,1.754706,240.6726667,0.5845676667
227.2,-0.2543926667,240.968,0.5882926667
227.1,0.7071813333,241.7753333,0.598542
227,1.039529,243.1033333,0.615306
226.9,1.726703333,243,0.6139953333
226.8,1.405473767,243.0936667,0.615179
226.7,0.3294896667,243.7986667,0.624062
226.6,-0.1932036667,244.0263333,0.626918
226.5,1.022945,245.0233333,0.6394116667
226.4,1.5995,244.9256667,0.6381966667
226.3,-0.4062904667,246.308,0.655463
226.2,1.066749667,245.861,0.6498813333
226.1,1.382918333,246.978,0.663799
226,1.661836067,247.784,0.6738016667
225.9,0.9060826667,248.373,0.6811
225.8,1.037714333,248.6793333,0.684887
225.7,0.5157853333,249.5346667,0.6954516667
225.6,1.007302667,251.0346667,0.7138803333
225.5,-0.504988,251.2153333,0.716081
225.4,2.76015,252.903,0.7367453333
225.3,0.4515806667,252.3336667,0.729793
225.2,-1.578432,254.5853333,0.757192
225.1,1.2361768,254.1123333,0.7514546667
225,0.1325613333,255.063,0.762978
224.9,3.076326667,255.9946667,0.7742373333
224.8,1.495665,256.6063333,0.7816133333
224.7,2.414810667,257.7533333,0.795393
224.6,1.444112667,258.6023333,0.8055696667
224.5,0.4316636667,259.2706667,0.81356
224.4,-0.06114933333,260.3506667,0.8264406667
224.3,0.6603403333,261.0036667,0.8341936667
224.2,2.61938,261.8743333,0.8445373333
224.1,1.424862333,263.2086667,0.8602883333
224,-0.1325433333,263.9646667,0.869208
223.9,1.404583,265.1546667,0.8831766667
223.8,2.455692667,265.2853333,0.884697
223.7,2.327846667,267.2493333,0.9076546667
223.6,0.8262059067,267.8206667,0.9143023333
223.5,0.3079093333,269.1906667,0.9301983333
223.4,0.6372093333,270.2753333,0.9427336667
223.3,0.7767236667,271.685,0.9589543333
223.2,-0.3629533333,273.4753333,0.9794656667
223.1,-0.172576,274.4126667,0.9901623333
223,0.05067733333,275.2343333,0.9995106667
222.9,1.192334667,276.942,1.018866667
222.8,0.5413273333,278.8516667,1.040396667
222.7,3.053947333,280.29,1.05653
222.6,-0.3501733333,281.666,1.0719
222.5,2.34495,283.2166667,1.08915
222.4,1.939555333,284.5123333,1.103496667
222.3,1.531624667,284.7673333,1.10632
222.2,2.129666667,286.7906667,1.128606667
222.1,0.47727,288.1706667,1.14373
222,2.500587,289.2463333,1.155476667
221.9,1.263815667,290.7286667,1.171603333
221.8,0.5599463333,292.7966667,1.194003333
221.7,-0.1817066667,294.318,1.210383333
221.6,1.766619,296.1523333,1.230043333
221.5,0.02177066667,297.2616667,1.241883333
221.4,2.1208,299.5133333,1.265813333
221.3,-2.859732367,301.1846667,1.283476667
221.2,-2.690967,303.1546667,1.30419
221.1,3.349683333,305.241,1.326006667
221,1.689924333,306.5306667,1.33942
220.9,-0.831569,308.8906667,1.36387
220.8,-1.130932,311.1806667,1.38743
220.7,2.62891,312.4873333,1.400823333
220.6,-2.346234667,315.3373333,1.42985
220.5,0.5764856667,318.1853333,1.45864
220.4,-3.535982,320.7683333,1.484566667
220.3,-1.760681067,322.6286667,1.50313
220.2,2.132998,323.3096667,1.5099
220.1,6.534266667,326.888,1.545296667
220,-0.5090296667,329.335,1.569323333
219.9,-1.442561667,331.1496667,1.587036667
219.8,3.788917667,334.2003333,1.61664
219.7,1.433644667,336.3323333,1.63719
219.6,4.188183667,338.7653333,1.660513333
219.5,2.789846667,340.9163333,1.681016667
219.4,-1.779223333,343.8696667,1.708993333
219.3,-1.106123333,346.2813333,1.73169
219.2,3.934573283,350.386,1.77001
219.1,2.9034274,351.4856667,1.780213333
219,0.4853,354.776,1.810586667
218.9,1.172323333,357.5326667,1.83585
218.8,4.31553,361.0073333,1.867463333
218.7,3.284386667,363.7526667,1.89227
218.6,2.125284167,366.409,1.916113333
218.5,-4.686153333,370.137,1.94933
218.4,2.937026667,372.8776667,1.973576667
218.3,-0.45782,376.5806667,2.006096667
218.2,-1.930216667,379.4283333,2.030926667
218.1,-3.086376667,385.0603333,2.07957
218,2.705966667,387.2513333,2.098333333
217.9,-2.023176667,391.7273333,2.13639
217.8,-0.43301,394.5936667,2.160566667
217.7,1.987722667,400.176,2.20723
217.6,0.5223853333,403.1823333,2.23214
217.5,-1.730913333,409.092,2.280643333
217.4,2.54916,412.1973333,2.3059
217.3,0.30586,417.093,2.345386667
217.2,-4.02645,421.5193333,2.380753333
217.1,0.071967,426.2743333,2.4184
217,-2.136096667,430.9563333,2.455133333
216.9,-8.38935,436.2906667,2.496563333
216.8,-6.804376667,440.8703333,2.531796667
216.7,-5.209817333,445.631,2.568096667
216.6,-7.069573333,449.7096667,2.598936667
216.5,-3.161849667,455.0276667,2.638803333
216.4,5.589045667,457.936,2.66043
216.3,4.749693333,461.9936667,2.690413333
216.2,-7.736523333,467.3523333,2.729686667
216.1,3.161023333,471.832,2.762223333
216,6.189766667,476.956,2.799106667
215.9,5.1635,481.3206667,2.830273333
215.8,8.428115233,486.6043333,2.86768
215.7,0.9314466667,490.3833333,2.894226667
215.6,6.857495,495.0906667,2.92705
215.5,3.706193333,500.394,2.96371
215.4,-0.884932,506.0143333,3.002213333
215.3,6.767323333,511.214,3.03751
215.2,-5.0341,515.955,3.069423333
215.1,-0.6587166667,522.3016667,3.11177
215,-1.611144667,526.3,3.13822
214.9,0.7732233333,531.7336667,3.173896667
214.8,-0.3708756667,536.9146667,3.207626667
214.7,-6.040727667,543.5986667,3.250736667
214.6,4.311978333,548.951,3.284936667
214.5,0.7950166667,554.0683333,3.317363333
214.4,-0.8895933333,559.399,3.350883333
214.3,0.6660786667,563.699,3.377723333
214.2,-7.42664,570.1803333,3.417836667
214.1,3.437886667,576.2573333,3.455123333
214,-0.666903,582.084,3.49055
213.9,-1.280663333,587.462,3.52298
213.8,-0.6009866667,593.1053333,3.55674
213.7,-3.326146333,599.663,3.59563
213.6,-3.810576667,603.5726667,3.61864
213.5,-0.5363733333,609.319,3.652236667
213.4,12.55923,615.3193333,3.687033333
213.3,-3.364653333,621.862,3.72465
213.2,-2.435916667,628.015,3.759713333
213.1,-4.307873333,633.1173333,3.788566667
213,-3.960843333,638.8276667,3.82063
212.9,1.251236667,644.063,3.849803333
212.8,9.410023333,649.969,3.88249
212.7,-6.915426667,655.7136667,3.914026667
212.6,4.828143667,662.425,3.95058
212.5,0.2135866667,668.8643333,3.98536
212.4,0.653259,674.4293333,4.015183333
212.3,-8.56354,682.2123333,4.056543333
212.2,4.424953333,687.9013333,4.086523333
212.1,-5.466243333,694.634,4.12173
212,4.903513333,702.291,4.16142
211.9,5.436116667,707.969,4.19061
211.8,-3.294976667,714.8753333,4.225853333
211.7,3.782473333,720.9833333,4.256773333
211.6,-3.219866267,727.0056667,4.287046667
211.5,4.759441667,731.8553333,4.31127
211.4,1.042843333,737.9113333,4.341323333
211.3,0.80984,743.7413333,4.37006
211.2,-5.626783333,748.153,4.391676667
211.1,-9.282113333,753.8223333,4.419296667
211,-8.486506667,759.0366667,4.444543333
210.9,-3.66398,764.9656667,4.473073333
210.8,1.483969733,769.9203333,4.496763333
210.7,-1.314173333,775.0246667,4.521043333
210.6,1.17344,779.5783333,4.54258
210.5,-3.6930361,785.084,4.568476667
210.4,-4.235535333,789.986,4.591406667
210.3,-2.467293333,795.2663333,4.615973333
210.2,1.471606333,798.904,4.632816667
210.1,3.511347667,804.1246667,4.656866667
210,-3.171807333,808.126,4.675213333
209.9,-3.53897,812.7446667,4.696293333
209.8,2.512576667,818.691,4.723283333
209.7,-0.4440333333,821.9283333,4.737903333
209.6,-0.3624933333,827.3973333,4.7625
209.5,3.369203333,832.481,4.785233333
209.4,1.212992667,836.108,4.801376667
209.3,-5.789263333,839.8326667,4.8179
209.2,0.15126,843.6843333,4.834916667
209.1,-0.03271666667,847.9516667,4.85369
209,2.364435333,849.9433333,4.86243
208.9,-1.114523333,852.0303333,4.871563333
208.8,0.3226526667,855.588,4.88709
208.7,-4.287319,857,4.89324
208.6,-5.311086333,859.885,4.905773333
208.5,3.50887,861.7586667,4.913893333
208.4,-3.287833333,864.2643333,4.924726667
208.3,-3.177213333,865.741,4.931103333
208.2,-1.43055,868.4926667,4.94295
208.1,0.7285933333,871.288,4.95496
208,6.032423333,871.7933333,4.957126667
207.9,-5.413405,873.563,4.964706667
207.8,1.89785,876.9483333,4.979166667
207.7,8.990958733,877.1903333,4.9802
207.6,-8.49695,878.353,4.985156667
207.5,-3.369739333,879.59,4.990423333
207.4,4.477373333,879.462,4.989876667
207.3,2.471766667,880.635,4.994863333
207.2,-3.776418,881.5483333,4.998746667
207.1,-0.4101066667,881.1383333,4.997006667
207,7.107246667,881.395,4.998096667
206.9,7.952166667,881.5376667,4.998703333
206.8,1.06832,881.4893333,4.9985
206.7,0.3225966667,880.469,4.994163333
206.6,3.233113333,880.092,4.992556667
206.5,2.85065,880.4263333,4.99398
206.4,6.544713333,878.994,4.987886667
206.3,5.070256667,879.079,4.98825
206.2,-4.94591,877.8536667,4.98303
206.1,1.266416667,876.5373333,4.97742
206,3.912573333,875.809,4.974306667
205.9,3.667874,874.9113333,4.97047
205.8,3.86703,873.3933333,4.96398
205.7,-1.354313333,871.887,4.957526667
205.6,3.266811,869.8286667,4.948693333
205.5,-1.123896667,868.5473333,4.943186667
205.4,4.15806,866.4056667,4.933963333
205.3,0.4957833333,865.5486667,4.93027
205.2,8.972743333,862.993,4.91923
205.1,0.1816453333,860.4736667,4.90832
205,-0.5610226667,858.9686667,4.901793333
204.9,2.409006667,857.0963333,4.893653333
204.8,-8.784513333,854.1556667,4.880846667
204.7,8.196886667,852.397,4.873163333
204.6,-4.71405,850.9056667,4.866643333
204.5,0.2053580667,848.3566667,4.855473333
204.4,5.286787,845.6956667,4.843776667
204.3,18.12446667,842.806,4.83104
204.2,4.30931,840.6593333,4.821556667
204.1,0.4687666667,839.0953333,4.814633333
204,-3.349523333,836.783,4.804376667
203.9,-3.563536667,834.9523333,4.79624
203.8,1.92124,831.0663333,4.77892
203.7,2.811776333,829.213,4.77063
203.6,11.89905333,826.4396667,4.7582
203.5,-7.19459,824.7853333,4.75077
203.4,6.347023,822.7713333,4.741706667
203.3,-0.8936766667,820.972,4.733593333
203.2,-3.55033,818.7206667,4.72342
203.1,0.7813083333,817.0186667,4.71571
203,-0.38646,814.505,4.704303333
202.9,2.85116,812.7423333,4.69628
202.8,0.7170366667,810.455,4.685856667
202.7,3.594185667,808.9066667,4.678783333
202.6,-1.313866667,808.837,4.678466667
202.5,0.3132005667,805.793,4.66453
202.4,2.517786667,804.131,4.6569
202.3,8.557996667,802.516,4.64947
202.2,-0.1844876667,800.8953333,4.642003333
202.1,-1.816471767,799.697,4.636473333
202,10.92172667,797.7706667,4.627576667
201.9,-5.523546667,797.129,4.624603333
201.8,1.05725,794.992,4.6147
201.7,4.844621,795.0746667,4.61508
201.6,5.447467333,794.0013333,4.610103333
201.5,-0.6037843333,793.4943333,4.607746667
201.4,2.6662,792.8393333,4.604696667
201.3,1.844703,791.9163333,4.600403333
201.2,-9.016736667,792.0523333,4.601036667
201.1,5.6096,792.9456667,4.605193333
201,-0.14301,793.1913333,4.606333333
200.9,3.12005,792.8043333,4.604536667
200.8,0.7322066667,793.0523333,4.605693333
200.7,-7.158866667,794.0103333,4.61014
200.6,4.85557,794.7886667,4.613756667
200.5,0.1043566667,795.961,4.619193333
200.4,-1.119276667,797.328,4.625523333
200.3,0.4900066667,799.166,4.634026667
200.2,2.052098333,800.025,4.637986667
200.1,3.17695,802.7373333,4.650486667
200,-1.511783333,804.2463333,4.657426667
199.9,-1.026518667,807.2946667,4.67141
199.8,0.03865666667,809.8133333,4.682926667
199.7,4.411786667,812.2303333,4.69395
199.6,-7.67766,815.0033333,4.706566667
199.5,-5.463773333,818.5613333,4.722696667
199.4,3.344642333,820.243,4.7303
199.3,6.287303333,824.7536667,4.750623333
199.2,0.7866433333,828.0486667,4.76542
199.1,-1.245687,831.45,4.780633333
199,-1.04092,836.1806667,4.801703333
198.9,-8.845633333,840.5496667,4.821076667
198.8,5.946116333,848.2086667,4.85482
198.7,-0.3183312667,853.7533333,4.87909
198.6,-4.499026667,860.712,4.90936
198.5,1.069406667,866.4733333,4.93426
198.4,0.8360633333,874.647,4.96934
198.3,-5.876036667,881.057,4.99666
198.2,-2.04797,887.5256667,5.02406
198.1,3.931783333,895.4863333,5.05753
198,9.75407,902.241,5.085743333
197.9,8.55469,913.5536667,5.132583333
197.8,-2.279303333,920.841,5.16249
197.7,4.580573333,929.652,5.19838
197.6,-0.47531,938.908,5.235773333
197.5,6.12347,947.9313333,5.27192
197.4,0.20372,958.414,5.31354
197.3,0.2106106667,971.1793333,5.3637
197.2,-1.3076,981.1786667,5.402596667
197.1,0.65122,991.4333333,5.44214
197,-3.481548333,1004.223333,5.490956667
196.9,1.681313333,1016.816667,5.53851
196.8,1.952563333,1030.773333,5.59062
196.7,-5.495616667,1042.813333,5.63509
196.6,4.29986,1056.393333,5.684723333
196.5,3.461226667,1067.92,5.726423333
196.4,-17.1744,1072.07,5.74133
196.3,-3.265616667,1074.203333,5.748976667
196.2,-1.436496667,1076.02,5.755483333
196.1,-13.97206,1076.303333,5.75649
196,-7.502123333,1076.586667,5.757496667
195.9,-0.7533896667,1075.833333,5.754816667
195.8,-2.281683333,1076.493333,5.75717
195.7,4.476339,1076.263333,5.756356667
195.6,-8.3939199,1075.89,5.755013333
195.5,0.3941133333,1075.906667,5.755063333
195.4,1.170496667,1076.733333,5.758023333
195.3,-5.4762,1076.346667,5.75665
195.2,2.45475,1076.536667,5.757336667
195.1,7.427177333,1076.223333,5.756213333
195,7.861596667,1076.403333,5.756856667
194.9,4.396936667,1076.65,5.757726667
194.8,-4.94631,1076.023333,5.75549
194.7,-2.978153667,1076.05,5.75558
194.6,-8.181973333,1076.966667,5.75887
194.5,4.52807,1076.576667,5.757456667
194.4,4.123903333,1076.55,5.757366667
194.3,9.559046667,1076.923333,5.758706667
194.2,0.9548466667,1077.466667,5.76065
194.1,5.69319,1076.58,5.757476667
194,5.886973667,1076.226667,5.756223333
193.9,10.22403667,1076.003333,5.755416667
193.8,4.375901333,1075.866667,5.75492
193.7,-5.315304333,1076.52,5.757266667
193.6,-6.38428,1076.75,5.758083333
193.5,-3.326336667,1076.496667,5.757193333
193.4,-0.32593,1076.66,5.757776667
193.3,-4.851673333,1077.543333,5.760926667
193.2,-3.550959333,1076.873333,5.758533333
193.1,7.807348333,1076.566667,5.757426667
193,4.727423333,1076.443333,5.756993333
192.9,-3.311616667,1077.01,5.759023333
192.8,3.447373333,1076.673333,5.757813333
192.7,-6.181404667,1077.646667,5.761286667
192.6,-6.311533333,1076.89,5.758583333
192.5,9.326973333,1077.293333,5.76003
192.4,-2.959624333,1076.843333,5.758423333
192.3,1.698618,1076.863333,5.758493333
192.2,2.93794,1076.973333,5.758896667
192.1,2.416253333,1077.403333,5.760426667
192,-0.9893433333,1077.173333,5.7596
191.9,-0.3177363333,1076.226667,5.756223333
191.8,0.59449,1076.6,5.757563333
191.7,2.939906667,1076.95,5.758806667
191.6,5.285366667,1076.83,5.758376667
191.5,1.18291,1077.253333,5.759883333
191.4,0.4434933333,1076.803333,5.758276667
191.3,-5.736634033,1077.363333,5.76028
191.2,5.069543333,1076.656667,5.757756667
191.1,0.9641333333,1077.546667,5.760933333
191,-3.752906667,1076.863333,5.75849
190.9,4.542363333,1077.123333,5.759423333
190.8,0.4622403333,1077.2,5.759693333
190.7,-4.900926667,1076.96,5.758843333
190.6,7.440736667,1077.226667,5.759786667
190.5,-2.350943333,1076.373333,5.756743333
190.4,-5.9547,1077.623333,5.761206667
190.3,-4.49682,1077.043333,5.75914
190.2,2.316828667,1077.466667,5.760646667
190.1,-2.034313,1077.083333,5.75929
190,3.170073333,1077.15,5.759523333
,,,
##### Extended Information,,,
[Comments],,,
Sample name,TB TH  KD_ Buffer and Additive,,
Comment,Buffer and additive,,
User,Tara_ Kimani _ Tyler,,
Division,,,
Company,Saint Mary's College,,
,,,
[Detailed Information],,,
Creation date,9/29/2022 3:01 PM,,
,,,
Data array type,Linear data array * 3,,
Horizontal axis,Wavelength [nm],,
Vertical axis(1),CD [mdeg],,
Vertical axis(2),HT [V],,
Vertical axis(3),Abs,,
Start,320 nm,,
End,190 nm,,
Data interval,0.1 nm,,
Data points,1301,,
,,,
[Measurement Information],,,
Instrument name,J-1500,,
Model name,J-1500,,
Serial No.,B051061638,,
,,,
Detector,PM-539,,
Detector S/N,B051061638,,
Lock-in amp.,X mode,,
HT volt,Auto,,
,,,
Accessory,PTC-517,,
Accessory S/N,B026561646,,
Temperature,22.25 C,,
Control sensor,Holder,,
Monitor sensor,Holder,,
,,,
Measurement date,9/29/2022 3:01 PM,,
,,,
CD Overload detect,963,,
Photometric mode,CD,HT,Abs
Measure range,320 - 190 nm,,
Data pitch,0.1 nm,,
CD scale,20 mdeg/0.05 dOD,,
FL scale,20 mdeg/0.05 dOD,,
D.I.T.,8 msec,,
Bandwidth,2.00 nm,,
Start mode,Immediately,,
Scanning mode,Continuous,,
Scanning speed,200 nm/min,,
Baseline correction,None,,
Shutter control,Auto,,
No. of cycle,1/1,,
N2 Flowmeter,Manual,,
,,,
Solvent,NaPO4 buffer,,